PROLIFIC_PID,totalTime,PID,subjLR_3prm,subjD_3prm,subjp0_3prm,subjNLL_3prm,subjLRTp_3prm,qa:dec_%rt<300,qa:dec_%rt>10000,qa:dec_%Conseqs,qa:dec_instruxDur,qa:frat_%rt<300,qa:frat_%rt>10000,qa:frat_%Conseqs,qa:frat_instruxDur,qa:blurEv
5f2f86864fd821374b4367bc,317.618,,0.3795024918292689,0.43103663134013426,-1.0,208.77904362247625,0.006768032086410375,0.7803030303030303,0.007575757575757576,0.8712121212121212,2.0,0.0,0.0,0.8333333333333334,0.6,0.0
61492ac26b91b5b11ba2c88b,504.727,,0.1839583646170989,0.16904627412647616,-0.8649415604739009,192.7074772393351,3.320049199322437e-10,0.0,0.0,0.1590909090909091,7.36,0.0,0.0,0.0,29.62,0.0
60234c1d5a0cf81cba76ce5d,1140.393,,0.01429893896151424,0.8473309864054296,-0.16087874748534015,210.37064349471265,0.04162660992608437,0.0,0.05303030303030303,0.1590909090909091,22.99,0.0,0.3333333333333333,0.0,56.12,0.0
6362aca86b740b1ec4cb6efb,635.299,,0.09820146629956542,0.9999546021312976,-1.0,173.19137445097417,7.964024526823147e-19,0.3712121212121212,0.007575757575757576,0.20454545454545456,1.86,0.0,0.16666666666666666,0.0,65.18,4.0
60fcd2b146529d02f1566012,442.68,,0.11125308377702355,0.9999546021312976,-1.0,182.46823168377045,9.70439612231643e-15,0.0,0.0,0.38636363636363635,7.45,0.0,0.0,0.3333333333333333,24.14,0.0
63ed12d2c25b08ba24fe8a41,496.667,,0.5235965769956961,0.4765613904295072,0.07630354193087038,171.68761243934728,1.7381462668274472e-19,0.0,0.0,0.2196969696969697,6.32,0.0,0.0,0.3333333333333333,16.07,1.0
5d412a9013864b0015b14b31,324.832,,0.03754840671967365,4.5397868702434395e-05,-0.551766580414504,209.6063060078105,0.017169181337278423,0.6590909090909091,0.0,0.3484848484848485,4.58,0.0,0.0,0.0,19.13,0.0
62ec219e5f3634408fb35580,462.284,,0.0768827590091127,0.9999546021312976,0.6054175460208772,201.5864818739901,3.1570784766824566e-06,0.1893939393939394,0.0,0.38636363636363635,10.25,0.0,0.0,0.0,29.29,0.0
594936ad4152bf0001bfd5cd,407.559,,0.626152200547187,0.8654138575735171,0.04626320174760621,173.81179834548033,1.4926401262571854e-18,0.0,0.0,0.3181818181818182,6.83,0.0,0.0,0.0,10.92,0.0
63d842d3e9626bd5fe5c17b1,675.732,,0.039050880079343105,0.9999546021312976,1.0,203.7206682092197,2.9492201406540756e-05,0.803030303030303,0.0,0.7121212121212122,9.1,0.0,0.0,0.0,47.24,1.0
631bc422eec20143118ad66b,316.584,,0.13637068856596352,4.5397868702434395e-05,1.0,166.85584941339147,1.3118541879561174e-21,0.8560606060606061,0.0,0.5151515151515151,6.89,0.0,0.0,0.5,4.68,1.0
58016c9f551314000145af58,471.173,,0.043208397383698985,4.5397868702434395e-05,-0.12603492648492823,207.5229488667443,0.001702281703267995,0.5909090909090909,0.0,0.5378787878787878,7.46,0.0,0.0,0.16666666666666666,21.06,2.0
63d1c10210ce566ce71616e8,419.72,,0.02449694035704579,0.04955705890043431,-0.15327594699395178,210.93547297650238,0.08220985421034799,0.4166666666666667,0.0,0.14393939393939395,5.71,0.0,0.0,0.16666666666666666,26.35,0.0
5e55e83cc65ccb5ed547cb04,622.936,,0.04795473408000075,0.4530827139476994,0.20662429523932763,210.68502265964187,0.06057527618542772,0.022727272727272728,0.0,0.022727272727272728,45.04,0.0,0.0,0.16666666666666666,50.17,0.0
63e5b3e89a3823139cb9d35e,335.92,,0.12481356271791823,0.10029177671898384,1.0,185.22087938797011,1.5946586213957936e-13,0.803030303030303,0.0,0.7424242424242424,7.36,0.0,0.0,0.16666666666666666,6.21,1.0
6400ea4cec0b310140841b2d,438.28,,0.039451576575688846,0.4087234372398046,-0.9573866357466077,199.24140106533716,2.7627794374980176e-07,0.22727272727272727,0.0,0.22727272727272727,10.95,0.0,0.0,0.0,15.38,0.0
6352b3c968388ef86f3556db,360.793,,0.1902148178052245,0.16009681031429432,1.0,173.96453436900921,1.7423151451118024e-18,0.14393939393939395,0.0,0.4318181818181818,2.11,0.0,0.0,0.0,8.86,0.0
63dc7b5bf451a34177b66c66,459.587,,0.21479920464284405,0.8402909707975116,-1.0,183.22764482936861,2.0997866649497893e-14,0.20454545454545456,0.0,0.3787878787878788,8.47,0.0,0.0,0.0,19.5,0.0
63d881ab484805569b553bd8,533.905,,0.027769464522686253,0.7047272443474563,0.5970279527390977,208.42754711428054,0.004584365999172263,0.12878787878787878,0.0,0.11363636363636363,4.48,0.0,0.0,0.0,28.24,0.0
63d43dc4b4b7a0e426a381cd,534.733,,0.1771375943419894,4.5397868702434395e-05,-0.07123950663493413,191.16460677616868,6.846303236617406e-11,0.0,0.0,0.32575757575757575,8.24,0.0,0.0,0.3333333333333333,19.36,0.0
5e7abb2c6c89e4000a180b4a,526.602,,0.22785204705851417,0.9999546021312976,-1.0,145.4006576497632,5.22063768484633e-31,0.0,0.0,0.45454545454545453,11.27,0.0,0.0,0.16666666666666666,30.92,0.0
63d42c21dc6f4d60e34cc337,503.41,,4.5397868702434395e-05,0.40592430778198335,0.8819615217070598,192.05601016220714,1.7040368414561652e-10,0.1893939393939394,0.0,0.16666666666666666,11.15,0.0,0.0,0.16666666666666666,33.53,0.0
62f6bc18e456bdf4bc90dd7b,1462.01,,0.07257329766813143,0.2524142758213519,-0.2610982892515934,209.4828390868341,0.014919655807780029,0.4015151515151515,0.022727272727272728,0.5454545454545454,22.21,0.0,0.0,0.16666666666666666,297.74,1.0
632aaef27780d596dc7e0a9f,667.598,,0.5024087950445945,0.8384321080428588,-0.49647295162623595,186.8939092694638,8.760896129077801e-13,0.0,0.0,0.25757575757575757,18.27,0.0,0.0,0.0,29.2,0.0
63d6873b65a6170d64a652f6,568.048,,0.08986305012738663,4.5397868702434395e-05,1.0,172.53228582905672,4.086621601797609e-19,0.007575757575757576,0.015151515151515152,0.49242424242424243,6.47,0.0,0.3333333333333333,0.0,37.95,0.0
633fa968afc8d3d2c0d8745c,449.022,,4.5397868702434395e-05,4.5397868702434395e-05,0.10592657834441165,212.07630533069548,0.3899819726538747,0.14393939393939395,0.0,0.26515151515151514,12.07,0.0,0.0,0.0,10.57,0.0
5c3161130cfe9a00012f71ff,282.039,,0.06567782758610204,4.5397868702434395e-05,0.7747682704459952,183.05579496816296,1.7632278846086917e-14,0.7954545454545454,0.0,0.5909090909090909,2.79,0.0,0.0,0.16666666666666666,2.4,0.0
5f1f3581b5cf3e103cc545c9,689.277,,0.1395207247044789,0.7411270971045092,-0.14717685882801226,200.56926321247394,1.0951983404264125e-06,0.0,0.007575757575757576,0.24242424242424243,10.55,0.0,0.0,0.16666666666666666,20.34,1.0
63d42387aba51e699ab9ce5c,283.1,,0.0018365732392976056,4.5397868702434395e-05,0.588651511382325,201.88782489842825,4.32312724566034e-06,0.6590909090909091,0.007575757575757576,0.06818181818181818,2.88,0.16666666666666666,0.0,0.0,4.94,0.0
5fa935b3d330fa0429da624a,389.613,,0.459984030935948,0.17566001545464635,1.0,183.3544389612153,2.3886670676986368e-14,0.007575757575757576,0.0,0.23484848484848486,2.54,0.0,0.0,0.0,5.89,0.0
63d97863bc1e08294519edd8,384.577,,0.16086233890862595,4.5397868702434395e-05,-1.0,182.89916192996003,1.50371516943692e-14,0.23484848484848486,0.0,0.6666666666666666,4.38,0.0,0.0,0.0,17.37,0.0
60fefd59226b2b1d87bc36db,802.65,,0.07356598325653423,4.5397868702434395e-05,0.5734016043695436,191.11967773707312,6.538905665284713e-11,0.015151515151515152,0.030303030303030304,0.3106060606060606,20.0,0.0,0.16666666666666666,0.16666666666666666,223.45,0.0
5f5691fb24d1090e6bcdf1ec,443.622,,0.34779093836247166,0.5044714147763707,-0.4796348372345158,199.65320389989202,4.232732580369904e-07,0.13636363636363635,0.0,0.1590909090909091,9.91,0.0,0.0,0.16666666666666666,33.45,0.0
5d5606cd4171ec00182e2b15,326.668,,0.09119283153293002,4.5397868702434395e-05,0.36246053502521414,193.86254918814387,1.084605332882604e-09,0.7727272727272727,0.007575757575757576,0.7121212121212122,5.8,0.16666666666666666,0.0,0.3333333333333333,4.92,1.0
6162341a644c08d5cca4b7bb,481.351,,0.05022579579548338,4.5397868702434395e-05,-0.12654442753297332,206.61308706036553,0.0006367206189041729,0.030303030303030304,0.0,0.25757575757575757,4.06,0.0,0.0,0.16666666666666666,31.98,0.0
6400de8f305c51d03c2a9a0e,380.175,,0.37772505246598614,0.7816064597059744,-0.5548533333722738,200.52287114435802,1.043657403921949e-06,0.24242424242424243,0.0,0.18181818181818182,1.94,0.0,0.0,0.0,8.9,0.0
5b184f9768a5ed0001734190,720.175,,0.024967334788720402,0.8468738301069729,-0.04827779548061222,210.92966316912418,0.08162311593215103,0.015151515151515152,0.0,0.2196969696969697,214.37,0.0,0.0,0.5,41.08,0.0
56b8de29e1d0a200051517f8,412.837,,0.15972836081429664,0.8093663767740982,-0.09486779717703396,204.05054507847743,4.174133941999757e-05,0.0,0.0,0.6893939393939394,9.92,0.0,0.0,0.16666666666666666,15.4,0.0
63fba157c9ebcb0ba6397872,377.702,,0.8148600693715737,0.20630347883235603,0.10586026922993912,194.75140032855796,2.7003407920658945e-09,0.30303030303030304,0.0,0.3333333333333333,2.81,0.0,0.0,0.3333333333333333,10.03,0.0
63e802622f8052bd67d6c5f0,381.973,,0.15078178369169318,0.4222987427454257,1.0,197.59195880817705,5.0235113636480395e-08,0.015151515151515152,0.0,0.29545454545454547,5.63,0.0,0.0,0.0,11.98,0.0
63d413840c9c512ac3dfc533,343.548,,0.2617929291647199,4.5397868702434395e-05,1.0,147.15171973024206,3.046934783622851e-30,0.12121212121212122,0.0,0.6363636363636364,1.12,0.0,0.0,0.0,8.36,0.0
63ed15bed4665c62d9e6dbb2,1424.679,,0.1351706348047498,0.7120637376301527,0.33069453647894126,209.86231046738038,0.023020096951457885,0.8484848484848485,0.0,0.5075757575757576,922.96,0.0,0.0,0.0,159.6,0.0
63e1f5009f56fcb831963f19,690.201,,0.016143520755697655,0.14545453251878554,0.14219424489119123,210.61177937159914,0.0554650356248941,0.3106060606060606,0.022727272727272728,0.22727272727272727,33.06,0.0,0.0,0.16666666666666666,74.28,0.0
5c4e31b37065de00011f795d,1070.254,,0.4040929708461237,0.9999546021312976,-1.0,128.61558682548727,2.3997779125166043e-38,0.0,0.06060606060606061,0.7424242424242424,65.57,0.0,0.16666666666666666,0.6666666666666666,53.38,0.0
572041d6fd3a5200093c1295,311.041,,0.03312238101314668,0.9999546021312976,0.8978575721678974,207.3743214736349,0.0014485291099356325,0.6818181818181818,0.0,0.6515151515151515,2.0,0.0,0.0,0.16666666666666666,11.1,0.0
63d41088860131e49a85cfac,440.54,,0.0548930995782888,4.5397868702434395e-05,0.45378905008383436,196.49798420845167,1.6268186384456952e-08,0.08333333333333333,0.0,0.1590909090909091,17.55,0.0,0.0,0.0,18.78,0.0
6400e1e1c539ed3882af8d8f,886.013,,0.18447842341220735,0.9787000035909583,-1.0,175.60440288329323,9.173461269562523e-18,0.0,0.0,0.32575757575757575,23.12,0.0,0.0,0.0,112.34,1.0
63f2e107c4d0bc684b99d2c6,405.341,,0.10418158509099741,0.6750472557774859,0.4853417843273623,208.30809399301418,0.004018534601929263,0.29545454545454547,0.0,0.6287878787878788,3.21,0.0,0.0,0.8333333333333334,17.66,0.0
5f43ef4041bb5f11a27aa07e,541.79,,0.03885649044471924,0.9595620300488227,0.827448250470924,206.8726403411448,0.0008419816557321759,0.015151515151515152,0.0,0.2196969696969697,17.05,0.0,0.16666666666666666,0.16666666666666666,40.69,0.0
5dbf692c2a1dd63f64ef5ae4,506.952,,0.1830500719083972,0.9999546021312976,-1.0,131.4145311187296,4.008890592219542e-37,0.3106060606060606,0.0,0.6363636363636364,8.44,0.0,0.0,0.5,40.78,0.0
5fd8025bcfda8b1165a0b16e,531.762,,0.6737118207029468,0.6387943571664038,0.3556340821987314,188.82648417054483,6.284916186695533e-12,0.015151515151515152,0.0,0.16666666666666666,11.18,0.0,0.0,0.16666666666666666,22.04,0.0
60fd933d5461857048f9e74c,439.649,,0.01854186122721093,0.2212420861613037,1.0,188.61227345742245,5.051071585700601e-12,0.25,0.0,0.3106060606060606,7.17,0.0,0.0,0.0,21.11,0.0
60f75a701ac4cfc5c17cceb7,528.771,,0.1694621929489683,0.4939475026598813,-0.4883390400897437,204.77937602923836,9.013510918348605e-05,0.0,0.0,0.3712121212121212,7.42,0.0,0.0,0.16666666666666666,17.54,0.0
5e87900b524dca41065df104,336.545,,0.0006009816694739395,0.9985174427327982,0.4759265107005073,205.77890906979587,0.00026066604178803245,0.5909090909090909,0.015151515151515152,0.07575757575757576,3.13,0.6666666666666666,0.0,0.6666666666666666,12.15,0.0
5edc0583f16dff0c806bdbb6,420.414,,0.16736212994899954,4.5397868702434395e-05,1.0,155.30446141988875,1.1299505875409814e-26,0.3712121212121212,0.007575757575757576,0.5833333333333334,1.59,0.0,0.0,0.3333333333333333,3.62,0.0
608d0831835bd8f85ac9237e,583.844,,0.007842169966322437,0.5986130667107987,0.6525045488037653,202.3742428039289,7.185812964654412e-06,0.09848484848484848,0.0,0.09090909090909091,18.75,0.0,0.0,0.0,45.17,0.0
6108027a71236aa28a407666,439.409,,0.16427232537463082,0.2817971557165317,-0.5124195712343828,202.83161842935135,1.1597684631131434e-05,0.0,0.0,0.3181818181818182,2.01,0.0,0.0,0.5,9.82,0.0
6005fd9c8bbd67931607e518,422.877,,0.025474477834564933,4.5397868702434395e-05,1.0,159.0396343904311,4.893836747993688e-25,0.2878787878787879,0.0,0.7727272727272727,5.68,0.0,0.0,0.16666666666666666,13.49,0.0
5ee71ce25f11c84a3e909b09,579.666,,0.11181611784387906,0.47190591072861615,-0.5873888593620786,208.65625946940742,0.005904924459247227,0.18181818181818182,0.007575757575757576,0.45454545454545453,3.62,0.0,0.0,0.0,18.43,0.0
5ec0d47ecf12be4ea2754516,433.187,,0.1262158477357939,0.20507277316366496,0.8387608624550691,195.2843706202011,4.6686377474533274e-09,0.5984848484848485,0.0,0.4166666666666667,3.24,0.0,0.0,0.3333333333333333,6.51,0.0
63e5be4daa8fac2e51d4fe91,336.715,,0.18505254646385938,0.1692837971010714,-1.0,188.46302576080618,4.337725406233127e-12,0.18181818181818182,0.0,0.36363636363636365,4.02,0.0,0.0,0.0,10.02,0.0
60ff4339f5ffb265d16b144f,460.942,,0.033780127202048676,0.5869170317303282,-0.09963868627677482,211.71644723648163,0.2271347824173316,0.3484848484848485,0.0,0.06818181818181818,15.28,0.0,0.16666666666666666,0.0,35.83,1.0
63ea4e8c0e9a66f5843ed4ac,277.195,,4.5397868702434395e-05,7.019731964777248e-05,0.8816167227559987,192.05549051520754,1.7031308245089492e-10,0.6212121212121212,0.0,0.7727272727272727,2.14,0.16666666666666666,0.0,0.8333333333333334,5.87,1.0
6361769fee0c219b0f1cc480,396.633,,0.04776958369604552,0.9999546021312976,-1.0,162.92569692471633,2.474260057532109e-23,0.15151515151515152,0.0,0.4318181818181818,5.05,0.0,0.0,0.8333333333333334,18.58,0.0
63d13b44f511eff0aef876f2,349.689,,0.8680396283879268,0.891247426875979,0.15717728251576435,165.75262535650091,4.30205728221275e-22,0.15151515151515152,0.0,0.48484848484848486,7.25,0.0,0.0,0.0,20.17,0.0
61021c2ad3b0633be797eddf,587.894,,0.018322798793897258,0.2326116708316032,-0.22308213139885155,211.73553668275795,0.23331527971111002,0.0,0.007575757575757576,0.015151515151515152,15.36,0.0,0.0,0.0,78.61,0.0
5fe354a2e44df4fb4634bbc3,397.853,,0.11432565588455956,0.39332425848171776,0.8377744892499792,200.09402498220757,6.686059648460475e-07,0.11363636363636363,0.0,0.3484848484848485,12.01,0.0,0.0,0.0,29.4,0.0
5d5a48a67ca41f0001e97f8b,407.271,,0.0072129924400376015,0.19609999267892989,-0.6090284988150314,204.22757348794744,5.030817349172101e-05,0.25757575757575757,0.0,0.16666666666666666,16.33,0.0,0.0,0.16666666666666666,10.74,0.0
5d9303bbc400a90018821b13,351.945,,0.1797032119760585,0.5899525652434566,-1.0,184.88216498541547,1.129720728012239e-13,0.38636363636363635,0.0,0.4090909090909091,9.2,0.0,0.0,0.0,16.86,1.0
63f77d4f671167ec16eee15c,414.47,,0.08453682918366724,0.421758028345315,0.14718247487322378,209.7964360910822,0.021340896879542003,0.12121212121212122,0.0,0.19696969696969696,4.34,0.0,0.0,0.0,20.32,0.0
63e576170eb086a90644efb4,371.285,,0.8291910994100973,0.41417254618994814,1.0,179.87527840015338,6.972432499182153e-16,0.08333333333333333,0.0,0.49242424242424243,2.48,0.0,0.0,0.3333333333333333,15.7,1.0
60d2d061fd054556769ca306,373.885,,0.3468327341787717,0.30973808404455244,1.0,196.67581470654267,1.953759842238605e-08,0.17424242424242425,0.0,0.4318181818181818,6.09,0.0,0.0,0.16666666666666666,3.03,0.0
5fb7c9fa2be0a83d8f8913b8,368.783,,0.0040231024523724864,0.9994998203651715,-0.948916604832799,189.46347207737148,1.2040523641770222e-11,0.007575757575757576,0.0,0.3939393939393939,2.27,0.0,0.0,0.16666666666666666,13.56,0.0
63d83eafdd418ada3528719e,,,,,,,,,,,,,,,,
63bda65b774a91e291c5b1a8,603.434,,0.015079840721802743,4.5397868702434395e-05,0.549193894189899,201.12006937445943,1.9421156487242026e-06,0.09848484848484848,0.0,0.3409090909090909,10.94,0.0,0.0,0.0,40.09,0.0
63e857fe022e159687d56f41,387.508,,0.11045885736442873,4.5397868702434395e-05,1.0,118.83354992864889,1.2828730452449493e-42,0.7954545454545454,0.0,0.9621212121212122,9.46,0.0,0.0,0.0,4.25,0.0
5bb94dea3ea7ed00017cb109,458.949,,0.16949479449060872,0.6955161059932934,-0.45506040387989993,194.62263014097667,2.36590929035544e-09,0.0,0.0,0.08333333333333333,5.46,0.0,0.0,0.16666666666666666,24.73,0.0
63d73bfc8765da5b8a06f465,889.495,,0.05220688657598399,0.18895589151873807,0.10075721978108872,206.66496777433576,0.0006732523615748801,0.0,0.007575757575757576,0.08333333333333333,31.51,0.0,0.16666666666666666,0.16666666666666666,75.31,0.0
628419137c4c3ded72e4874d,493.129,,0.11475272299494457,0.7793871612166241,0.2265702445887319,208.9821095156831,0.00848854836893515,0.0,0.0,0.25757575757575757,7.07,0.0,0.0,0.3333333333333333,11.61,0.0
63e711bb284d2bc894a057a6,737.706,,0.6728324382990304,0.6268485953783813,1.0,186.99646960483,9.725948303888593e-13,0.0,0.0,0.13636363636363635,12.1,0.0,0.0,0.16666666666666666,37.88,0.0
60ed200c728ab881912aac11,501.282,,0.532943708235384,0.4313009465264578,-0.7147143049636673,201.64679866527663,3.3620020467557416e-06,0.05303030303030303,0.0,0.5227272727272727,31.63,0.0,0.0,0.0,22.43,0.0
63d7ddc0c07dd5787084df8e,418.351,,0.08478473897924836,0.6082558195394868,-0.511308916267718,204.75873079084496,8.818663596179314e-05,0.10606060606060606,0.0,0.4393939393939394,3.12,0.0,0.0,0.16666666666666666,11.49,0.0
60fd9e6a8312b735fef884d4,729.271,,0.034851129708246324,0.23969015907212135,0.598492957277033,201.08847649850134,1.879290491460302e-06,0.0,0.0,0.06818181818181818,16.35,0.0,0.0,0.0,51.99,0.0
5e03f8517f08edece67a3137,720.008,,0.11761312497782506,4.5397868702434395e-05,0.7375163560025552,187.86878216710062,2.3662995754395813e-12,0.030303030303030304,0.022727272727272728,0.3333333333333333,38.71,0.0,0.0,0.0,32.73,0.0
61282ca83be28773ac7c421f,961.663,,0.7711620047499806,0.38870135310645804,-1.0,189.5237339664746,1.2804552701036221e-11,0.0,0.007575757575757576,0.4015151515151515,98.18,0.0,0.16666666666666666,0.16666666666666666,58.62,0.0
6310ceffa120ca2c1fbe1d92,625.906,,4.5397868702434395e-05,5.056662934367447e-05,0.951440406372708,189.4843506603869,1.2299923380180948e-11,0.0,0.0,0.1893939393939394,14.62,0.0,0.0,0.5,29.84,0.0
62d78737dcea82e9f96b957c,519.214,,4.5397868702434395e-05,4.5397868702434395e-05,0.9275134277024679,190.36191105916657,3.0140062607516386e-11,0.5075757575757576,0.0,0.3181818181818182,9.77,0.0,0.0,0.0,35.27,0.0
63d865b3e3e28b34ec2ed45c,330.253,,0.002348529507355291,4.5397868702434395e-05,1.0,176.57968011029288,2.464712980045976e-17,0.5984848484848485,0.0,0.5681818181818182,5.4,0.6666666666666666,0.0,0.8333333333333334,14.03,0.0
60fcd5602ff7c8f0866ecd0c,372.939,,0.11406386086451817,0.9999546021312976,-1.0,139.30659798488603,1.128434401941003e-33,0.2727272727272727,0.0,0.4090909090909091,5.38,0.0,0.0,0.16666666666666666,15.42,0.0
631699e51577c995252cf3fc,253.921,,0.050299561087536596,4.5397868702434395e-05,1.0,164.3947755305982,1.0911133038033736e-22,0.3787878787878788,0.0,0.25757575757575757,0.91,0.3333333333333333,0.0,0.0,1.63,0.0
62d06d1b651d6922f62fab9b,398.975,,0.016431700757363506,4.5397868702434395e-05,0.07745668035127587,210.12785658938938,0.03130979675200058,0.5984848484848485,0.0,0.36363636363636365,2.77,0.0,0.0,0.16666666666666666,29.35,0.0
627ea14463f25dce42e73d51,453.763,,0.08097338247066356,0.2867753663584147,0.5250300764349257,201.50976336697127,2.9144331061749547e-06,0.4015151515151515,0.0,0.24242424242424243,3.45,0.0,0.16666666666666666,0.16666666666666666,13.11,2.0
5fcecd70db3ccb1a7f9331c9,476.486,,0.14022057061898216,0.17521378464044757,0.07033811918057735,197.38545450847184,4.059746691652202e-08,0.007575757575757576,0.0,0.49242424242424243,11.5,0.0,0.0,0.3333333333333333,44.44,0.0
6338c2127eed17193a7a4d32,424.33,,0.003149065386709138,4.5397868702434395e-05,0.18362051557300837,211.05095635313864,0.09487221341203796,0.5757575757575758,0.0,0.18181818181818182,18.34,0.0,0.0,0.0,24.42,0.0
60aeef267e494909058ef34e,418.209,,0.07735760603305462,0.4754441003880683,0.002488441553481603,211.41194427268317,0.15044625480661744,0.5454545454545454,0.0,0.13636363636363635,8.8,0.0,0.0,0.0,16.39,1.0
63ed1fa5c88ecae92bf0c920,510.975,,0.761401136894165,0.40972497954512055,-1.0,171.96181625646443,2.294052166886122e-19,0.0,0.0,0.4621212121212121,5.83,0.0,0.0,0.0,23.41,2.0
63d7457dae12d98a8ebd18f6,464.53,,0.009769503352051088,0.49625137653932677,0.37164144603317156,208.84630804942958,0.00729445098991392,0.022727272727272728,0.0,0.4015151515151515,8.2,0.0,0.0,0.16666666666666666,25.02,0.0
602b3ed14ae791260d6d12c5,330.088,,0.4077180963423767,0.9999546021312976,-1.0,145.6017853267632,6.393154349424603e-31,0.19696969696969696,0.0,0.5757575757575758,1.64,0.0,0.0,0.16666666666666666,11.96,0.0
63d71e67dd0fcccd3cc745b0,478.435,,0.0511230665300866,4.5397868702434395e-05,1.0,172.22444956305674,2.99256608544476e-19,0.2878787878787879,0.0,0.4393939393939394,12.26,0.0,0.16666666666666666,0.3333333333333333,19.43,6.0
63e573b546bc72bbe9bffc5f,549.771,,0.23291456391802154,0.24175275968221824,-0.30332812901821343,197.3545376180666,3.9323498451279164e-08,0.0,0.0,0.15151515151515152,14.08,0.0,0.0,0.0,25.47,1.0
60f08e2a0d6d27ff93244345,377.922,,0.05209386462110752,0.2849806382638136,0.2787850955418619,206.87131952779418,0.0008407835126627767,0.4015151515151515,0.0,0.21212121212121213,11.96,0.0,0.0,0.16666666666666666,21.08,0.0
5d42abf3c9acd700010c41df,365.708,,0.19197887899321392,0.4633906473267795,0.8382058001269711,205.63887345281643,0.00022452154382202985,0.3106060606060606,0.0,0.1893939393939394,8.22,0.5,0.0,0.16666666666666666,11.62,0.0
5d5af711bb10640001afd133,465.404,,0.07113114625786424,0.550285335022571,1.0,183.57732521134565,2.996199898364158e-14,0.09848484848484848,0.0,0.4318181818181818,7.29,0.0,0.0,0.16666666666666666,11.6,0.0
6150e9017c1b2aa8bf683c32,666.802,,0.02453391666607966,0.8655624251992077,0.29286094782094985,211.58801196556828,0.1902623520397846,0.007575757575757576,0.0,0.03787878787878788,21.4,0.0,0.16666666666666666,0.0,38.97,0.0
60beba435afc451476fa7781,363.729,,0.07403933691070068,0.6041188392069256,0.9859341199256159,204.3706439146971,5.850865132145136e-05,0.14393939393939395,0.0,0.2878787878787879,7.75,0.0,0.0,0.0,11.17,0.0
63d1b93d9abc8c4b40e2d92f,458.719,,0.04630451013193881,0.1672834480412044,-0.14015674461472136,210.34901683565013,0.04057743745836081,0.11363636363636363,0.007575757575757576,0.1590909090909091,4.16,0.0,0.0,0.16666666666666666,13.54,9.0
63652b3ed1f35f8e04325845,515.411,,4.5397868702434395e-05,0.9508051039248259,-0.5082635343881191,204.586724440004,7.351496994229972e-05,0.2878787878787879,0.007575757575757576,0.09848484848484848,19.81,0.0,0.0,0.0,57.27,0.0
63dab0380b8791f9560fd329,419.069,,0.15176654397978884,0.521050624341527,-0.1861610053475888,196.62465947222097,1.8534900118322428e-08,0.06818181818181818,0.0,0.2727272727272727,3.8,0.0,0.0,0.3333333333333333,8.37,3.0
63d80b500adef5b476e289a4,349.97,,4.5397868702434395e-05,4.5397868702434395e-05,1.0,117.43643930433196,3.149507374610435e-43,0.3333333333333333,0.0,0.9924242424242424,2.15,0.0,0.0,0.6666666666666666,15.12,0.0
5f48dab70aa4ce3aa1914003,455.614,,0.2240307785304277,0.4246767670665178,0.13030919733891044,188.42113784746047,4.156289466789927e-12,0.007575757575757576,0.0,0.2878787878787879,28.78,0.0,0.0,0.16666666666666666,20.28,0.0
6400d9993ddcc2436a9f2e1a,338.756,,0.709330844510989,0.7475064504557555,-0.41966550753174264,204.3888570179222,5.964481927278263e-05,0.5075757575757576,0.0,0.2803030303030303,7.85,0.0,0.0,0.0,5.78,1.0
63cff34d33a9948e3b0b28d6,394.457,,0.11052114069366324,4.5397868702434395e-05,1.0,174.4600334363704,2.8778240529276433e-18,0.0,0.0,0.49242424242424243,6.77,0.0,0.0,0.0,12.01,0.0
63e55887d67a5c7e32a678fa,361.036,,0.044494296859604786,4.5397868702434395e-05,1.0,181.96984653334755,5.848598995423355e-15,0.2727272727272727,0.0,0.16666666666666666,4.72,0.0,0.0,0.5,16.88,1.0
63d81e2fb6c8f0da25fea602,503.534,,4.5397868702434395e-05,4.5397868702434395e-05,1.0,182.59126171060421,1.0996770838224974e-14,0.2727272727272727,0.0,0.24242424242424243,12.85,0.0,0.0,0.0,42.29,0.0
6400da061dc90debed65731b,487.098,,0.1863745783073906,0.37784342645245383,-0.5406887128756742,206.65083761328881,0.0006630977777813285,0.45454545454545453,0.0,0.25,21.99,0.0,0.0,0.0,39.5,0.0
610189e61b2d3520eea21de6,401.78,,0.24009108017841052,4.5397868702434395e-05,1.0,159.14472587581247,5.441394126479148e-25,0.030303030303030304,0.0,0.49242424242424243,12.03,0.0,0.0,0.16666666666666666,13.25,0.0
5fa5a899f2b7600f72104ad1,318.016,,0.6256644057189537,4.5397868702434395e-05,1.0,167.90762352610204,3.79862918298991e-21,0.3787878787878788,0.0,0.4318181818181818,2.54,0.0,0.0,0.16666666666666666,6.46,0.0
5e223f4219295951f846dd16,465.802,,0.004232081345007146,0.9998775200470794,0.9567483536275574,192.80506249307493,3.6690421941030576e-10,0.18181818181818182,0.007575757575757576,0.36363636363636365,2.29,0.0,0.0,0.3333333333333333,13.86,0.0
5df1133b99b28201e0a1181c,335.147,,0.08984785234076742,0.17576568520190264,0.3194851736315548,201.72859380457936,3.6613874857763917e-06,0.3409090909090909,0.0,0.09848484848484848,3.82,0.0,0.0,0.0,9.52,0.0
60fd738c235e974993ad455c,500.611,,0.1791483932783344,0.8078247784908176,0.23160896304588333,196.29744531980722,1.3233665524552518e-08,0.05303030303030303,0.0,0.30303030303030304,10.52,0.0,0.16666666666666666,0.16666666666666666,27.41,0.0
63b6ef9027eb90f292852ee4,510.67,,0.534097987437006,0.5332655262696134,-0.028947748644520307,167.83862896213031,3.5426966532294004e-21,0.0,0.0,0.30303030303030304,5.51,0.0,0.0,0.0,66.93,1.0
5e2cd786dc63ca2ff798a0ca,499.076,,0.022096479590054226,4.5397868702434395e-05,-0.33835167275686423,211.5338244073502,0.17684262122005706,0.14393939393939395,0.022727272727272728,0.48484848484848486,1.8,0.0,0.0,0.16666666666666666,3.63,0.0
5bbc4bd1f83ac60001fe665e,455.817,,0.22201256154044022,0.398262799595855,0.15864781120864838,193.32736886977082,6.265722566511065e-10,0.0,0.0,0.25,5.68,0.0,0.0,0.0,16.1,0.0
64013f9fa92a5dd2d30c5575,597.098,,4.5405163999449034e-05,0.9994363546881139,-0.12870359412036808,211.89787798703526,0.2951780222630471,0.03787878787878788,0.0,0.3181818181818182,16.65,0.0,0.0,0.8333333333333334,36.78,0.0
63ea6fc5092518554c9b8111,401.278,,0.05169080309434761,0.999675634820878,-0.6712268424298816,192.37596503494618,2.3643739371055513e-10,0.030303030303030304,0.0,0.4318181818181818,5.6,0.0,0.0,0.16666666666666666,30.6,0.0
63bb98852cdc67dece8adb8e,461.593,,0.2698763089168675,0.6253955992063566,-0.7172059078169973,192.57786271945616,2.9073443037991984e-10,0.022727272727272728,0.0,0.15151515151515152,4.28,0.0,0.0,0.0,26.28,0.0
5c59d8105bbd810001fb26de,812.213,,0.03570496258884282,4.5397868702434395e-05,0.8836266344486353,187.95064732558944,2.572295910975378e-12,0.5984848484848485,0.022727272727272728,0.22727272727272727,15.99,0.0,0.16666666666666666,0.16666666666666666,32.28,0.0
55d86f3569dbc30012b6869f,402.148,,0.16566181160534565,0.39989891843528197,-0.32261957730363516,206.6827697132869,0.0006862695941067804,0.09090909090909091,0.0,0.3409090909090909,2.0,0.0,0.0,0.16666666666666666,16.39,0.0
63d1401242635aaffe867c4c,582.214,,0.3856355223133428,0.3812761415542899,1.0,172.7568310942204,5.129549953873484e-19,0.0,0.0,0.3560606060606061,16.17,0.0,0.0,0.0,27.76,0.0
63bd81516745e78ee7f50f7f,480.843,,4.5397868702434395e-05,4.5397868702434395e-05,1.0,182.1300957276519,6.882672623321811e-15,0.09090909090909091,0.0,0.5,3.91,0.0,0.0,0.3333333333333333,30.53,1.0
6362406ab7caf5fc96bb61c8,662.277,,4.5397868702434395e-05,0.9999546021312976,-0.7630363894111049,196.33420807799305,1.3744031816657284e-08,0.09090909090909091,0.0,0.25,8.49,0.0,0.0,0.16666666666666666,33.42,1.0
5c9432caec114b0001419276,598.505,,0.0020134151324855873,4.5397868702434395e-05,-0.25079732226896095,210.8405825417785,0.07316963441412357,0.08333333333333333,0.0,0.08333333333333333,9.29,0.0,0.0,0.16666666666666666,85.89,0.0
60bafed1d4e636dce6350863,394.952,,0.33920106329072114,0.7544602870826502,-0.7274970597834579,187.1659108464776,1.1558931796708723e-12,0.25757575757575757,0.0,0.3787878787878788,4.47,0.0,0.0,0.16666666666666666,20.72,1.0
63b82398bbe6a599972413ad,540.142,,0.5725519331886307,0.9969811533769684,0.22553747898670065,163.338827654068,3.755344487548714e-23,0.0,0.0,0.4090909090909091,3.34,0.0,0.0,0.5,18.09,0.0
608590825d295c858cbe7fa9,399.734,,0.008629303759558721,4.5397868702434395e-05,0.15792967292089982,210.47665941044684,0.047198730415484114,0.13636363636363635,0.0,0.3560606060606061,4.83,0.0,0.0,0.0,31.57,1.0
6400d916e410c86255a45836,404.563,,0.44098407637725967,4.5397868702434395e-05,-0.7170845481377318,179.7090138184388,5.889824976870508e-16,0.18181818181818182,0.0,0.48484848484848486,4.86,0.0,0.0,0.0,17.55,1.0
63f794e7d8d24753edbbb136,707.574,,0.6484173430437539,0.17022734129145956,1.0,154.78034408325425,6.660221151927724e-27,0.0,0.0,0.5151515151515151,28.07,0.0,0.0,0.3333333333333333,50.44,0.0
5b9b422307c6960001614c35,590.323,,0.27871956607519766,4.5397868702434395e-05,1.0,163.9947074890146,7.283792474104119e-23,0.045454545454545456,0.0,0.4318181818181818,31.98,0.0,0.0,0.16666666666666666,41.86,0.0
5adfcb03f6b58c0001fa9083,641.596,,0.10041963862527972,0.8747994132407753,0.012545132071812275,203.11859266572682,1.566833246317614e-05,0.05303030303030303,0.0,0.4015151515151515,204.61,0.0,0.0,0.3333333333333333,15.95,0.0
5ba863a346de410001ecfb2a,588.623,,0.5272784495288647,0.4309962951377849,0.8030021305235043,198.929848478366,2.0012413204840113e-07,0.045454545454545456,0.015151515151515152,0.25,5.57,0.0,0.0,0.0,20.4,0.0
63d80cb1ba40ad04c1edd4db,463.444,,0.2614037317289503,0.8529674075929263,1.0,191.32215150629744,8.043073619431815e-11,0.0,0.0,0.4318181818181818,8.06,0.0,0.0,0.0,16.66,0.0
560ce65601c38a0012769e20,724.853,,0.043508434141310275,0.8822017843557449,0.4127726270479521,209.27977734268427,0.011857489737253951,0.0,0.0,0.17424242424242425,18.12,0.0,0.0,0.0,32.7,0.0
63ed0065eb23ac3ee1726453,311.008,,0.022703447106832364,4.5397868702434395e-05,-0.11590662564676639,210.94078918323635,0.08275073317563818,0.5454545454545454,0.0,0.09090909090909091,2.63,0.16666666666666666,0.0,0.0,13.92,0.0
5f514708067fba172909261a,585.209,,0.04919778935753338,0.06669395194165306,0.1932659472673936,205.6078932374689,0.00021723333860270197,0.12121212121212122,0.022727272727272728,0.18181818181818182,4.21,0.0,0.0,0.0,17.56,0.0
60599946259dc97d30e2001f,422.716,,0.14598867471375318,0.5682964352720008,0.227532143894707,209.27606173495897,0.011807913262888105,0.03787878787878788,0.0,0.13636363636363635,9.39,0.0,0.0,0.16666666666666666,12.8,0.0
610063614e6ba35532307dda,462.776,,0.6689652869649482,0.8935766401957839,-0.5496462796129117,169.46631763280527,1.8370767101837407e-20,0.0,0.0,0.22727272727272727,7.78,0.0,0.0,0.0,11.06,0.0
63f7becf2322a5ba95aad1dc,448.721,,4.5397868702434395e-05,0.013493774576626568,0.8815447022456099,192.05749662302182,1.7066311862988804e-10,0.5303030303030303,0.0,0.4015151515151515,14.41,0.0,0.0,0.16666666666666666,46.91,0.0
5e6fdd81478ec45b2420b83d,280.962,,0.010208795955256467,0.9999546021312976,0.01751399577643915,212.05818150987466,0.3785990790798831,0.5909090909090909,0.0,0.18181818181818182,3.96,0.3333333333333333,0.0,0.16666666666666666,5.13,0.0
5d7850851841fc0001e9c64d,348.343,,0.13265078753956652,0.5644038372990329,0.015190911185125801,200.66176427456503,1.205711207046305e-06,0.030303030303030304,0.0,0.11363636363636363,2.93,0.0,0.0,0.0,9.32,0.0
5a2846ceb4a5de00011af418,450.729,,0.267975528595206,0.5329958620159427,-0.05070332692160617,198.47545041039513,1.2509020460208758e-07,0.007575757575757576,0.0,0.18181818181818182,14.19,0.0,0.0,0.0,27.66,0.0
611f9bb3dcada21890ed9af0,703.775,,0.33757821999363485,0.6510090382179466,-0.646060126878087,184.892039549012,1.1411290860289656e-13,0.0,0.007575757575757576,0.29545454545454547,26.36,0.0,0.0,0.0,54.56,0.0
64057cd2806cfdca58f0de34,409.082,,0.12734107577093168,0.5123452129789963,-0.06761628342522698,201.2683701161321,2.2663776178822077e-06,0.0,0.0,0.06818181818181818,4.1,0.0,0.0,0.0,17.42,0.0
63d80145d2f0da3ee6a8d523,312.621,,0.037679757182941455,4.5397868702434395e-05,1.0,131.47523399301224,4.261356907965463e-37,0.8257575757575758,0.0,0.8333333333333334,7.19,0.0,0.0,0.0,5.8,0.0
636570d91a49a6d6cbcbc854,755.416,,0.047423556180360184,4.5397868702434395e-05,0.043313184907144586,205.8536124393064,0.0002822915901992517,0.022727272727272728,0.0,0.08333333333333333,44.74,0.0,0.0,0.0,84.76,1.0
6143e0914f93b50419ba30ab,276.559,,0.008990586173462916,0.9999546021312976,0.6332162069287243,204.7030967927196,8.314432085352443e-05,0.7575757575757576,0.0,0.1893939393939394,2.78,0.0,0.0,0.16666666666666666,2.14,1.0
5d2a49241d8d930001c263a7,506.116,,0.007086584324717171,0.9999546021312976,0.47638679293714514,208.2894977962055,0.003937070393171201,0.030303030303030304,0.0,0.15151515151515152,4.0,0.0,0.0,0.0,14.93,0.0
5c2a9b55867f660001af0515,323.088,,0.01819301397761338,0.9999546021312976,-0.6658294760957315,193.9516433894373,1.188388711857129e-09,0.22727272727272727,0.0,0.17424242424242425,4.11,0.0,0.0,0.16666666666666666,9.49,0.0
5de8887aa2db898017debf1a,412.356,,0.005951629894988557,0.9999546021312976,0.5665396715907682,205.70843257300146,0.00024179621258919575,0.15151515151515152,0.0,0.05303030303030303,4.69,0.0,0.0,0.0,14.78,0.0
62b500cfbf7d382239502ad0,431.513,,0.08570027113482519,4.5397868702434395e-05,1.0,116.95290032766574,1.937105428688395e-43,0.4393939393939394,0.0,0.9924242424242424,7.66,0.0,0.16666666666666666,0.8333333333333334,9.43,0.0
610075c1ef04d1f734032f69,530.987,,0.43038286879982796,0.19406079642053592,1.0,183.21073562240252,2.0640011618680487e-14,0.045454545454545456,0.0,0.3333333333333333,18.34,0.0,0.0,0.0,34.69,0.0
6362c4beb39ee39d15890c5c,391.352,,4.5397868702434395e-05,0.998938798751184,0.8165844870106613,194.45894266174588,1.999964516723119e-09,0.6363636363636364,0.0,0.45454545454545453,16.75,0.0,0.0,0.16666666666666666,16.76,2.0
571144323d47e800096358d9,339.781,,0.8839355560216002,0.19054948305647296,1.0,175.62104343886352,9.329443475471084e-18,0.4090909090909091,0.0,0.44696969696969696,5.42,0.0,0.0,0.16666666666666666,20.51,2.0
63614cab87b22b72231c66e0,673.436,,0.0229431911658112,4.5397868702434395e-05,-0.14200574775186706,211.47684370784745,0.1638943957988026,0.8181818181818182,0.03787878787878788,0.24242424242424243,0.96,0.6666666666666666,0.0,0.3333333333333333,3.9,0.0
63ea79021f0c43def6174042,491.865,,0.06657194342785523,4.5397868702434395e-05,1.0,114.76610824016815,2.1506738788863422e-44,0.8106060606060606,0.0,0.9924242424242424,87.27,0.0,0.0,0.16666666666666666,1.41,8.0
63e554b7631c8ec3ce069e32,430.31,,0.047821249864463844,0.1099300613999666,1.0,181.62821687811882,4.133677141148818e-15,0.4166666666666667,0.0,0.3712121212121212,14.54,0.0,0.0,0.8333333333333334,24.87,1.0
55c694e3fdf99b6c4f28595f,369.558,,0.1804877051542421,4.5397868702434395e-05,1.0,111.95377896338263,1.2737744222135921e-45,0.3409090909090909,0.0,0.9924242424242424,2.09,0.0,0.0,0.0,11.84,0.0
61103c2b7810420e5f23f437,619.351,,0.06909141490715132,0.40436281690061604,-1.0,201.58583264201218,3.1549423241032265e-06,0.05303030303030303,0.015151515151515152,0.38636363636363635,4.04,0.0,0.0,0.0,28.48,0.0
640415971520c41606ca4389,383.871,,0.1618860304263532,0.8248115529485993,-1.0,188.7361334872602,5.731435889659149e-12,0.2878787878787879,0.0,0.2727272727272727,8.34,0.3333333333333333,0.0,0.8333333333333334,16.62,0.0
628dec55823f672331c68577,421.873,,0.24396887780038368,0.6314639502514573,-1.0,183.3610457314147,2.4047651013578867e-14,0.2196969696969697,0.0,0.3787878787878788,2.83,0.0,0.0,0.0,15.53,0.0
5fc70f3bd255c10f0b2346ba,645.567,,0.1737029163064388,0.46522281332442916,-1.0,194.98376877274887,3.428163177777615e-09,0.0,0.007575757575757576,0.20454545454545456,20.68,0.0,0.16666666666666666,0.0,34.88,1.0
6404fb7b9a7b3cfb4179d185,554.982,,0.6509330057327357,0.9999546021312976,1.0,147.5422350520109,4.515908710277793e-30,0.0,0.0,0.5151515151515151,7.94,0.0,0.0,0.8333333333333334,24.42,0.0
64023a98627b1116180dff0b,475.009,,0.07122238644070043,0.43904202201636233,0.3903020155786175,209.78357479255303,0.021028132079856637,0.007575757575757576,0.0,0.03787878787878788,1.16,0.0,0.0,0.0,17.16,0.0
609e15bbf246a639a4123518,582.176,,0.17646267060829074,0.8275104139837411,1.0,194.04556967033005,1.308587298724893e-09,0.19696969696969696,0.0,0.42424242424242425,5.95,0.0,0.0,0.0,12.9,0.0
63e5513398583a335b2a8bdd,666.464,,0.04715684641883152,4.5397868702434395e-05,-0.15635555463786627,205.611139522505,0.0002179857226458128,0.0,0.007575757575757576,0.14393939393939395,17.34,0.0,0.0,0.16666666666666666,36.21,1.0
63d55208f472dc9178329bcb,316.599,,0.06815838846340842,0.48266168987312835,0.24118333858228694,209.27563738267838,0.011802264788617055,0.6287878787878788,0.0,0.4166666666666667,2.12,0.0,0.0,0.0,8.85,0.0
5c09a1171907db0001602601,382.356,,0.651126111752437,0.9838640243261901,-1.0,170.49618936058934,5.206480142904202e-20,0.16666666666666666,0.0,0.48484848484848486,4.64,0.0,0.0,0.16666666666666666,21.64,0.0
5f2e0b28c642b31678638a21,410.927,,0.6349133507706765,0.8336723530786759,-0.11389166526595094,178.75138975851712,2.2290835700292214e-16,0.022727272727272728,0.0,0.3106060606060606,2.74,0.0,0.0,0.0,7.6,0.0
5e654e2055e480000dcd002a,490.008,,0.08426153197457946,4.5397868702434395e-05,1.0,119.50080246252422,2.5090243852199768e-42,0.2727272727272727,0.0,0.9015151515151515,7.16,0.0,0.0,0.5,13.14,2.0
63e7ac6bcbc2e035cbeadf8a,499.904,,0.18775130466403872,0.24556639012780968,1.0,190.75361051975574,4.49762291596759e-11,0.08333333333333333,0.007575757575757576,0.4393939393939394,9.71,0.0,0.0,0.16666666666666666,29.22,0.0
613107a0c7fc3a96a54c7693,385.516,,0.14671861263870634,0.9999546021312976,-1.0,145.86066604639797,8.298051009095423e-31,0.007575757575757576,0.0,0.3712121212121212,3.65,0.0,0.0,0.0,13.69,0.0
612fbc37af2136fe81fc71a9,463.703,,0.06202806653514703,0.9999546021312976,0.9168235461579848,204.7732960249538,8.955682772107589e-05,0.29545454545454547,0.0,0.5833333333333334,23.25,0.0,0.0,0.0,36.0,0.0
640feb5e49b723bcfaad6437,530.569,,0.507620372586635,0.5463401214421533,-0.6546459588210506,194.57920363611484,2.2627465294601537e-09,0.0,0.0,0.3712121212121212,15.58,0.0,0.0,0.16666666666666666,20.65,0.0
63d7a91b72bdcca4f3a683e8,392.199,,0.28638819618109645,0.49619241272984765,1.0,192.22654265861937,2.0290075833089407e-10,0.25757575757575757,0.0,0.3181818181818182,3.99,0.0,0.0,0.16666666666666666,5.52,0.0
6108114eaacc3458294b244c,416.859,,0.07970975938853395,4.5397868702434395e-05,0.488064529310686,196.8828743120896,2.4182808039182755e-08,0.1590909090909091,0.0,0.38636363636363635,7.59,0.0,0.0,0.0,13.25,2.0
63d418d4229ed6c0712ce5bb,414.594,,0.1452620938087195,0.806526515457044,0.8170282252373687,199.04301717404223,2.2498739155100813e-07,0.06060606060606061,0.007575757575757576,0.19696969696969696,1.43,0.0,0.0,0.0,6.94,0.0
640132934d00561d78518c4c,469.493,,0.22140012265923684,0.3769141589778272,0.21373545913734585,203.3733565213871,2.047174005282713e-05,0.3181818181818182,0.0,0.15151515151515152,11.67,0.0,0.0,0.16666666666666666,45.79,0.0
63f791692fa22034babcdda1,409.446,,0.4432061369472013,0.4294091868181542,-0.062252293543977814,211.62031495667966,0.19882574051273158,0.5075757575757576,0.0,0.20454545454545456,20.87,0.0,0.0,0.0,21.44,0.0
5ee8f9a309471c0d46a6d247,737.15,,4.5397868702434395e-05,0.9999546021312976,-0.15944554814847792,211.60966009635672,0.19595226356659978,0.2196969696969697,0.007575757575757576,0.26515151515151514,8.06,0.0,0.0,0.3333333333333333,8.88,0.0
5f9873550513db147c9d2958,405.394,,0.9191463396755277,0.2984717384690695,-1.0,168.1835985812633,5.0211389331447066e-21,0.07575757575757576,0.0,0.42424242424242425,2.65,0.0,0.0,0.0,13.66,1.0
63614ad63aec6bcf8a045124,515.891,,4.5397868702434395e-05,0.1120051165675505,0.37310897836713786,208.05119484240822,0.003030159154229083,0.3409090909090909,0.0,0.4166666666666667,13.23,0.0,0.0,0.16666666666666666,38.89,0.0
63e51ddb19fccd05514c629c,392.513,,0.20837990958359207,0.24834447149747585,0.6273408009028082,201.92530509669587,4.49559852187082e-06,0.25757575757575757,0.0,0.30303030303030304,4.12,0.3333333333333333,0.0,0.0,0.5,1.0
63fe38bfab28b75385783fba,339.49,,0.042470172655157276,0.03443068179027559,-0.5283591074730983,209.8564480616847,0.02286525746451032,0.2727272727272727,0.0,0.5075757575757576,5.03,0.0,0.0,0.16666666666666666,13.19,0.0
5c75dbce7d36140017c53257,446.775,,0.8172900678319395,0.441482943621488,0.30736334086387596,165.65167372825408,3.8848478864809146e-22,0.030303030303030304,0.0,0.3181818181818182,3.47,0.0,0.0,0.5,32.67,0.0
62c5e680e4a4b4648606d756,401.176,,0.7903191789702566,0.9999546021312976,-1.0,169.85904944613543,2.732988517071223e-20,0.045454545454545456,0.0,0.38636363636363635,8.0,0.0,0.16666666666666666,0.16666666666666666,11.26,0.0
5dd03c5486c8861300974102,517.771,,0.4679833635373861,0.23862898296530655,1.0,186.79495159644648,7.920678572239746e-13,0.03787878787878788,0.0,0.1893939393939394,13.27,0.0,0.0,0.0,26.1,0.0
63eafad399e87039254d1078,343.054,,0.14413288586170642,0.07554185305789884,0.4763304899505134,190.69975259346944,4.2567359410908304e-11,0.4393939393939394,0.0,0.42424242424242425,2.04,0.0,0.0,0.0,10.98,2.0
60a3128cb035414bb4588090,417.718,,0.009948222187656544,4.5397868702434395e-05,0.4553149355340658,203.47696050156767,2.2825615456090784e-05,0.25,0.007575757575757576,0.11363636363636363,3.06,0.0,0.16666666666666666,0.0,30.83,0.0
63b6c76ff03d438cd09b8c56,561.068,,0.16850467504731162,0.6755786526196635,-0.24639091336881425,196.24939760314618,1.2595139505819768e-08,0.0,0.0,0.17424242424242425,9.7,0.0,0.0,0.0,30.11,0.0
6400ed09421b2727c2f7c553,615.465,,0.011403035803750988,4.5397868702434395e-05,1.0,149.74748225016208,4.167396877686946e-29,0.015151515151515152,0.0,0.5378787878787878,28.22,0.0,0.0,0.0,42.89,0.0
62a74b5136555a52d4911cac,459.407,,0.1483718758797347,0.6135878831598266,1.0,200.33453241842034,8.582180788442292e-07,0.32575757575757575,0.0,0.6212121212121212,8.0,0.0,0.0,0.3333333333333333,18.34,0.0
6400f80179f04251a962fd22,447.48,,0.2907810634182255,0.16943242477368606,-1.0,179.49833554700533,4.756116733284305e-16,0.007575757575757576,0.0,0.36363636363636365,2.62,0.0,0.0,0.5,13.6,0.0
5fa9fffcf843322ce7456283,467.02,,0.44680909811979924,0.7406005037973297,0.23981064385088732,192.9913937804923,4.4406938765961966e-10,0.007575757575757576,0.0,0.25757575757575757,4.14,0.0,0.0,0.0,15.24,0.0
60cd717e463162435e3b7d46,266.003,,0.31599499772212036,0.051548791341292144,1.0,177.37108350771814,5.497759371943888e-17,0.6893939393939394,0.0,0.5378787878787878,4.2,0.0,0.0,0.0,4.67,0.0
60c837327440575481e333ce,1021.801,,0.004564860045364666,4.5397868702434395e-05,-0.5145594568985763,206.38299836120729,0.0004973400264243336,0.3712121212121212,0.022727272727272728,0.25,1.58,0.0,0.0,0.0,143.22,0.0
63d69e4d6648b39324fdf0ad,356.718,,0.07621881108194349,4.5397868702434395e-05,1.0,166.3616128177041,7.960648253601522e-22,0.4318181818181818,0.0,0.7651515151515151,6.91,0.0,0.0,0.3333333333333333,13.8,0.0
63153455849b153d56dd81db,793.491,,0.08837577207005012,0.4050381813582457,0.4178693834621429,208.16263288200264,0.003424342593829756,0.3560606060606061,0.0,0.18181818181818182,10.2,0.0,0.0,0.0,36.45,0.0
63fe39cd075bd5283fad495d,352.073,,0.8521692508688818,0.32728151382889875,-1.0,166.93923899563123,1.4272185099814784e-21,0.2196969696969697,0.0,0.4621212121212121,2.34,0.0,0.0,0.3333333333333333,7.68,0.0
5971640e7ec240000170cb69,302.689,,0.04184035558214153,4.5397868702434395e-05,1.0,124.49697698146035,3.812279279246427e-40,0.7272727272727273,0.0,0.8636363636363636,1.76,0.0,0.0,0.16666666666666666,12.93,0.0
610745dee13497549c9d6fba,516.205,,0.2659934007239335,0.9999546021312976,-1.0,159.93091062956037,1.2031349510916461e-24,0.0,0.0,0.25757575757575757,5.37,0.0,0.0,0.0,40.72,0.0
63615888b5606b24a845f73e,438.849,,0.10633482229884576,4.5397868702434395e-05,1.0,133.61472817836722,3.668281819959151e-36,0.5378787878787878,0.0,0.6590909090909091,41.59,0.0,0.0,0.8333333333333334,21.43,0.0
6063a00c6fd08d0a972382a4,515.727,,0.08785366368884998,0.7043280940966182,0.5589057999795224,206.1706231403066,0.000396129428113524,0.0,0.007575757575757576,0.14393939393939395,6.07,0.0,0.0,0.5,25.81,0.0
62f94c417a55be0afc4c5a4b,502.501,,0.00287459400798616,4.5397868702434395e-05,0.3713578602612126,207.66487685333357,0.0019866223790062395,0.1893939393939394,0.0,0.2196969696969697,20.72,0.0,0.0,0.0,33.22,3.0
605fb0818ad4067b3d99ece0,496.031,,0.33038192591575233,0.7914741371776622,-1.0,172.74687714677228,5.078122325613265e-19,0.0,0.0,0.30303030303030304,9.67,0.0,0.0,0.0,31.17,0.0
63d40528f7676637efbd18eb,364.305,,0.19858529357895374,0.4920506249956762,1.0,201.79195123423852,3.911558449563077e-06,0.3106060606060606,0.0,0.21212121212121213,2.92,0.0,0.0,0.16666666666666666,14.85,0.0
5f934f7fdc89a111b5712011,438.316,,4.5397868702434395e-05,0.9999546021312976,-1.0,179.8192799320224,6.587219341889783e-16,0.12878787878787878,0.0,0.2727272727272727,5.94,0.0,0.0,0.0,15.32,0.0
5ecbd383243b3438410dae19,494.369,,0.016075927056875716,0.010554465569775871,0.1299670662944954,210.09024129908715,0.02996801183971406,0.09090909090909091,0.0,0.07575757575757576,12.05,0.0,0.16666666666666666,0.0,39.7,2.0
63d7a9346e833b93500723d4,494.206,,0.30994168755074725,4.5397868702434395e-05,1.0,148.9233991252821,1.8162592888705385e-29,0.10606060606060606,0.0,0.6893939393939394,22.52,0.0,0.0,0.3333333333333333,29.76,0.0
63d40583fbdb78bfb9b0d3a4,390.252,,0.3725885546634883,0.9999546021312976,0.15188079107722596,167.32894000736366,2.1162351935405272e-21,0.06818181818181818,0.0,0.30303030303030304,5.94,0.0,0.0,0.0,13.02,1.0
63d7d7b654e057b287d2bd9b,403.239,,0.1061632154148251,0.7038900471769528,0.3880845798183253,208.1014171397855,0.003201758116812571,0.15151515151515152,0.0,0.12878787878787878,5.11,0.0,0.0,0.0,8.96,0.0
614fe09fec9ce4a2a415476d,305.289,,0.10106043658290287,4.5397868702434395e-05,1.0,118.61463772771106,1.0294597858885906e-42,0.5681818181818182,0.0,0.9772727272727273,2.88,0.0,0.0,0.8333333333333334,6.92,0.0
63ced2da9cad1ae3f98ce914,591.697,,0.2361820208203934,4.5397868702434395e-05,1.0,121.21329241081261,1.4035416746647617e-41,0.38636363636363635,0.0,0.8257575757575758,7.15,0.0,0.0,0.16666666666666666,194.31,0.0
60429021c960ed190edaedca,424.247,,0.07445457352785964,0.9999546021312976,0.9355215895706327,203.88348797455393,3.500534028538765e-05,0.5909090909090909,0.0,0.4318181818181818,9.59,0.0,0.0,0.16666666666666666,26.96,0.0
63f58712a2c1bd62fa7bb352,403.846,,0.07447178900488331,0.6587057254920006,1.0,185.8429600108904,3.0038759822758194e-13,0.015151515151515152,0.0,0.2878787878787879,7.03,0.0,0.0,0.0,21.21,0.0
5e7fb4743c00ce69510024fb,602.785,,0.1427833972718578,4.5397868702434395e-05,1.0,129.7716974408367,7.677925116396296e-38,0.0,0.0,0.8636363636363636,14.36,0.0,0.0,0.3333333333333333,26.94,1.0
63d13b5ec81c77c3030c51c5,303.035,,0.037876742171662967,4.5397868702434395e-05,1.0,178.80084283980844,2.34376278283647e-16,0.8636363636363636,0.007575757575757576,0.15151515151515152,1.6,0.5,0.0,0.16666666666666666,4.58,0.0
63d17cf704d2d7053d56b962,265.33,,0.0005035669934673378,0.9999397592213844,0.04420324063871574,212.39786475147366,0.7568317257112538,0.7651515151515151,0.0,0.06060606060606061,8.27,0.6666666666666666,0.0,0.6666666666666666,8.46,1.0
63d007388da4ef5b301762f9,469.448,,0.031960151393952085,0.5271362577051211,0.5765606267129257,206.26907738154833,0.0004401713175159279,0.21212121212121213,0.0,0.1590909090909091,10.48,0.0,0.0,0.16666666666666666,20.11,0.0
63d53c6bc368b9fa8d33f4cf,384.387,,0.05142846526644557,4.5397868702434395e-05,-0.5331514315338929,210.08866754502293,0.029913197739900463,0.7196969696969697,0.0,0.5454545454545454,7.49,0.0,0.0,0.16666666666666666,29.39,0.0
63ea6e6d78fced1e97a149c8,865.582,,4.5397868702434395e-05,0.9999275005761316,-0.04491013362053377,212.37764913248705,0.7119766597287592,0.8939393939393939,0.0,0.3181818181818182,1.6,1.0,0.0,0.8333333333333334,2.44,0.0
62dc4a5fef307ee53c61afcc,555.965,,4.5397868702434395e-05,0.9992034032488836,-0.8156276316357647,194.45963656253736,2.0013894837225324e-09,0.3939393939393939,0.0,0.3484848484848485,70.67,0.0,0.0,0.16666666666666666,14.71,0.0
63356ce6be65e7962bfc424d,519.621,,0.26689399149673154,0.30709726950127336,0.15020081344877256,199.38970832523214,3.221434239467412e-07,0.030303030303030304,0.0,0.3939393939393939,6.96,0.0,0.16666666666666666,0.0,14.69,1.0
63ee59dc6e5fbabca14d3d16,476.035,,0.03032126920683038,0.5250986528262861,0.36461178365246644,208.4228066684041,0.004560434963072493,0.07575757575757576,0.0,0.2878787878787879,7.43,0.0,0.0,0.0,13.23,1.0
63d428eb946e85527cfdf058,334.689,,4.5397868702434395e-05,4.5397868702434395e-05,1.0,177.04551401811958,3.952206852179375e-17,0.38636363636363635,0.0,0.16666666666666666,4.25,0.0,0.0,0.0,6.99,0.0
63f79204eb27c9dc523185d9,591.457,,0.31596944349464134,0.44219874682543275,-0.010872656167669376,197.32954854349583,3.832311949057861e-08,0.0,0.0,0.32575757575757575,17.92,0.0,0.16666666666666666,0.3333333333333333,31.96,0.0
5aea7d94a110a00001f7e50e,372.263,,0.14615928161914718,4.5397868702434395e-05,1.0,147.931034723537,6.68165420071324e-30,0.5681818181818182,0.0,0.7803030303030303,7.7,0.0,0.0,0.3333333333333333,12.02,0.0
63daf5a89c63648ec34664fb,478.793,,0.001896610862462955,0.5855304055805446,0.3555473224722094,208.58292076772935,0.0054438218141696,0.0,0.0,0.6287878787878788,7.57,0.0,0.0,0.3333333333333333,18.61,0.0
636598a7a571403968d03bf2,457.806,,0.2475498113788284,4.5397868702434395e-05,-0.16492231056589887,165.18473610393482,2.423667806876677e-22,0.14393939393939395,0.0,0.6742424242424242,6.28,0.0,0.0,0.0,15.18,0.0
59aae1188cef7d00011f8884,479.683,,0.6858639210684797,0.5556722849976401,1.0,186.99038336694622,9.66581941137373e-13,0.03787878787878788,0.0,0.13636363636363635,11.9,0.0,0.0,0.0,35.75,0.0
63f969ceb2a0b028aa612b33,457.381,,0.43097686591843487,0.8011552576681106,0.7611185771507978,197.8027468598434,6.244151532798561e-08,0.007575757575757576,0.0,0.5151515151515151,1.0,0.0,0.0,0.3333333333333333,20.95,0.0
63ed9dbc1c7838ffcbb42142,395.168,,0.3123699128304145,0.29844402139392207,1.0,195.39503446629482,5.2309852105965725e-09,0.08333333333333333,0.0,0.45454545454545453,1.75,0.0,0.0,0.0,6.74,0.0
615e68b3f55d1cf5f6defc2a,533.578,,0.11854291012059899,4.5397868702434395e-05,1.0,182.19836596969617,7.37702219583941e-15,0.13636363636363635,0.0,0.18181818181818182,15.9,0.0,0.0,0.3333333333333333,33.12,0.0
63ead665638c8546d8c3a962,370.244,,0.1965844909051374,0.8590414070276953,1.0,189.31899636144132,1.0389461830137397e-11,0.15151515151515152,0.0,0.45454545454545453,13.35,0.0,0.0,0.0,17.14,0.0
63feb6ae378e8efd6fd318b6,472.462,,0.17412126216595847,4.5397868702434395e-05,1.0,143.13418648866332,5.324643197763452e-32,0.5833333333333334,0.0,0.8636363636363636,16.86,0.0,0.0,0.16666666666666666,16.7,0.0
5c4275e526217400018bf1b4,373.593,,0.219732154757662,0.6884157440505502,-1.0,181.18044554675268,2.6232106900135137e-15,0.08333333333333333,0.0,0.3409090909090909,2.4,0.0,0.0,0.0,9.68,1.0
5b65f7935c431c000127ae5f,502.21,,0.6344306854141663,0.9999546021312976,-1.0,175.86536770598636,1.1950140234776297e-17,0.030303030303030304,0.0,0.19696969696969696,4.42,0.0,0.0,0.3333333333333333,21.99,1.0
60ff5fb6cbf1bb7de9bf2801,531.78,,4.5397868702434395e-05,0.9997454643348513,0.21455873387817134,210.95818109073974,0.0845472359376236,0.4696969696969697,0.0,0.25,24.5,0.0,0.0,0.0,37.7,0.0
5783d80d275be60001358349,560.421,,0.13592535636009168,0.6146289111937256,1.0,182.75486251986467,1.2985905951012271e-14,0.045454545454545456,0.007575757575757576,0.4090909090909091,4.54,0.0,0.0,0.0,37.52,0.0
63dafeda84d9a5e684adb6be,378.621,,0.021207643777908305,0.9999546021312976,0.1781094340886865,211.647499348029,0.2063842590055008,0.0,0.0,0.03787878787878788,1.59,0.0,0.0,0.16666666666666666,12.46,0.0
63f796a016e377d12cff50f1,634.057,,0.562082573379039,0.43920488985611184,1.0,168.00457978942973,4.189841700809967e-21,0.015151515151515152,0.0,0.5227272727272727,26.26,0.0,0.16666666666666666,0.16666666666666666,39.58,0.0
61038afee6aa0fcfbf968e56,553.496,,4.5397868702434395e-05,0.9999546021312976,-0.9753790884447968,188.5889339941825,4.93222502195686e-12,0.07575757575757576,0.0,0.36363636363636365,22.74,0.0,0.0,0.0,37.81,1.0
63eaa9f8f0637c961dcfc277,496.73,,0.1344839241184724,0.7541997032067682,-0.20937903579189526,203.99620633058603,3.9418270836932106e-05,0.0,0.0,0.38636363636363635,8.82,0.0,0.0,0.3333333333333333,10.96,0.0
63ead6f452e11793b2f8dab8,828.857,,0.05398164406078424,4.5397868702434395e-05,1.0,140.57421302698742,4.043341115808066e-33,0.4696969696969697,0.0,0.6666666666666666,9.35,0.0,0.0,0.16666666666666666,46.49,0.0
63f7eb4fd0c75f760998818c,424.568,,0.04969879533672958,0.4531995571954893,-0.29402679175639035,210.99155911715187,0.08811430290761674,0.13636363636363635,0.0,0.22727272727272727,2.16,0.0,0.0,0.16666666666666666,16.31,0.0
63d18e630e39bc97ef16152b,549.542,,0.04176393187765234,4.5397868702434395e-05,-0.8589275933393415,206.55114440907025,0.0005957148900846282,0.0,0.0,0.22727272727272727,15.47,0.0,0.0,0.0,30.48,0.0
6400df3b4bd1fb13b52727fe,391.232,,0.08592169839488974,0.9999546021312976,1.0,198.66096051286132,1.515350261780929e-07,0.25,0.007575757575757576,0.5833333333333334,39.65,0.0,0.0,0.16666666666666666,12.79,0.0
62e19208352cd518d7b2f085,567.797,,0.627702086808591,0.9999546021312976,-1.0,149.64744207408245,3.7677065959084265e-29,0.0,0.0,0.4166666666666667,62.19,0.0,0.0,0.0,22.89,0.0
63f77927711e9d061dbec33c,416.182,,0.23211278721260903,0.3351475691268535,1.0,191.284604267423,7.740094131287258e-11,0.11363636363636363,0.0,0.3560606060606061,12.54,0.0,0.0,0.3333333333333333,13.05,0.0
5e535a49ac9ed13700f62def,1356.559,,0.488819433476118,0.7966279759667889,0.27886703248055966,185.3808915891963,1.8767086368236292e-13,0.07575757575757576,0.007575757575757576,0.22727272727272727,18.17,0.0,0.0,0.5,516.31,0.0
63fd6f98e4a77457f1b36b9a,759.811,,0.0727039870590132,0.9999546021312976,0.31008912515417814,206.50308486483877,0.000565744848126769,0.0,0.007575757575757576,0.13636363636363635,15.53,0.0,0.16666666666666666,0.16666666666666666,34.36,0.0
5d1b0776e1c05200018b582d,861.694,,4.5397868702434395e-05,4.5397868702434395e-05,0.4821654852350392,205.31516049430644,0.0001591037102702672,0.045454545454545456,0.0,0.05303030303030303,13.66,0.0,0.0,0.8333333333333334,31.06,1.0
5c5f525806006e0001db95d2,943.97,,0.40474296132104054,0.708790271579327,-1.0,190.78885672359,4.662605920013221e-11,0.030303030303030304,0.0,0.4015151515151515,1.27,0.0,0.0,0.0,6.08,0.0
60ae62a5004d7bdf5428bb95,995.674,,0.4665790381048071,0.5974680217925297,-0.5881536267635747,176.10227976268823,1.519277969550402e-17,0.06818181818181818,0.0,0.4621212121212121,22.65,0.0,0.16666666666666666,0.0,109.56,0.0
63dc7c4191d5e30193f1db36,407.845,,0.10800694494967746,0.950962910242883,1.0,198.0444687847593,8.014050174943288e-08,0.3560606060606061,0.0,0.8484848484848485,9.36,0.0,0.0,0.3333333333333333,10.14,0.0
5b1a3fa488ee7400012aef74,963.018,,0.9999546021312976,0.44540795440413944,1.0,131.7955713455192,5.881919869543228e-37,0.0,0.030303030303030304,0.3560606060606061,87.54,0.0,0.0,0.3333333333333333,44.55,0.0
582009dd87f6b90001f13e40,380.932,,0.04859778781819369,0.6636289440869719,-0.22376847506070316,208.38313710684423,0.004365092551760021,0.4621212121212121,0.0,0.4772727272727273,6.27,0.0,0.0,0.0,16.55,0.0
5722c95274e7ff0011a6f011,413.637,,0.5450357721671489,0.6292682918413194,-1.0,180.15861315785577,9.295609001780937e-16,0.18181818181818182,0.0,0.5227272727272727,2.99,0.0,0.0,0.0,21.43,0.0
6340d2fa46f2d707e146b63b,451.886,,0.7644103432683003,0.781883136755658,-0.1275481504017724,180.97499430740143,2.1292501198784594e-15,0.03787878787878788,0.0,0.32575757575757575,4.44,0.0,0.0,0.0,7.81,0.0
610940bbdb7795c3be364375,311.084,,0.07646739574498293,0.4452838271762186,-0.35918304713267923,210.84361792495957,0.07344165193854715,0.3181818181818182,0.0,0.48484848484848486,1.67,0.0,0.0,0.3333333333333333,11.59,1.0
633471b7c7b5fa52a0a407a7,337.246,,0.08415830125273302,0.7047984577596087,-0.575557286218989,204.27970966059712,5.315335208517708e-05,0.45454545454545453,0.0,0.24242424242424243,2.78,0.0,0.0,0.0,8.75,0.0
5f4000a47ed89c0e7f2e3760,357.542,,0.13286437525215694,0.8993226627798521,-1.0,182.60282788349278,1.112678854378406e-14,0.10606060606060606,0.0,0.44696969696969696,2.15,0.0,0.0,0.3333333333333333,15.26,1.0
62fd76d3f0824c29d4b1e6bd,407.726,,0.05735961438317646,0.9723561880275698,-0.5268401944599849,196.20411690976758,1.2021654240113851e-08,0.5,0.0,0.5151515151515151,12.9,0.0,0.0,0.0,29.93,0.0
5d3bcf190e510a001b3df200,372.097,,0.010509972899252276,0.9999546021312976,0.36018999124901113,210.50711012179767,0.048940622648859095,0.3333333333333333,0.0,0.12878787878787878,3.19,0.0,0.0,0.0,8.77,1.0
63f68fcc9f84b736270f0e8e,315.623,,0.02517919087464996,0.6776821025456075,-0.5977580533524433,203.52140684662933,2.391706496397426e-05,0.42424242424242425,0.0,0.4090909090909091,2.27,0.6666666666666666,0.0,0.8333333333333334,8.02,0.0
60fdbd3afcd943b7119d6f4a,477.442,,0.39036111266420986,0.5230354284632445,-0.36225359378045435,191.61034476560366,1.0800355689640021e-10,0.007575757575757576,0.0,0.21212121212121213,2.76,0.0,0.0,0.0,19.62,0.0
63d40e3588ba6ef2a3ce7c37,373.972,,0.1873636714036755,4.5397868702434395e-05,0.7416079513378978,176.02414860505607,1.403624707712085e-17,0.6136363636363636,0.0,0.5757575757575758,12.24,0.0,0.0,0.5,19.03,1.0
5d13e3e6e51708001a43fa66,489.085,,0.09034374713223718,0.9999546021312976,-0.9370487226855371,180.19445617262738,9.640032847726667e-16,0.08333333333333333,0.0,0.48484848484848486,36.4,0.0,0.0,0.16666666666666666,21.03,0.0
5f932e6a3ceaf50d5768745b,267.685,,0.10594914520568492,0.27765612993021654,-0.21718348173320162,207.31279056631388,0.001355022317944334,0.5378787878787878,0.0,0.24242424242424243,5.27,0.0,0.0,0.0,5.42,0.0
62951043176ada9a9de2faa4,359.587,,0.21711195540744083,0.43866366559327347,0.58404085094902,205.94768301738753,0.00031211661376945543,0.06818181818181818,0.0,0.18181818181818182,4.14,0.0,0.0,0.16666666666666666,8.5,0.0
63d82d20ed2b67b4f77f1fc7,408.135,,0.009280395527873842,0.9999546021312976,0.2125348178559848,211.93942157643113,0.3142411663128538,0.5454545454545454,0.0,0.6212121212121212,38.72,0.5,0.0,0.8333333333333334,16.32,1.0
6108cd48a97ffccb0e7e518c,570.882,,0.145069679108163,0.5589012996937319,1.0,196.5504037083282,1.7170400994568503e-08,0.045454545454545456,0.007575757575757576,0.22727272727272727,6.79,0.0,0.0,0.16666666666666666,23.17,0.0
63d85999228b7d6b636dd96c,603.39,,0.10520074929858125,4.5397868702434395e-05,1.0,154.67516323033107,5.9899065990111465e-27,0.3181818181818182,0.09090909090909091,0.36363636363636365,7.04,0.16666666666666666,0.0,0.8333333333333334,7.96,0.0
5fb3d39a2ceaab00087faddb,386.115,,0.18860190188849446,4.5397868702434395e-05,0.5705776606091228,181.15133911565053,2.546808841321963e-15,0.3787878787878788,0.0,0.44696969696969696,7.79,0.0,0.0,0.16666666666666666,19.03,0.0
63d13bce0971871b9ff88f56,287.899,,4.5397868702434395e-05,0.9996956257112096,-0.08308337400129866,212.21658016278187,0.4983499360091771,0.6818181818181818,0.0,0.5151515151515151,3.15,0.0,0.0,0.0,6.52,1.0
63d7a8a2591096e22405d64a,290.262,,0.029740555064243612,4.5397868702434395e-05,-0.39434291191684057,210.35477101349824,0.040853849201735105,0.7272727272727273,0.0,0.4166666666666667,1.6,0.0,0.0,0.8333333333333334,2.36,0.0
63d7edbef6596097994e730e,357.48,,4.5397868702434395e-05,0.9999546021312976,-1.0,132.2229926617823,9.042442955635146e-37,0.26515151515151514,0.0,0.6363636363636364,8.32,0.0,0.0,0.8333333333333334,15.62,0.0
60761cf3cc35a2a9b127b414,347.764,,0.3241654578402668,0.17238098484291323,0.4742804018180311,197.13127316530228,3.1237938118749193e-08,0.07575757575757576,0.0,0.38636363636363635,2.41,0.0,0.0,0.16666666666666666,6.63,0.0
63cedc8a97a0bb604736baea,311.637,,0.002628159329161749,4.5397868702434395e-05,-0.30330796600472193,210.09907041750637,0.03027747839006791,0.6136363636363636,0.0,0.22727272727272727,3.89,0.0,0.0,0.16666666666666666,11.18,0.0
63f93d2de413ad49cf0dbff1,439.845,,0.03785803425248687,0.9999546021312976,0.04863024941322383,208.64392304957283,0.00582466174474267,0.0,0.0,0.3409090909090909,3.59,0.0,0.0,0.16666666666666666,9.78,0.0
61006f43a84b82fb439d7cba,443.581,,0.2044393305397734,4.5397868702434395e-05,1.0,176.72620523995107,2.8593484560541953e-17,0.06818181818181818,0.0,0.2727272727272727,5.14,0.0,0.0,0.3333333333333333,13.98,0.0
63ed4bdcb1977e991fe4f095,378.558,,4.5397868702434395e-05,4.5397868702434395e-05,1.0,165.4930402121942,3.309484634209849e-22,0.42424242424242425,0.0,0.5757575757575758,6.35,0.0,0.0,0.0,23.52,2.0
63ea4164c5b33a0d13129c84,305.572,,0.10765748343726964,4.5397868702434395e-05,1.0,113.66097819426183,7.082783538843524e-45,0.15151515151515152,0.0,0.9924242424242424,1.1,0.0,0.0,0.8333333333333334,2.02,0.0
613e002e81f4b2409b531dbd,687.321,,0.012927330493971816,0.9999546021312976,0.1805672709279832,212.28653327262492,0.5724849663862508,0.015151515151515152,0.0,0.17424242424242425,13.29,0.0,0.16666666666666666,0.3333333333333333,27.7,0.0
63f3a6b6d4c4d564638f38ca,340.398,,0.31571021613995004,0.6760979434236571,-1.0,173.9370791432669,1.6945405671151335e-18,0.05303030303030303,0.0,0.4166666666666667,5.03,0.0,0.0,0.3333333333333333,16.15,1.0
55e7221441988f000b75cc7a,576.794,,0.0636164913134262,0.9950801687909666,0.6568599642748166,203.96962375690183,3.832961395355001e-05,0.03787878787878788,0.0,0.5909090909090909,8.32,0.0,0.0,0.16666666666666666,24.49,0.0
6400f1783058946c2b4780cd,468.982,,0.015746038301885725,0.9999546021312976,1.0,197.8166384884189,6.334326612284277e-08,0.22727272727272727,0.0,0.08333333333333333,9.01,0.0,0.0,0.16666666666666666,31.47,1.0
5fd6ebe9b77a3d65df0c0674,579.694,,0.09381982855774341,0.9999546021312976,-0.8730204312771602,168.72716486490012,8.699523974784035e-21,0.09848484848484848,0.0,0.38636363636363635,20.89,0.0,0.0,0.16666666666666666,32.7,0.0
60cfdcfdf8a3c6c42dad17d3,284.209,,0.05467315619534153,0.4940121395250317,0.4740279412979951,207.67640764675906,0.0020117393110721357,0.5984848484848485,0.0,0.4621212121212121,1.9,0.0,0.0,0.16666666666666666,12.42,0.0
5c95a379a314c70012bbd4bf,460.817,,0.12365125822292025,0.7066257788425945,0.27746092095658853,203.609257693295,2.6231098384294496e-05,0.08333333333333333,0.0,0.32575757575757575,11.53,0.0,0.0,0.16666666666666666,24.44,0.0
63e55908254a436361a6787b,311.503,,0.5193204577672371,0.18269367740017214,-0.8351755913733019,168.77808092274796,9.159159259059264e-21,0.22727272727272727,0.0,0.6060606060606061,2.02,0.0,0.0,0.8333333333333334,4.66,0.0
62aa4aba6960dfb1b61f7583,435.648,,0.3135238963171219,0.9999546021312976,0.26307332801429456,172.43220597542674,3.692915135601243e-19,0.2196969696969697,0.0,0.7121212121212122,5.05,0.0,0.0,0.16666666666666666,8.61,0.0
63dcc00d97b599698e60a1a6,583.619,,4.5397868702434395e-05,4.5397868702434395e-05,0.7025887288376846,198.439231494046,1.2049411453028927e-07,0.5606060606060606,0.0,0.3106060606060606,14.32,0.0,0.0,0.0,20.53,3.0
63bef4ddef5b4d7295effbbd,320.975,,4.5397868702434395e-05,4.539819394197863e-05,0.5256947011789642,204.08089467904873,4.3098240518703085e-05,0.696969696969697,0.0,0.45454545454545453,1.5,0.0,0.0,0.16666666666666666,7.78,0.0
5f5834134283933a1c3b42d0,492.639,,0.3763296341143063,0.9042842970256412,-1.0,162.02814196052495,9.995764943580935e-24,0.1590909090909091,0.0,0.5075757575757576,17.75,0.0,0.0,0.0,36.61,0.0
6092dea4efd6d61350f0fdbf,382.153,,0.23325216280275296,0.11189177728648192,-0.8491487347347823,197.0067689234379,2.747589402667606e-08,0.08333333333333333,0.0,0.38636363636363635,2.79,0.0,0.0,0.0,8.94,0.0
60fcdd3be2ae9576df065728,436.738,,0.0008161199307352847,0.9992463358682644,0.20959568443168206,211.1605512056289,0.10887286977215097,0.05303030303030303,0.0,0.17424242424242425,6.7,0.0,0.0,0.16666666666666666,15.58,1.0
63ea4301f63c1d26f0ff83e9,391.848,,4.5397868702434395e-05,4.7040984487201956e-05,0.1903287321292269,211.26065349326916,0.12366313441664153,0.045454545454545456,0.0,0.30303030303030304,3.02,0.0,0.0,0.0,16.75,0.0
63bd8be8f8c532da7bb5431e,511.136,,0.04657731890057716,4.5397868702434395e-05,1.0,134.57586579202123,9.64962206445992e-36,0.26515151515151514,0.0,0.5833333333333334,14.02,0.0,0.0,0.0,38.69,0.0
63b6be60f23fd8e0399f668c,477.424,,0.033922185473729737,0.7058688358905661,0.09264345159668595,211.71441873651085,0.2264896748113971,0.48484848484848486,0.0,0.15151515151515152,23.15,0.0,0.0,0.0,46.51,0.0
63f3a7e45f338798fd025d99,382.881,,0.08557455941778377,0.6016287276478786,1.0,205.6569130688739,0.00022887842932754377,0.44696969696969696,0.0,0.49242424242424243,3.16,0.0,0.0,0.0,17.56,0.0
6105338a15c74e8435e95c71,370.891,,0.15750340091870169,0.9999546021312976,-0.36758254709367194,181.28205819446399,2.9083645729725215e-15,0.5984848484848485,0.0,0.12121212121212122,5.61,0.0,0.0,0.3333333333333333,22.77,0.0
63d7a6a997f03198526a1941,633.993,,0.015573132493860173,0.9417044274937102,0.3157585821245122,211.18840818943468,0.11278247754091827,0.2196969696969697,0.0,0.12121212121212122,14.04,0.0,0.0,0.5,29.5,0.0
631b428359f449b8159625f8,554.047,,0.16824915733917964,4.5397868702434395e-05,1.0,108.9153518285917,6.013316256936064e-47,0.19696969696969696,0.007575757575757576,0.9924242424242424,15.08,0.0,0.0,0.0,28.44,0.0
631381096e95278a3f97fed4,676.432,,0.1947053802031764,0.5877358103793238,0.1701563669807621,210.05570400278128,0.0287887622667175,0.26515151515151514,0.0,0.16666666666666666,52.3,0.0,0.0,0.0,47.81,0.0
6144bf2539bc8f85335af4be,525.09,,0.1741418328315608,0.3930554572948689,0.06321804619069096,195.47036347018837,5.6521059624667804e-09,0.0,0.0,0.1893939393939394,11.85,0.0,0.0,0.0,29.82,0.0
63f049c2d78b2bc822a16dac,534.309,,0.4667235934179504,0.9999546021312976,-1.0,152.0938520349176,4.436424834833515e-28,0.007575757575757576,0.0,0.4393939393939394,21.24,0.0,0.0,0.16666666666666666,28.72,1.0
63d1819e544fa53e891614ec,537.832,,0.0031375510659425823,0.418607412839192,-0.3507474520384937,208.91436852695654,0.007869774199374457,0.36363636363636365,0.0,0.4090909090909091,17.47,0.0,0.0,0.0,13.49,0.0
63ea63669423c84daf2c5dbd,768.074,,0.08377598258599406,0.4639309839877939,1.0,202.26898301901122,6.437042696385768e-06,0.48484848484848486,0.015151515151515152,0.4318181818181818,52.93,0.0,0.0,0.3333333333333333,14.94,1.0
63f791c69ca73d3460eeb2d9,710.366,,0.4244905423938456,0.8621575476999853,-1.0,159.36289167037756,6.781613006151494e-25,0.022727272727272728,0.0,0.4696969696969697,11.42,0.0,0.0,0.0,16.77,0.0
60fd80b85dd6b22f66d16822,360.863,,0.03688141353967563,4.5397868702434395e-05,0.4886403457717864,199.37237635716025,3.164118489512563e-07,0.25,0.0,0.06060606060606061,3.84,0.0,0.0,0.0,15.2,0.0
5ad2c8334d061300011b1985,389.372,,0.036730084558932584,4.5397868702434395e-05,1.0,133.75117353496037,4.2081547709928776e-36,0.5303030303030303,0.0,0.7803030303030303,4.39,0.0,0.0,0.0,11.73,1.0
63d9f41910c61f3eb102079f,600.368,,0.11587799849777716,0.8214542943717152,-0.9742239173903158,191.524089802684,9.888250952516669e-11,0.015151515151515152,0.0,0.3181818181818182,11.21,0.0,0.0,0.0,42.81,0.0
570fa921f895a7000f38ca6f,463.548,,0.7264966874334494,4.5397868702434395e-05,1.0,186.35471045378915,5.058288107155644e-13,0.3484848484848485,0.0,0.553030303030303,5.12,0.0,0.0,0.0,16.57,0.0
63d404f4eaf69448ef9e09e6,495.974,,0.15880561332808593,0.15933659000211858,1.0,174.7603294230688,3.900872896318013e-18,0.0,0.007575757575757576,0.22727272727272727,4.38,0.0,0.3333333333333333,0.0,18.72,3.0
63d000d62878aa92b833c5fc,483.007,,0.0010529761535345292,0.999839133452025,0.2038128385777689,211.25708397854964,0.12309905329669668,0.48484848484848486,0.0,0.26515151515151514,8.65,0.0,0.0,0.3333333333333333,77.0,0.0
63212cf14928ea89262e9f24,584.922,,0.0037966592227600023,4.5397868702434395e-05,1.0,183.96401349532684,4.439575748460056e-14,0.3333333333333333,0.007575757575757576,0.4166666666666667,45.04,0.0,0.0,0.3333333333333333,27.12,3.0
5c047357d30e3200016dd9fa,337.164,,0.6185847237482488,0.9999546021312976,-0.25059635150259546,155.17636160497986,9.929978388759819e-27,0.38636363636363635,0.0,0.7272727272727273,1.67,0.0,0.16666666666666666,0.3333333333333333,14.53,0.0
61509f0576598bbf74387211,325.773,,0.278210966162294,0.6053315713864014,-0.8432057529671794,183.70622868208022,3.415808336639103e-14,0.25,0.0,0.26515151515151514,1.93,0.0,0.0,0.0,4.47,0.0
5df5b9f661721940c46c3cd3,363.497,,0.003789546778320481,4.5397868702434395e-05,-0.27704795963239887,210.70332389315843,0.06192881697395904,0.21212121212121213,0.0,0.23484848484848486,3.15,0.0,0.0,0.0,16.42,2.0
62ded68be9e12bf448a7ffdb,299.796,,0.018100695473212393,0.9999546021312976,-0.037517816388907534,210.837382681718,0.07288404724718672,0.7196969696969697,0.0,0.3106060606060606,11.26,0.0,0.0,0.16666666666666666,24.08,1.0
61650ba8e42101c561bf7335,520.499,,0.02508012930751878,0.6112014299166688,0.5443482515963961,207.85271789115,0.0024385019408865198,0.3787878787878788,0.0,0.17424242424242425,14.54,0.0,0.0,0.0,41.1,0.0
63e5c56c4ddeee504b9fa17f,745.734,,0.4697131519622051,0.6238767162021817,-1.0,187.5948750228317,1.7897627014542566e-12,0.06818181818181818,0.007575757575757576,0.25757575757575757,2.8,0.0,0.0,0.0,22.18,2.0
63e5ffdf639ebdcf35aacb09,479.701,,0.2601285730487376,0.2617972372767765,0.27094044402068235,197.9303963366213,7.123604196880004e-08,0.12121212121212122,0.0,0.23484848484848486,12.01,0.0,0.0,0.16666666666666666,16.57,0.0
61086469e5457fed4f164b8e,615.297,,4.5397868702434395e-05,4.5397868702434395e-05,0.022316789243059496,212.43016891089624,0.8596370110389739,0.23484848484848486,0.0,0.07575757575757576,24.24,0.0,0.0,0.0,40.61,0.0
5fee456f8929f014481adff9,601.134,,0.17094368549216513,4.5397868702434395e-05,1.0,107.61831581132728,1.633579503069836e-47,0.6439393939393939,0.007575757575757576,0.9696969696969697,181.59,0.0,0.16666666666666666,0.3333333333333333,27.93,0.0
611401411bf1ede5a4d85bdc,377.541,,0.12195706724403259,0.0883244467161181,0.3284624959688532,199.60054752026403,4.0079231648233266e-07,0.06818181818181818,0.0,0.3333333333333333,9.01,0.0,0.0,0.3333333333333333,14.76,0.0
636182d3f52ff78fc3f7de50,467.554,,0.0422985385824498,0.5805369589600192,0.11328286102528513,211.42836078858807,0.15372557786133015,0.5454545454545454,0.007575757575757576,0.26515151515151514,8.37,0.0,0.0,0.16666666666666666,42.12,1.0
63d7a0c6fe36d852418ac97a,377.914,,0.14278173208446643,4.5397868702434395e-05,1.0,184.42980852003075,7.130130715997392e-14,0.6060606060606061,0.0,0.45454545454545453,7.61,0.0,0.0,0.16666666666666666,32.14,0.0
63d12f8c48b235842187c959,267.097,,0.007282959198982268,0.9999546021312976,-0.27173969477713783,209.0420019150341,0.00907704277191554,0.8409090909090909,0.0,0.3181818181818182,23.12,0.3333333333333333,0.0,0.3333333333333333,4.68,0.0
5d1ce77cbac9bf001a4954f7,377.692,,0.18743616506824856,0.38125157252114217,-0.8678560139252961,198.10243134648755,8.508406076559497e-08,0.05303030303030303,0.0,0.16666666666666666,2.08,0.0,0.0,0.16666666666666666,10.96,0.0
5ec0aeb3d216ee36d856ead2,386.011,,0.0026266663833595404,0.9999546021312976,-1.0,179.35441538505222,4.1098787522827247e-16,0.03787878787878788,0.0,0.3106060606060606,10.18,0.0,0.0,0.16666666666666666,15.56,0.0
640377e3d569a80850182891,367.567,,0.07994158349201176,0.9999546021312976,-0.8473470759569156,186.26315705497888,4.607957294643234e-13,0.29545454545454547,0.0,0.4393939393939394,1.34,0.0,0.0,0.5,14.03,0.0
611d4519393cabb9a4a46ebd,533.999,,0.06670102570403072,0.26801341817703156,-0.1236879260175577,207.5312553108097,0.0017177253972864525,0.0,0.0,0.25,10.82,0.0,0.0,0.16666666666666666,26.7,0.0
5a983a931ade740001b8ea50,450.144,,0.38703908319488206,0.2307237630652731,1.0,194.3520605947623,1.7921754626371872e-09,0.022727272727272728,0.0,0.4015151515151515,4.93,0.0,0.0,0.16666666666666666,25.42,1.0
64015b86a1764cf737326eb7,433.802,,0.015655135814150786,0.5639466751349943,0.35450902506452003,210.18208014710854,0.03335531158359483,0.3712121212121212,0.0,0.22727272727272727,8.48,0.0,0.0,0.0,29.29,0.0
60ce8efd3dc93c8607362691,393.362,,4.5397868702434395e-05,4.5397868702434395e-05,1.0,172.88743992151421,5.854646871052359e-19,0.4090909090909091,0.0,0.7272727272727273,2.62,0.0,0.0,0.5,3.56,2.0
62715bfe8dcc19e21152dce0,499.376,,0.05905532050964151,0.0795295877539422,0.9150341754414446,189.18491048698056,9.060538521101763e-12,0.5757575757575758,0.0,0.3560606060606061,12.86,0.0,0.0,0.0,33.54,1.0
63f807017a338dfff169fea8,626.48,,0.20959945743282868,0.7601774811232437,-1.0,175.12409216209699,5.638913345221293e-18,0.0,0.0,0.19696969696969696,6.55,0.0,0.0,0.16666666666666666,31.38,0.0
63d89eb9781fd5479e5c175a,472.751,,0.01547180480536098,0.9999546021312976,0.05833348538215892,211.91008807274756,0.30062204856965385,0.030303030303030304,0.0,0.3939393939393939,9.77,0.0,0.0,0.0,22.24,0.0
5bf0cb0411439b000168edda,355.45,,0.061086196425030825,0.14811663143572396,-0.23712566412688948,208.89964704786718,0.007741519256517861,0.06818181818181818,0.0,0.4393939393939394,1.54,0.0,0.0,0.5,4.51,1.0
64077ddd11208afe2bec171a,515.264,,0.07121542596680257,0.4513013599818209,0.462152072553842,209.40874645154955,0.013717693513633217,0.12878787878787878,0.0,0.32575757575757575,7.73,0.0,0.0,0.0,13.17,0.0
5c9bfbfa325c3d001ad360a8,1126.03,,4.5397868702434395e-05,0.9999546021312976,-1.0,130.8367899901465,2.241765071023941e-37,0.17424242424242425,0.015151515151515152,0.9242424242424242,17.97,0.0,0.0,0.5,252.42,1.0
6400f8f41e203f131c68b79f,403.017,,0.02164859671813942,4.5397868702434395e-05,1.0,185.65056569830338,2.4695350866974424e-13,0.3560606060606061,0.0,0.2727272727272727,5.14,0.0,0.0,0.0,44.95,0.0
6401094035971e9972e06328,588.639,,0.6258247139983742,0.3690220087848074,0.5324584107787469,171.2960468022203,1.1695079856647275e-19,0.0,0.0,0.4015151515151515,10.72,0.0,0.16666666666666666,0.16666666666666666,42.35,0.0
63ecff07b619306f41db42fa,336.266,,0.6758191727593157,0.22720763209525585,-1.0,178.3260263898256,1.4479188910604277e-16,0.5833333333333334,0.0,0.4772727272727273,19.63,0.0,0.0,0.6666666666666666,15.41,1.0
604945573fc8844cdd15b9bf,468.997,,0.26424769269464754,0.6278834339371469,-1.0,180.57359433012766,1.4165421261452041e-15,0.0,0.0,0.38636363636363635,8.12,0.0,0.0,0.0,22.54,0.0
580777dd827ca10001db494b,425.671,,0.39371540098640095,0.37614231775050366,0.33006883134930476,194.89610424547863,3.132972504549338e-09,0.0,0.0,0.22727272727272727,4.0,0.0,0.0,0.16666666666666666,19.42,0.0
5ede9b80b8a141131edabbe1,561.119,,4.5397868702434395e-05,0.9999546021312976,-1.0,177.96972070660894,1.0088072911529334e-16,0.022727272727272728,0.015151515151515152,0.25,26.45,0.0,0.0,0.0,42.65,0.0
6110ac49fa97e0c2c87223a2,519.85,,0.04148810312276353,0.46510691085336764,-0.4750233119325643,208.333757884493,0.004133785774922329,0.015151515151515152,0.022727272727272728,0.17424242424242425,8.79,0.0,0.0,0.16666666666666666,10.11,0.0
63bc9e8cd8106f8d94c636d4,372.137,,0.031766391185661116,0.9999546021312976,0.9280144761924849,205.5931713164723,0.00021385397582674603,0.1893939393939394,0.0,0.5151515151515151,5.64,0.0,0.0,0.0,20.85,1.0
63fac97f0d4e8f6bfd753d90,304.111,,0.0648738493939709,4.5397868702434395e-05,-1.0,194.5695949573361,2.240536020100831e-09,0.5833333333333334,0.0,0.5303030303030303,3.02,0.0,0.0,0.0,16.3,0.0
6400e07f37c248e81cbc9d41,476.197,,0.3243593629835921,0.9999546021312976,-1.0,159.25484023964165,6.080975422196228e-25,0.0,0.0,0.42424242424242425,4.65,0.0,0.0,0.0,15.64,0.0
63df609cf58947e964792bb6,300.446,,0.0030197617801039542,4.539786878241134e-05,-0.36494042826439455,209.06549260631698,0.00931911844206391,0.7045454545454546,0.0,0.3484848484848485,1.9,0.0,0.0,0.16666666666666666,10.91,0.0
6156a0460b95fa57be8312c4,430.376,,0.0035991825272971203,0.4606517479749226,0.32845149917817307,209.08278022846102,0.009501486373866759,0.4015151515151515,0.0,0.14393939393939395,13.42,0.0,0.0,0.0,18.6,0.0
63b6e5e23b31a38790ff1ce2,373.681,,0.22676515602339894,0.49924008544576387,1.0,198.62040693795996,1.4531233300978004e-07,0.19696969696969696,0.0,0.4772727272727273,2.78,0.0,0.0,0.0,13.79,0.0
60fc9ce95a59b3400b38e2a7,548.702,,0.1219035667119536,0.9999546021312976,-0.2465075116760431,188.25805215749955,3.5193700683951436e-12,0.007575757575757576,0.0,0.42424242424242425,9.53,0.0,0.0,0.0,32.83,0.0
6276b88b3b4036b3f0ca289b,461.487,,0.18586530647018432,0.6481529731176745,-1.0,196.44102395578733,1.5341564972752627e-08,0.30303030303030304,0.007575757575757576,0.49242424242424243,4.19,0.0,0.0,0.16666666666666666,28.49,0.0
63034df51d918e1e3b97e5ce,731.497,,0.1102987400586425,0.4989528866204084,0.003763826482540727,205.59194339357856,0.0002135745152157971,0.015151515151515152,0.007575757575757576,0.18181818181818182,18.88,0.0,0.0,0.0,57.7,1.0
63fffd232a889b722046523c,487.525,,0.14847505730611438,0.4002332034365048,0.3704549142984889,207.2483088566036,0.001263576041440312,0.015151515151515152,0.0,0.007575757575757576,15.0,0.0,0.0,0.0,44.22,0.0
63d1834e69a637cd32f16634,263.983,,0.002141989177703022,0.9999546021312976,1.0,186.6863544312141,7.091114419139863e-13,0.9696969696969697,0.0,0.3787878787878788,4.37,0.0,0.0,0.16666666666666666,3.81,0.0
63d420b1d5b7dc6a3a4c50aa,526.257,,0.021276884981751152,0.6786817965175087,-0.10856676577796978,210.95782522992482,0.08451005769249254,0.10606060606060606,0.0,0.26515151515151514,16.12,0.0,0.0,0.0,40.02,0.0
63e316f79fdeba5ba50385e1,510.96,,0.13503397091781494,0.9058199785649782,-1.0,178.0341646051852,1.0769389901888507e-16,0.14393939393939395,0.0,0.30303030303030304,14.96,0.0,0.0,0.0,24.44,0.0
5f19fbbb7767270c32464eb5,477.169,,0.2645557184792315,0.2749367486834654,0.12854241342146128,205.62332942981192,0.00022083446685825666,0.42424242424242425,0.0,0.4166666666666667,12.15,0.0,0.16666666666666666,0.0,33.8,0.0
63d3fb1c82d319ac2f752d80,448.026,,0.10030607922466207,0.7414448797352619,0.26368793242027994,205.31478954425464,0.00015904100693972824,0.16666666666666666,0.0,0.5303030303030303,4.4,0.0,0.0,0.0,12.51,0.0
611343092396f1d9ed7018ad,535.206,,0.4694673849924544,0.3290484964922188,-0.2948572507039298,197.39928831969462,4.118081790535677e-08,0.015151515151515152,0.015151515151515152,0.2196969696969697,7.6,0.0,0.0,0.0,25.62,0.0
60fcd9368e8d2b8740cf9251,785.425,,0.0048238573140840495,0.30876227138406565,0.0033776474589408126,212.39699186954184,0.7546983849394873,0.030303030303030304,0.0,0.10606060606060606,136.78,0.0,0.0,0.16666666666666666,84.44,0.0
641ec1a9d9fe8a0941e39862,376.654,,0.10084898509040854,4.5397868702434395e-05,0.8571995821317411,189.83180069536544,1.7537895851564154e-11,0.22727272727272727,0.0,0.3181818181818182,2.97,0.0,0.0,0.16666666666666666,5.13,0.0
5b608617208f1c000100bdeb,455.84,,4.5397868702434395e-05,4.5397868702434395e-05,1.0,183.51526045735488,2.812969043960707e-14,0.03787878787878788,0.0,0.4621212121212121,5.88,0.0,0.0,0.8333333333333334,16.71,0.0
63f78c9346da47f7f8f3aef9,297.398,,0.3552446776854068,0.9516565427212649,0.6697702257123611,163.7292670171013,5.570768131697029e-23,0.2878787878787879,0.0,0.5606060606060606,1.84,0.0,0.0,0.0,7.68,1.0
6320e37620d067c7d322246a,504.959,,0.03655383939309367,0.6635059053014516,-0.25973357382173484,208.9824216477699,0.008491511887383046,0.08333333333333333,0.0,0.3939393939393939,19.45,0.0,0.0,0.16666666666666666,33.46,0.0
63dd3dd2593c92be97d8dbde,348.807,,0.026836848572849167,4.5397868702434395e-05,1.0,124.43779303332511,3.5920054297925233e-40,0.5681818181818182,0.0,0.9318181818181818,8.48,0.0,0.0,0.3333333333333333,16.26,0.0
5bfb5784a66aa500019dabef,441.12,,0.1896489867622472,0.38436984526380963,-0.17315174998732977,191.36743131241892,8.4242828146902e-11,0.0,0.0,0.30303030303030304,22.48,0.0,0.0,0.16666666666666666,16.58,0.0
6400caf68d8b75041e36f702,713.165,,4.5397868702434395e-05,4.5399407555299706e-05,0.4309887733455522,206.66273416689225,0.0006716367973162294,0.07575757575757576,0.045454545454545456,0.32575757575757575,26.0,0.0,0.0,0.16666666666666666,13.08,0.0
610c736500a4b33398fef94f,417.421,,0.3075984259503817,0.4441770080758267,-0.23717930931655518,193.38461239612707,6.644350213016427e-10,0.0,0.0,0.19696969696969696,7.6,0.0,0.0,0.3333333333333333,28.3,0.0
63174f52c207f299e8f8dc08,457.17,,0.34093887542731166,0.5430444454006874,-0.5710645993230314,196.51700389054855,1.6589918118165797e-08,0.0,0.0,0.23484848484848486,5.19,0.0,0.0,0.0,17.39,0.0
631ce86c7a3ce20f628bae05,463.268,,0.10668899180915918,4.5397868702434395e-05,-0.07154956847754841,200.01915126326566,6.186284804764087e-07,0.1590909090909091,0.0,0.4166666666666667,3.36,0.0,0.0,0.16666666666666666,14.5,2.0
63f7b890b9c9e7b19a2e9281,349.272,,0.12458265276727372,0.9458920366036455,0.1869501682185351,196.1854199644122,1.179255340762504e-08,0.3939393939393939,0.0,0.21212121212121213,7.74,0.0,0.0,0.0,15.47,0.0
5f507fb3e29c991f68f5879a,408.587,,0.006496215176088959,0.9999546021312976,0.6754121556615079,203.41004996218282,2.1276139785482185e-05,0.022727272727272728,0.0,0.10606060606060606,5.74,0.0,0.0,0.0,8.19,0.0
5d69d7e23aed95001b1aa05c,420.282,,0.3755752509372799,0.17750792802400556,-0.6142297939536716,170.63549925417732,5.994483318967752e-20,0.022727272727272728,0.0,0.4166666666666667,3.7,0.0,0.0,0.16666666666666666,7.7,1.0
5766d2f7fdff7a0001c1285b,438.005,,0.029596191942516562,4.5397868702434395e-05,1.0,151.67221544509135,2.9002196700746326e-28,0.14393939393939395,0.0,0.7196969696969697,84.82,0.0,0.0,0.3333333333333333,7.82,0.0
6127e94c6abf253c484b38b7,356.908,,0.9622942004029336,0.4948027638769337,0.3196162480521248,170.6656448082585,6.180119660701006e-20,0.26515151515151514,0.0,0.36363636363636365,4.25,0.0,0.0,0.0,17.44,0.0
6400dc45648545e7ca8f35a6,504.731,,0.09871390152528511,0.9999546021312976,0.24387022679362308,198.29106605742774,1.0338859149602273e-07,0.11363636363636363,0.0,0.4621212121212121,7.62,0.0,0.0,0.0,19.93,0.0
631e8c52a408a788b7e62e11,379.022,,0.297004105716153,4.5397868702434395e-05,1.0,150.41726497920763,8.185477262025419e-29,0.19696969696969696,0.015151515151515152,0.6439393939393939,2.94,0.0,0.0,0.0,11.94,0.0
5f721a81ee2a860fe028a8a4,926.632,,0.13600960538565665,0.9999546021312976,-1.0,136.20345061299344,4.96467122841959e-35,0.030303030303030304,0.007575757575757576,0.4696969696969697,18.28,0.0,0.0,0.16666666666666666,40.82,1.0
63ea5b93d1c6d38e1f57dcfa,405.089,,0.40919964715912094,0.7611873178765204,-1.0,184.78459400035203,1.022950945617092e-13,0.29545454545454547,0.0,0.45454545454545453,4.88,0.0,0.0,0.5,18.4,1.0
6400d9235287137e7b62fd29,389.938,,0.03591266210456957,0.644724451209155,0.5088124570643993,208.3890015469941,0.004393424929202143,0.2727272727272727,0.015151515151515152,0.32575757575757575,2.58,0.0,0.0,0.16666666666666666,8.35,0.0
63ee5e103b44d07673cc8bd6,295.246,,0.12320572552252845,4.5397868702434395e-05,-0.6744481700733309,195.13275916943832,3.99515538222741e-09,0.3712121212121212,0.0,0.3181818181818182,1.33,0.0,0.0,0.5,7.76,1.0
64141beda1cef49212be9b6c,298.977,,0.012613787477948545,0.9999546021312976,0.6067594492460073,206.9230995627363,0.0008890705088846752,0.8787878787878788,0.0,0.20454545454545456,2.63,0.16666666666666666,0.0,0.16666666666666666,11.64,1.0
63210b26bd58960c97b47ddc,507.383,,0.16709138366040488,0.6406587039551407,1.0,194.9565016418811,3.3334794955786388e-09,0.045454545454545456,0.0,0.2878787878787879,9.05,0.0,0.0,0.16666666666666666,8.74,4.0
6414cd5e294152ef610c1272,480.118,,0.005951951256667096,0.9999546021312976,0.3044022919666583,210.6472612182054,0.057880928668753315,0.49242424242424243,0.0,0.10606060606060606,18.21,0.0,0.0,0.0,15.54,4.0
62acc04d0a7788636b0e9915,470.599,,0.036371204518569754,0.9999546021312976,-1.0,180.0182290338178,8.061108801451318e-16,0.3484848484848485,0.0,0.5757575757575758,16.72,0.0,0.0,0.3333333333333333,30.19,0.0
61010ed79b9d528dcd376bc7,385.539,,0.18231269649422865,0.5577679814969667,1.0,197.94874935491498,7.259869554296427e-08,0.696969696969697,0.007575757575757576,0.3787878787878788,8.71,0.0,0.0,0.0,24.15,1.0
63e885e4e1fc973179d56f63,566.653,,0.05924688681001605,0.9999546021312976,0.6212197639688062,207.24373825793515,0.0012573362518240021,0.007575757575757576,0.007575757575757576,0.26515151515151514,5.48,0.0,0.0,0.16666666666666666,25.03,1.0
63f477547d2302b4346299f4,854.233,,4.5397868702434476e-05,4.5397868702434395e-05,1.0,165.03135990307103,2.0757412883074373e-22,0.18181818181818182,0.0,0.5227272727272727,72.64,0.0,0.0,0.0,124.41,0.0
6111803025c0b80658532a61,420.391,,4.5397868702434395e-05,4.5397868702434395e-05,0.2764411691543345,209.9817377785337,0.026422845029272196,0.0,0.0,0.38636363636363635,4.01,0.0,0.0,0.3333333333333333,6.83,0.0
5efc1d4ee23e2a011ded073e,351.429,,0.005689872136962304,0.9998064797378681,0.09761729116011679,212.36168581795553,0.681683197368862,0.29545454545454547,0.0,0.4015151515151515,2.76,0.0,0.0,0.0,8.68,1.0
641bb28bd1adb042a01a9d5f,306.311,,0.002665918358115261,0.9999546021312976,0.17498405775120773,211.74751857925878,0.23729842011933147,0.553030303030303,0.007575757575757576,0.24242424242424243,2.41,0.0,0.0,0.5,5.46,0.0
60fcf7102d7c9907d95a0920,371.53,,0.7031099999279683,0.5940639902355846,-0.008541910424302333,184.8744671250499,1.1209063936951455e-13,0.15151515151515152,0.007575757575757576,0.3939393939393939,1.78,0.0,0.0,0.3333333333333333,7.77,0.0
63eeaedb26e599e86e8f7929,664.178,,0.1762973364912052,0.8666533910334093,-1.0,176.95770798902592,3.615615656645546e-17,0.0,0.0,0.25,28.76,0.0,0.16666666666666666,0.0,25.14,0.0
62b33e2a447824fbd0770025,553.928,,0.15561962784901526,0.9568182430490707,-0.7992197568638361,188.78752105031202,6.039957108871225e-12,0.007575757575757576,0.0,0.13636363636363635,7.47,0.0,0.0,0.0,26.41,0.0
63b6cc23f13731158517f900,551.233,,0.21118471327048494,0.5585225401758457,0.973493546734469,194.00846984110194,1.2597202343545143e-09,0.0,0.0,0.23484848484848486,5.87,0.0,0.0,0.0,26.08,1.0
63ced96b01986b01ef133497,521.014,,0.009925480297311893,4.5397868702434395e-05,1.0,174.68749398186858,3.62343881818389e-18,0.42424242424242425,0.0,0.6060606060606061,15.98,0.0,0.0,0.0,37.02,1.0
63f0fb9941434d10e8e4909b,1222.505,,0.12272470301154634,0.2923479641690115,0.3500961807271258,201.15315023924055,2.0101591924614204e-06,0.0,0.007575757575757576,0.3484848484848485,24.77,0.0,1.0,0.3333333333333333,78.76,0.0
5cd10012174fc60016c10ffd,506.296,,4.5397868702434395e-05,0.9999546021312976,0.0005128210936747357,212.44961840342964,1.0,0.0,0.0,0.030303030303030304,7.37,0.0,0.0,0.0,33.69,0.0
641359eb0e2dc93999637e35,860.386,,0.082728832567241,4.5397868702434395e-05,0.18840582838907094,195.62213641945308,6.6065292957057974e-09,0.007575757575757576,0.007575757575757576,0.2878787878787879,14.53,0.0,0.16666666666666666,0.16666666666666666,75.07,1.0
63d2bc12a843f8466a8f83e0,546.348,,0.9999546021312976,0.8428781682012454,-0.7325421387879,143.20220260969776,5.70216471734607e-32,0.007575757575757576,0.0,0.4318181818181818,13.8,0.0,0.0,0.0,71.33,1.0
610b416fd4f5d1dcfaa28d7a,465.434,,0.8711475556013198,0.5669234879596928,-1.0,175.32506311935003,6.91224124733763e-18,0.0,0.0,0.24242424242424243,10.85,0.0,0.0,0.16666666666666666,12.14,0.0
63d9f31dba727de153019798,336.128,,4.5397868702434395e-05,4.5397868702434395e-05,1.0,148.39548286564988,1.066931827701735e-29,0.6666666666666666,0.0,0.553030303030303,5.47,0.0,0.0,0.8333333333333334,21.47,0.0
620bdd8ca922fc3f247f6c82,335.259,,0.03640328315954169,4.5397868702434395e-05,-1.0,206.28382577040134,0.0004471816494667279,0.25757575757575757,0.0,0.26515151515151514,3.28,0.16666666666666666,0.0,0.16666666666666666,5.62,0.0
