PROLIFIC_PID,totalTime,subjLR_3prm,subjD_3prm,subjp0_3prm,subjNLL_3prm,subjLRTp_3prm,qa:dec_%rt<300,qa:dec_%rt>10000,qa:dec_%Conseqs,qa:dec_instruxDur,qa:frat_%rt<300,qa:frat_%rt>10000,qa:frat_%Conseqs,qa:frat_instruxDur,qa:blurEv
5f2f86864fd821374b4367bc,317.618,0.4551685529762138,0.4161543608470413,-0.9999092042625952,205.9136698571032,0.0003009826206276,0.7803030303030303,0.0075757575757575,0.8712121212121212,2.0,0.0,0.0,0.8333333333333334,0.6,0.0
61492ac26b91b5b11ba2c88b,504.727,0.1839588090610147,0.1690471770480373,-0.4073842148465583,192.7074772393412,3.320049199342925e-10,0.0,0.0,0.1590909090909091,7.36,0.0,0.0,0.0,29.62,0.0
60234c1d5a0cf81cba76ce5d,1140.393,0.0142986633544197,0.8473330637010645,-0.0802673820768951,210.37064349475617,0.0416266099282237,0.0,0.053030303030303,0.1590909090909091,22.99,0.0,0.3333333333333333,0.0,56.12,0.0
6362aca86b740b1ec4cb6efb,635.299,0.0697004062761814,0.9999546021312976,-0.5279384152387382,173.14891561056976,7.628933527472252e-19,0.3712121212121212,0.0075757575757575,0.2045454545454545,1.86,0.0,0.1666666666666666,0.0,65.18,4.0
60fcd2b146529d02f1566012,442.68,0.1098060271429337,0.9999546021312976,-0.4915429044333885,182.44993843605823,9.525668817628181e-15,0.0,0.0,0.3863636363636363,7.45,0.0,0.0,0.3333333333333333,24.14,0.0
63ed12d2c25b08ba24fe8a41,496.667,0.5235965300703417,0.4765613331671682,0.0381332157849636,171.6876124393468,1.7381462668265993e-19,0.0,0.0,0.2196969696969697,6.32,0.0,0.0,0.3333333333333333,16.07,1.0
5d412a9013864b0015b14b31,324.832,0.0375483085254573,4.53978687024344e-05,-0.2690896352535127,209.60630600781616,0.0171691813373891,0.6590909090909091,0.0,0.3484848484848485,4.58,0.0,0.0,0.0,19.13,0.0
63d2bc12a843f8466a8f83e0,546.348,0.9999546021312976,0.8428781773274261,-0.3507258903594704,143.20220260969765,5.702164717345414e-32,0.0075757575757575,0.0,0.4318181818181818,13.8,0.0,0.0,0.0,71.33,1.0
610b416fd4f5d1dcfaa28d7a,465.434,0.8766341984385729,0.5659034386277852,-0.6775020667876717,175.14065535335166,5.7343300783537916e-18,0.0,0.0,0.2424242424242424,10.85,0.0,0.0,0.1666666666666666,12.14,0.0
63d9f31dba727de153019798,336.128,4.53978687024344e-05,4.53978687024344e-05,0.9999092042625952,126.65430469627418,3.3375882376766275e-39,0.6666666666666666,0.0,0.553030303030303,5.47,0.0,0.0,0.8333333333333334,21.47,0.0
620bdd8ca922fc3f247f6c82,335.259,0.0368128258422898,4.53978687024344e-05,-0.4674260804612379,206.28324165258405,0.0004469018705634,0.2575757575757575,0.0,0.2651515151515151,3.28,0.1666666666666666,0.0,0.1666666666666666,5.62,0.0
62ec219e5f3634408fb35580,462.284,0.0768827692417468,0.9999546021312976,0.2937897188729239,201.58648187399044,3.157078476683579e-06,0.1893939393939394,0.0,0.3863636363636363,10.25,0.0,0.0,0.0,29.29,0.0
594936ad4152bf0001bfd5cd,407.559,0.6261520867986838,0.8654137759996571,0.0231279776185313,173.81179834547902,1.4926401262552153e-18,0.0,0.0,0.3181818181818182,6.83,0.0,0.0,0.0,10.92,0.0
63d842d3e9626bd5fe5c17b1,675.732,0.0849314333207565,0.7539920895449043,0.6877209333956256,203.2203658717833,1.743405700195938e-05,0.803030303030303,0.0,0.7121212121212122,9.1,0.0,0.0,0.0,47.24,1.0
631bc422eec20143118ad66b,316.584,0.0740695387694512,4.53978687024344e-05,0.8350638690268872,163.94177764223488,6.904591491670323e-23,0.8560606060606061,0.0,0.5151515151515151,6.89,0.0,0.0,0.5,4.68,1.0
58016c9f551314000145af58,471.173,0.0432083820345162,4.53978687024344e-05,-0.0629356396725648,207.5229488668628,0.0017022817034872,0.5909090909090909,0.0,0.5378787878787878,7.46,0.0,0.0,0.1666666666666666,21.06,2.0
63d1c10210ce566ce71616e8,419.72,0.024495948336167,0.0495384444858896,-0.076490085686699,210.9354729778338,0.0822098543453296,0.4166666666666667,0.0,0.1439393939393939,5.71,0.0,0.0,0.1666666666666666,26.35,0.0
5e55e83cc65ccb5ed547cb04,622.936,0.0479548882777196,0.4530830894644995,0.1029463692597327,210.6850226596457,0.0605752761857102,0.0227272727272727,0.0,0.0227272727272727,45.04,0.0,0.0,0.1666666666666666,50.17,0.0
63e5b3e89a3823139cb9d35e,335.92,0.1545372260866649,0.1437059732676998,0.6298518469092678,185.0020663658843,1.2763171408561674e-13,0.803030303030303,0.0,0.7424242424242424,7.36,0.0,0.0,0.1666666666666666,6.21,1.0
6400ea4cec0b310140841b2d,438.28,0.0394518864147253,0.4087277451681337,-0.4451972087779025,199.2414010650803,2.762779436763264e-07,0.2272727272727272,0.0,0.2272727272727272,10.95,0.0,0.0,0.0,15.38,0.0
6352b3c968388ef86f3556db,360.793,0.2113319988830568,0.2173703837873996,0.9999092042625952,170.16133321369088,3.710482000635644e-20,0.1439393939393939,0.0,0.4318181818181818,2.11,0.0,0.0,0.0,8.86,0.0
63dc7b5bf451a34177b66c66,459.587,0.2016314212773952,0.8054686359080754,-0.6753542000909682,182.7841381435872,1.3378087574905976e-14,0.2045454545454545,0.0,0.3787878787878788,8.47,0.0,0.0,0.0,19.5,0.0
63d881ab484805569b553bd8,533.905,0.0277704938265377,0.7047084383588406,0.2899449740852822,208.42754711200868,0.0045843659876727,0.1287878787878787,0.0,0.1136363636363636,4.48,0.0,0.0,0.0,28.24,0.0
63d43dc4b4b7a0e426a381cd,534.733,0.1771377194036306,4.53978687024344e-05,-0.0356046024090003,191.1646067761649,6.846303236590943e-11,0.0,0.0,0.3257575757575757,8.24,0.0,0.0,0.3333333333333333,19.36,0.0
5e7abb2c6c89e4000a180b4a,526.602,0.2180201781298759,0.9999546021312976,-0.6084474995404155,145.17899791148864,4.175913715385553e-31,0.0,0.0,0.4545454545454545,11.27,0.0,0.0,0.1666666666666666,30.92,0.0
63d42c21dc6f4d60e34cc337,503.41,4.53978687024344e-05,0.0087707687229584,0.4142678764931071,192.05620816035423,1.7043821828797543e-10,0.1893939393939394,0.0,0.1666666666666666,11.15,0.0,0.0,0.1666666666666666,33.53,0.0
62f6bc18e456bdf4bc90dd7b,1462.01,0.0725731691758691,0.2524142079879051,-0.1298124883733425,209.48283908682836,0.0149196558076823,0.4015151515151515,0.0227272727272727,0.5454545454545454,22.21,0.0,0.0,0.1666666666666666,297.74,1.0
632aaef27780d596dc7e0a9f,667.598,0.5024091696627032,0.8384322606195267,-0.2432596367625111,186.8939092694564,8.760896129011856e-13,0.0,0.0,0.2575757575757575,18.27,0.0,0.0,0.0,29.2,0.0
63d6873b65a6170d64a652f6,568.048,0.0856771309973631,4.53978687024344e-05,0.5283705513722963,172.42196654418424,3.654838130929502e-19,0.0075757575757575,0.0151515151515151,0.4924242424242424,6.47,0.0,0.3333333333333333,0.0,37.95,0.0
633fa968afc8d3d2c0d8745c,449.022,4.53978687024344e-05,4.543703101737731e-05,0.0529129222330877,212.0763053308106,0.3899819727277261,0.1439393939393939,0.0,0.2651515151515151,12.07,0.0,0.0,0.0,10.57,0.0
5c3161130cfe9a00012f71ff,282.039,0.0656773637135457,4.53978687024344e-05,0.3691065263009534,183.05579496852485,1.7632278852573073e-14,0.7954545454545454,0.0,0.5909090909090909,2.79,0.0,0.0,0.1666666666666666,2.4,0.0
5f1f3581b5cf3e103cc545c9,689.277,0.1395206617410338,0.7411269732626096,-0.0734560217227509,200.56926321247397,1.0951983404264125e-06,0.0,0.0075757575757575,0.2424242424242424,10.55,0.0,0.0,0.1666666666666666,20.34,1.0
63d42387aba51e699ab9ce5c,283.1,0.0018369979405063,4.53978687024344e-05,0.2861096325261067,201.8878248982801,4.323127244991967e-06,0.6590909090909091,0.0075757575757575,0.0681818181818181,2.88,0.1666666666666666,0.0,0.0,4.94,0.0
5fa935b3d330fa0429da624a,389.613,0.4771592715519779,0.1916699799917282,0.9999092042625952,180.86552903125,1.9052621253145517e-15,0.0075757575757575,0.0,0.2348484848484848,2.54,0.0,0.0,0.0,5.89,0.0
63d97863bc1e08294519edd8,384.577,0.1970333423461871,4.53978687024344e-05,-0.7986304089981792,182.0384143259683,6.27053623854597e-15,0.2348484848484848,0.0,0.6666666666666666,4.38,0.0,0.0,0.0,17.37,0.0
60fefd59226b2b1d87bc36db,802.65,0.0735658769701622,4.53978687024344e-05,0.2790953589882707,191.11967773707656,6.538905665307728e-11,0.0151515151515151,0.0303030303030303,0.3106060606060606,20.0,0.0,0.1666666666666666,0.1666666666666666,223.45,0.0
5f5691fb24d1090e6bcdf1ec,443.622,0.3477909862040034,0.5044713082196756,-0.2353230595065688,199.65320389988975,4.232732580360059e-07,0.1363636363636363,0.0,0.1590909090909091,9.91,0.0,0.0,0.1666666666666666,33.45,0.0
5d5606cd4171ec00182e2b15,326.668,0.0911928798712374,4.53978687024344e-05,0.1792718705873837,193.86254918814373,1.0846053328824462e-09,0.7727272727272727,0.0075757575757575,0.7121212121212122,5.8,0.1666666666666666,0.0,0.3333333333333333,4.92,1.0
6162341a644c08d5cca4b7bb,481.351,0.0502257698629083,4.53978687024344e-05,-0.0631875325157492,206.6130870603577,0.0006367206188988,0.0303030303030303,0.0,0.2575757575757575,4.06,0.0,0.0,0.1666666666666666,31.98,0.0
6400de8f305c51d03c2a9a0e,380.175,0.3777253504304963,0.7816064128449978,-0.2705225078497768,200.52287114435848,1.0436574039224416e-06,0.2424242424242424,0.0,0.1818181818181818,1.94,0.0,0.0,0.0,8.9,0.0
5b184f9768a5ed0001734190,720.175,0.0249674237152174,0.8468721114434181,-0.0241342692964464,210.92966316915857,0.0816231159356112,0.0151515151515151,0.0,0.2196969696969697,214.37,0.0,0.0,0.5,41.08,0.0
56b8de29e1d0a200051517f8,412.837,0.1597282447892008,0.8093665589095475,-0.0473982879848633,204.0505450784766,4.174133941996137e-05,0.0,0.0,0.6893939393939394,9.92,0.0,0.0,0.1666666666666666,15.4,0.0
63fba157c9ebcb0ba6397872,377.702,0.8148598345870016,0.2063035063291361,0.0528795063769607,194.75140032854563,2.7003407920316902e-09,0.303030303030303,0.0,0.3333333333333333,2.81,0.0,0.0,0.3333333333333333,10.03,0.0
63e802622f8052bd67d6c5f0,381.973,0.1640544648287639,0.4447899465483174,0.6466698971425939,197.1876208044497,3.3106164441974187e-08,0.0151515151515151,0.0,0.2954545454545454,5.63,0.0,0.0,0.0,11.98,0.0
63d413840c9c512ac3dfc533,343.548,0.1499089940335707,4.53978687024344e-05,0.9999092042625952,139.79782733816376,1.8503694717979884e-33,0.1212121212121212,0.0,0.6363636363636364,1.12,0.0,0.0,0.0,8.36,0.0
63ed15bed4665c62d9e6dbb2,1424.679,0.1351706792830729,0.7120635953881121,0.1638569214395246,209.86231046738544,0.0230200969515919,0.8484848484848485,0.0,0.5075757575757576,922.96,0.0,0.0,0.0,159.6,0.0
63e1f5009f56fcb831963f19,690.201,0.0161427785021236,0.1454524632627866,0.0709804386213377,210.61177937120655,0.0554650355987648,0.3106060606060606,0.0227272727272727,0.2272727272727272,33.06,0.0,0.0,0.1666666666666666,74.28,0.0
5c4e31b37065de00011f795d,1070.254,4.53978687024344e-05,0.9999546021312976,-0.9999092042625952,103.66349952232989,3.073388422664719e-49,0.0,0.0606060606060606,0.7424242424242424,65.57,0.0,0.1666666666666666,0.6666666666666666,53.38,0.0
572041d6fd3a5200093c1295,311.041,0.0331224057916042,0.9999546021312976,0.4210180075922436,207.37432147363123,0.0014485291099298,0.6818181818181818,0.0,0.6515151515151515,2.0,0.0,0.0,0.1666666666666666,11.1,0.0
63d41088860131e49a85cfac,440.54,0.0548930668312386,4.53978687024344e-05,0.2230793560330417,196.497984208452,1.6268186384462643e-08,0.0833333333333333,0.0,0.1590909090909091,17.55,0.0,0.0,0.0,18.78,0.0
6400e1e1c539ed3882af8d8f,886.013,0.1744758751643543,0.8864302887771227,-0.9999092042625952,170.46929581707266,5.066738222565498e-20,0.0,0.0,0.3257575757575757,23.12,0.0,0.0,0.0,112.34,1.0
63f2e107c4d0bc684b99d2c6,405.341,0.1041814658648973,0.6750482455639052,0.2380174565611306,208.3080939930316,0.0040185346020063,0.2954545454545454,0.0,0.6287878787878788,3.21,0.0,0.0,0.8333333333333334,17.66,0.0
5f43ef4041bb5f11a27aa07e,541.79,0.0388553323322073,0.9595638146376712,0.3916262709626812,206.87264034660825,0.0008419816606917,0.0151515151515151,0.0,0.2196969696969697,17.05,0.0,0.1666666666666666,0.1666666666666666,40.69,0.0
5dbf692c2a1dd63f64ef5ae4,506.952,0.1060060303624197,0.9999546021312976,-0.9999092042625952,119.84098093889122,3.5320787179753933e-42,0.3106060606060606,0.0,0.6363636363636364,8.44,0.0,0.0,0.5,40.78,0.0
5fd8025bcfda8b1165a0b16e,531.762,0.6737118951650671,0.6387943232861003,0.1759663814359156,188.8264841705447,6.284916186694633e-12,0.0151515151515151,0.0,0.1666666666666666,11.18,0.0,0.0,0.1666666666666666,22.04,0.0
60fd933d5461857048f9e74c,439.649,0.0172549067410884,0.3748804216302847,0.5013081834190782,188.57549862410795,4.865084364735427e-12,0.25,0.0,0.3106060606060606,7.17,0.0,0.0,0.0,21.11,0.0
60f75a701ac4cfc5c17cceb7,528.771,0.169462241306818,0.493947513415042,-0.2394301430958215,204.77937602923748,9.013510918340192e-05,0.0,0.0,0.3712121212121212,7.42,0.0,0.0,0.1666666666666666,17.54,0.0
5e87900b524dca41065df104,336.545,0.0005667423237545,0.9999546021312976,0.2331617336174765,205.7789023783307,0.0002606641814707,0.5909090909090909,0.0151515151515151,0.0757575757575757,3.13,0.6666666666666666,0.0,0.6666666666666666,12.15,0.0
5edc0583f16dff0c806bdbb6,420.414,0.1521343373793524,4.53978687024344e-05,0.792328427067797,153.89524632385772,2.7279886489084447e-27,0.3712121212121212,0.0075757575757575,0.5833333333333334,1.59,0.0,0.0,0.3333333333333333,3.62,0.0
608d0831835bd8f85ac9237e,583.844,0.0078285839493618,0.599332479298548,0.3151717345243414,202.37424264409168,7.185811763687965e-06,0.0984848484848484,0.0,0.0909090909090909,18.75,0.0,0.0,0.0,45.17,0.0
6108027a71236aa28a407666,439.409,0.1642722954053656,0.2817970114400562,-0.2507472020727364,202.8316184293495,1.1597684631108976e-05,0.0,0.0,0.3181818181818182,2.01,0.0,0.0,0.5,9.82,0.0
6005fd9c8bbd67931607e518,422.877,4.53978687024344e-05,4.53978687024344e-05,0.8339765236029084,149.0418228884577,2.0464808738155562e-29,0.2878787878787879,0.0,0.7727272727272727,5.68,0.0,0.0,0.1666666666666666,13.49,0.0
5ee71ce25f11c84a3e909b09,579.666,0.1118164197086393,0.4719064029069755,-0.2855312305371668,208.65625946940924,0.0059049244592591,0.1818181818181818,0.0075757575757575,0.4545454545454545,3.62,0.0,0.0,0.0,18.43,0.0
5ec0d47ecf12be4ea2754516,433.187,0.1262159886925608,0.2050730655322418,0.396407184574878,195.28437062019012,4.668637747400833e-09,0.5984848484848485,0.0,0.4166666666666667,3.24,0.0,0.0,0.3333333333333333,6.51,0.0
63e5be4daa8fac2e51d4fe91,336.715,0.213280982692081,0.1485632870780255,-0.8065525663976819,187.4278807375772,1.509626993684006e-12,0.1818181818181818,0.0,0.3636363636363636,4.02,0.0,0.0,0.0,10.02,0.0
60ff4339f5ffb265d16b144f,460.942,0.0337796021739476,0.5869138258948713,-0.0497780837838452,211.71644723668123,0.2271347824809191,0.3484848484848485,0.0,0.0681818181818181,15.28,0.0,0.1666666666666666,0.0,35.83,1.0
63ea4e8c0e9a66f5843ed4ac,277.195,0.0059266446194917,0.9999268977925276,0.4742518647739746,191.93661370657213,1.5080420711447858e-10,0.6212121212121212,0.0,0.7727272727272727,2.14,0.1666666666666666,0.0,0.8333333333333334,5.87,1.0
6361769fee0c219b0f1cc480,396.633,0.0324542891507148,0.9999546021312976,-0.8779899976916152,155.62317787922814,1.5583693049777062e-26,0.1515151515151515,0.0,0.4318181818181818,5.05,0.0,0.0,0.8333333333333334,18.58,0.0
63d13b44f511eff0aef876f2,349.689,0.8680401440186362,0.8912477394235561,0.0784281510438957,165.75262535649316,4.302057282179031e-22,0.1515151515151515,0.0,0.4848484848484848,7.25,0.0,0.0,0.0,20.17,0.0
61021c2ad3b0633be797eddf,587.894,0.0183234511216201,0.2326178063747082,-0.1110814964522074,211.73553668262093,0.2333152796660245,0.0,0.0075757575757575,0.0151515151515151,15.36,0.0,0.0,0.0,78.61,0.0
5fe354a2e44df4fb4634bbc3,397.853,0.1143256531752187,0.3933244295781974,0.3959931740675491,200.09402498221533,6.686059648514318e-07,0.1136363636363636,0.0,0.3484848484848485,12.01,0.0,0.0,0.0,29.4,0.0
5d5a48a67ca41f0001e97f8b,407.271,0.0072137552576464,0.1961053815034916,-0.2954442985730044,204.2275734880724,5.030817349835399e-05,0.2575757575757575,0.0,0.1666666666666666,16.33,0.0,0.0,0.1666666666666666,10.74,0.0
5d9303bbc400a90018821b13,351.945,0.2057146744853567,0.5335489463205771,-0.9999092042625952,180.52656304309576,1.3504957031794764e-15,0.3863636363636363,0.0,0.4090909090909091,9.2,0.0,0.0,0.0,16.86,1.0
63f77d4f671167ec16eee15c,414.47,0.084537262785798,0.4217587709790847,0.0734598208723484,209.79643609111525,0.021340896880352,0.1212121212121212,0.0,0.1969696969696969,4.34,0.0,0.0,0.0,20.32,0.0
63e576170eb086a90644efb4,371.285,0.7690681734387624,0.4261134034942488,0.9999092042625952,176.74138444735553,2.903683035849008e-17,0.0833333333333333,0.0,0.4924242424242424,2.48,0.0,0.0,0.3333333333333333,15.7,1.0
60d2d061fd054556769ca306,373.885,0.3627666390091151,0.3214153962825503,0.6989792301657305,196.2962134216469,1.3216896158073193e-08,0.1742424242424242,0.0,0.4318181818181818,6.09,0.0,0.0,0.1666666666666666,3.03,0.0
5fb7c9fa2be0a83d8f8913b8,368.783,0.0071326630884327,7.466229028338455e-05,-0.5169597820586858,189.2382165377937,9.56716560625876e-12,0.0075757575757575,0.0,0.3939393939393939,2.27,0.0,0.0,0.1666666666666666,13.56,0.0
63bda65b774a91e291c5b1a8,603.434,0.0150793344527792,4.53978687024344e-05,0.2678987336683114,201.12006937461135,1.942115649031366e-06,0.0984848484848484,0.0,0.3409090909090909,10.94,0.0,0.0,0.0,40.09,0.0
63e857fe022e159687d56f41,387.508,4.53978687024344e-05,4.53978687024344e-05,0.9999092042625952,73.66910092488396,2.5630634164458462e-62,0.7954545454545454,0.0,0.9621212121212122,9.46,0.0,0.0,0.0,4.25,0.0
5bb94dea3ea7ed00017cb109,458.949,0.1694947256284424,0.6955162172487428,-0.2236832776308346,194.62263014097792,2.3659092903584758e-09,0.0,0.0,0.0833333333333333,5.46,0.0,0.0,0.1666666666666666,24.73,0.0
63d73bfc8765da5b8a06f465,889.495,0.0522070209134233,0.1889496723171319,0.0503334547809566,206.6649677747073,0.0006732523618439,0.0,0.0075757575757575,0.0833333333333333,31.51,0.0,0.1666666666666666,0.1666666666666666,75.31,0.0
628419137c4c3ded72e4874d,493.129,0.1147530031193697,0.7793870290816509,0.1128037571024,208.98210951568328,0.0084885483689367,0.0,0.0,0.2575757575757575,7.07,0.0,0.0,0.3333333333333333,11.61,0.0
63e711bb284d2bc894a057a6,737.706,0.6827765221783747,0.6297362407432371,0.6376013042406476,186.85827026562112,8.448485643846474e-13,0.0,0.0,0.1363636363636363,12.1,0.0,0.0,0.1666666666666666,37.88,0.0
60ed200c728ab881912aac11,501.282,0.5329440043315227,0.4313007697671481,-0.3428848555316032,201.64679866528053,3.36200204676939e-06,0.053030303030303,0.0,0.5227272727272727,31.63,0.0,0.0,0.0,22.43,0.0
63d7ddc0c07dd5787084df8e,418.351,0.08478464031746,0.6082555594986281,-0.2502267311514378,204.75873079084656,8.818663596194451e-05,0.106060606060606,0.0,0.4393939393939394,3.12,0.0,0.0,0.1666666666666666,11.49,0.0
60fd9e6a8312b735fef884d4,729.271,0.034849594336764,0.2396954097759369,0.2906250043611282,201.08847649899883,1.879290492433383e-06,0.0,0.0,0.0681818181818181,16.35,0.0,0.0,0.0,51.99,0.0
5e03f8517f08edece67a3137,720.008,0.1176129261794659,4.53978687024344e-05,0.3529048338040317,187.8687821671077,2.36629957545666e-12,0.0303030303030303,0.0227272727272727,0.3333333333333333,38.71,0.0,0.0,0.0,32.73,0.0
61282ca83be28773ac7c421f,961.663,0.7715398871830118,0.388524929020141,-0.4773572097268397,189.52261186536677,1.278989207689386e-11,0.0,0.0075757575757575,0.4015151515151515,98.18,0.0,0.1666666666666666,0.1666666666666666,58.62,0.0
6310ceffa120ca2c1fbe1d92,625.906,0.0094415915520947,0.9999546021312976,0.5472142057105687,189.0936358670643,8.254611390237243e-12,0.0,0.0,0.1893939393939394,14.62,0.0,0.0,0.5,29.84,0.0
62d78737dcea82e9f96b957c,519.214,4.53978687024344e-05,4.53978687024344e-05,0.4331411037744683,190.36191105916657,3.0140062607516386e-11,0.5075757575757576,0.0,0.3181818181818182,9.77,0.0,0.0,0.0,35.27,0.0
63d865b3e3e28b34ec2ed45c,330.253,4.53978687024344e-05,4.5397886007274105e-05,0.5884852285615363,175.10287818716893,5.5190206450776215e-18,0.5984848484848485,0.0,0.5681818181818182,5.4,0.6666666666666666,0.0,0.8333333333333334,14.03,0.0
60fcd5602ff7c8f0866ecd0c,372.939,0.0063897391724103,0.9999546021312976,-0.9999092042625952,117.57772338881614,3.6301231664177196e-43,0.2727272727272727,0.0,0.4090909090909091,5.38,0.0,0.0,0.1666666666666666,15.42,0.0
631699e51577c995252cf3fc,253.921,4.53978687024344e-05,4.53978687024344e-05,0.7380784121589399,159.2437992896019,6.013592081648309e-25,0.3787878787878788,0.0,0.2575757575757575,0.91,0.3333333333333333,0.0,0.0,1.63,0.0
62d06d1b651d6922f62fab9b,398.975,0.0164308869445552,4.53978687024344e-05,0.038712190654494,210.12785659031837,0.0313097967859004,0.5984848484848485,0.0,0.3636363636363636,2.77,0.0,0.0,0.1666666666666666,29.35,0.0
627ea14463f25dce42e73d51,453.763,0.0809734626567516,0.28677585153805,0.2566475122260863,201.5097633669782,2.914433106196019e-06,0.4015151515151515,0.0,0.2424242424242424,3.45,0.0,0.1666666666666666,0.1666666666666666,13.11,2.0
5fcecd70db3ccb1a7f9331c9,476.486,0.1402204929757625,0.1752136703727085,0.0351544922055526,197.3854545084725,4.059746691654941e-08,0.0075757575757575,0.0,0.4924242424242424,11.5,0.0,0.0,0.3333333333333333,44.44,0.0
6338c2127eed17193a7a4d32,424.33,0.0031486048532735,4.53978687024344e-05,0.0915546117337207,211.0509563534905,0.094872213453702,0.5757575757575758,0.0,0.1818181818181818,18.34,0.0,0.0,0.0,24.42,0.0
60aeef267e494909058ef34e,418.209,0.0773587163004215,0.4754435431720977,0.001243433465522,211.4119442728898,0.1504462548473909,0.5454545454545454,0.0,0.1363636363636363,8.8,0.0,0.0,0.0,16.39,1.0
63ed1fa5c88ecae92bf0c920,510.975,0.7794948368684479,0.4033469156132725,-0.9999092042625952,169.4834625041093,1.869209352979852e-20,0.0,0.0,0.4621212121212121,5.83,0.0,0.0,0.0,23.41,2.0
63d7457dae12d98a8ebd18f6,464.53,0.009769051066436,0.496253756367528,0.1837106272640716,208.8463080495168,0.0072944509906227,0.0227272727272727,0.0,0.4015151515151515,8.2,0.0,0.0,0.1666666666666666,25.02,0.0
602b3ed14ae791260d6d12c5,330.088,4.53978687024344e-05,0.9999546021312976,-0.9999092042625952,123.65809093843342,1.6399190624387903e-40,0.1969696969696969,0.0,0.5757575757575758,1.64,0.0,0.0,0.1666666666666666,11.96,0.0
63d71e67dd0fcccd3cc745b0,478.435,0.0200357666486604,4.53978687024344e-05,0.6590370988829775,170.08031799174097,3.4185308591325286e-20,0.2878787878787879,0.0,0.4393939393939394,12.26,0.0,0.1666666666666666,0.3333333333333333,19.43,6.0
63e573b546bc72bbe9bffc5f,549.771,0.2329146272349001,0.2417527898204131,-0.1505115686981972,197.35453761806752,3.9323498451317154e-08,0.0,0.0,0.1515151515151515,14.08,0.0,0.0,0.0,25.47,1.0
60f08e2a0d6d27ff93244345,377.922,0.0520945101870989,0.2849808666912724,0.1384957627438261,206.87131952787388,0.000840783512735,0.4015151515151515,0.0,0.2121212121212121,11.96,0.0,0.0,0.1666666666666666,21.08,0.0
5d42abf3c9acd700010c41df,365.708,0.1919787975884741,0.4633908837153637,0.3961745653238706,205.6388734528148,0.0002245215438216,0.3106060606060606,0.0,0.1893939393939394,8.22,0.5,0.0,0.1666666666666666,11.62,0.0
5d5af711bb10640001afd133,465.404,0.0757796004670533,0.8396128286909864,0.9999092042625952,171.51300212815147,1.4566230919780693e-19,0.0984848484848484,0.0,0.4318181818181818,7.29,0.0,0.0,0.1666666666666666,11.6,0.0
6150e9017c1b2aa8bf683c32,666.802,0.0245334162381567,0.8655742196940371,0.1453915863110604,211.58801196555152,0.1902623520354524,0.0075757575757575,0.0,0.0378787878787878,21.4,0.0,0.1666666666666666,0.0,38.97,0.0
60beba435afc451476fa7781,363.729,0.0740394788963034,0.6041183109074355,0.4565691196912793,204.37064391472276,5.850865132303524e-05,0.1439393939393939,0.0,0.2878787878787879,7.75,0.0,0.0,0.0,11.17,0.0
63d1b93d9abc8c4b40e2d92f,458.719,0.0463051809260973,0.1672899798576368,-0.0699634101420494,210.349016835412,0.0405774374469633,0.1136363636363636,0.0075757575757575,0.1590909090909091,4.16,0.0,0.0,0.1666666666666666,13.54,9.0
63652b3ed1f35f8e04325845,515.411,0.0034879383735332,6.073135153816076e-05,-0.2786329176726086,204.535701676154,6.965469205501131e-05,0.2878787878787879,0.0075757575757575,0.0984848484848484,19.81,0.0,0.0,0.0,57.27,0.0
63dab0380b8791f9560fd329,419.069,0.1517660828788032,0.5210505269410719,-0.0928120967752278,196.6246594722695,1.853490011924908e-08,0.0681818181818181,0.0,0.2727272727272727,3.8,0.0,0.0,0.3333333333333333,8.37,3.0
63d80b500adef5b476e289a4,349.97,4.539786870243455e-05,4.53978687024344e-05,0.9999092042625952,59.67984582474035,2.053945562617908e-68,0.3333333333333333,0.0,0.9924242424242424,2.15,0.0,0.0,0.6666666666666666,15.12,0.0
5f48dab70aa4ce3aa1914003,455.614,0.2240307395444367,0.4246767089502883,0.065062359669646,188.4211378474616,4.15628946679462e-12,0.0075757575757575,0.0,0.2878787878787879,28.78,0.0,0.0,0.1666666666666666,20.28,0.0
6400d9993ddcc2436a9f2e1a,338.756,0.7093303077493621,0.747506378124876,-0.2068067584774474,204.38885701792037,5.96448192726662e-05,0.5075757575757576,0.0,0.2803030303030303,7.85,0.0,0.0,0.0,5.78,1.0
63cff34d33a9948e3b0b28d6,394.457,0.1117355694579573,4.53978687024344e-05,0.5002089800798413,174.42925828738075,2.789505706282617e-18,0.0,0.0,0.4924242424242424,6.77,0.0,0.0,0.0,12.01,0.0
63e55887d67a5c7e32a678fa,361.036,0.0397887723054387,4.53978687024344e-05,0.5224328398615841,181.800783741296,4.9256546760759335e-15,0.2727272727272727,0.0,0.1666666666666666,4.72,0.0,0.0,0.5,16.88,1.0
63d81e2fb6c8f0da25fea602,503.534,4.53978687024344e-05,4.539787968762457e-05,0.5178853521539315,182.28708121481645,8.072868925945929e-15,0.2727272727272727,0.0,0.2424242424242424,12.85,0.0,0.0,0.0,42.29,0.0
6400da061dc90debed65731b,487.098,0.1863746245242554,0.3778434391821745,-0.2639455506520596,206.6508376132887,0.0006630977777812,0.4545454545454545,0.0,0.25,21.99,0.0,0.0,0.0,39.5,0.0
610189e61b2d3520eea21de6,401.78,0.2452519761543592,4.53978687024344e-05,0.9999092042625952,153.9602365184199,2.912759653146405e-27,0.0303030303030303,0.0,0.4924242424242424,12.03,0.0,0.0,0.1666666666666666,13.25,0.0
5fa5a899f2b7600f72104ad1,318.016,0.0817002368145231,4.679417238364297e-05,0.991032025949079,163.1411398175499,3.0756685439059147e-23,0.3787878787878788,0.0,0.4318181818181818,2.54,0.0,0.0,0.1666666666666666,6.46,0.0
5e223f4219295951f846dd16,465.802,0.0042181914096151,0.9999546021312976,0.4447150880164665,192.8050580112952,3.669025350702316e-10,0.1818181818181818,0.0075757575757575,0.3636363636363636,2.29,0.0,0.0,0.3333333333333333,13.86,0.0
5df1133b99b28201e0a1181c,335.147,0.0898485114409653,0.1757669553245049,0.1583970378132564,201.7285938045557,3.661387485685872e-06,0.3409090909090909,0.0,0.0984848484848484,3.82,0.0,0.0,0.0,9.52,0.0
60fd738c235e974993ad455c,500.611,0.179148450488187,0.807825019087546,0.1152906929252268,196.29744531979028,1.3233665524321804e-08,0.053030303030303,0.0,0.303030303030303,10.52,0.0,0.1666666666666666,0.1666666666666666,27.41,0.0
63b6ef9027eb90f292852ee4,510.67,0.5340977881245383,0.5332656294080592,-0.0144727380916426,167.8386289621279,3.5426966532207525e-21,0.0,0.0,0.303030303030303,5.51,0.0,0.0,0.0,66.93,1.0
5e2cd786dc63ca2ff798a0ca,499.076,0.0220966110554418,4.53978687024344e-05,-0.1675808088903807,211.5338244073456,0.1768426212189575,0.1439393939393939,0.0227272727272727,0.4848484848484848,1.8,0.0,0.0,0.1666666666666666,3.63,0.0
5bbc4bd1f83ac60001fe665e,455.817,0.2220125837878471,0.3982629699586052,0.0791579796031269,193.32736886977057,6.265722566509425e-10,0.0,0.0,0.25,5.68,0.0,0.0,0.0,16.1,0.0
64013f9fa92a5dd2d30c5575,597.098,0.0005687502343858,0.9999546021312976,-0.0614177245562234,211.8973901907372,0.2949631707304934,0.0378787878787878,0.0,0.3181818181818182,16.65,0.0,0.0,0.8333333333333334,36.78,0.0
63ea6fc5092518554c9b8111,401.278,0.0516823700605267,0.9999319535847182,-0.3234808143640074,192.37596091623263,2.364363967148678e-10,0.0303030303030303,0.0,0.4318181818181818,5.6,0.0,0.0,0.1666666666666666,30.6,0.0
63bb98852cdc67dece8adb8e,461.593,0.2698761217936891,0.6253953748636184,-0.3439830118094431,192.57786271946395,2.9073443038223843e-10,0.0227272727272727,0.0,0.1515151515151515,4.28,0.0,0.0,0.0,26.28,0.0
5c59d8105bbd810001fb26de,812.213,0.0357049612902553,4.53978687024344e-05,0.4151484200664543,187.9506473253639,2.572295910383782e-12,0.5984848484848485,0.0227272727272727,0.2272727272727272,15.99,0.0,0.1666666666666666,0.1666666666666666,32.28,0.0
55d86f3569dbc30012b6869f,402.148,0.1656620055621019,0.3998990663008074,-0.1599247879621905,206.6827697132914,0.0006862695941101,0.0909090909090909,0.0,0.3409090909090909,2.0,0.0,0.0,0.1666666666666666,16.39,0.0
63d1401242635aaffe867c4c,582.214,0.4340822981444318,0.4009421882318046,0.9999092042625952,170.5336756223787,5.4077181402475576e-20,0.0,0.0,0.3560606060606061,16.17,0.0,0.0,0.0,27.76,0.0
63bd81516745e78ee7f50f7f,480.843,4.53978687024344e-05,4.540935229028788e-05,0.5230557551610298,181.76828439203365,4.765697445751068e-15,0.0909090909090909,0.0,0.5,3.91,0.0,0.0,0.3333333333333333,30.53,1.0
6362406ab7caf5fc96bb61c8,662.277,4.53978687024344e-05,0.9999546021312976,-0.3640252926065447,196.3342080779966,1.3744031816707544e-08,0.0909090909090909,0.0,0.25,8.49,0.0,0.0,0.1666666666666666,33.42,1.0
5c9432caec114b0001419276,598.505,0.0020131871136101,4.53978687024344e-05,-0.1247446282440829,210.84058254145305,0.0731696343850155,0.0833333333333333,0.0,0.0833333333333333,9.29,0.0,0.0,0.1666666666666666,85.89,0.0
60bafed1d4e636dce6350863,394.952,0.3392013693548455,0.7544602045782143,-0.3485109502671087,187.1659108464776,1.1558931796708384e-12,0.2575757575757575,0.0,0.3787878787878788,4.47,0.0,0.0,0.1666666666666666,20.72,1.0
63b82398bbe6a599972413ad,540.142,0.5725520214376897,0.9969855678206252,0.1122975025718033,163.33882765267032,3.75534448224749e-23,0.0,0.0,0.4090909090909091,3.34,0.0,0.0,0.5,18.09,0.0
608590825d295c858cbe7fa9,399.734,0.0086284790649232,4.53978687024344e-05,0.0788038667563109,210.47665941055425,0.0471987304215115,0.1363636363636363,0.0,0.3560606060606061,4.83,0.0,0.0,0.0,31.57,1.0
6400d916e410c86255a45836,404.563,0.4409833145809431,4.53978687024344e-05,-0.3439300459630164,179.70901381838354,5.889824976540269e-16,0.1818181818181818,0.0,0.4848484848484848,4.86,0.0,0.0,0.0,17.55,1.0
63f794e7d8d24753edbbb136,707.574,0.6392045460945233,0.1805642517938097,0.9999092042625952,152.92813856916143,1.028805863865335e-27,0.0,0.0,0.5151515151515151,28.07,0.0,0.0,0.3333333333333333,50.44,0.0
5b9b422307c6960001614c35,590.323,0.2091341696192823,4.53978687024344e-05,0.6996946637439097,163.61344401906112,4.9557365285829904e-23,0.0454545454545454,0.0,0.4318181818181818,31.98,0.0,0.0,0.1666666666666666,41.86,0.0
5adfcb03f6b58c0001fa9083,641.596,0.1004196926001105,0.8747988600121924,0.0062720173523438,203.11859266572543,1.5668332463153243e-05,0.053030303030303,0.0,0.4015151515151515,204.61,0.0,0.0,0.3333333333333333,15.95,0.0
5ba863a346de410001ecfb2a,588.623,0.5272779109124364,0.4309966185044656,0.3812318761924247,198.92984847834825,2.0012413204472294e-07,0.0454545454545454,0.0151515151515151,0.25,5.57,0.0,0.0,0.0,20.4,0.0
63d80cb1ba40ad04c1edd4db,463.444,0.2819859925834864,0.857641952130229,0.5972435533645168,191.206754964681,7.147812350951271e-11,0.0,0.0,0.4318181818181818,8.06,0.0,0.0,0.0,16.66,0.0
560ce65601c38a0012769e20,724.853,0.04350816323913,0.8821993395586042,0.2035001142613874,209.27977734260287,0.0118574897361654,0.0,0.0,0.1742424242424242,18.12,0.0,0.0,0.0,32.7,0.0
63ed0065eb23ac3ee1726453,311.008,0.0227033242653219,4.53978687024344e-05,-0.057887095866263,210.94078918333764,0.082750733185981,0.5454545454545454,0.0,0.0909090909090909,2.63,0.1666666666666666,0.0,0.0,13.92,0.0
5f514708067fba172909261a,585.209,0.0491991957725555,0.0667088834531766,0.0963432605810041,205.6078932349313,0.0002172333380156,0.1212121212121212,0.0227272727272727,0.1818181818181818,4.21,0.0,0.0,0.0,17.56,0.0
60599946259dc97d30e2001f,422.716,0.1459890127081346,0.5682962474019578,0.1132769510494728,209.2760617349658,0.0118079132629789,0.0378787878787878,0.0,0.1363636363636363,9.39,0.0,0.0,0.1666666666666666,12.8,0.0
610063614e6ba35532307dda,462.776,0.6689655820206485,0.8935768640968687,-0.2681057818228975,169.46631763278802,1.837076710151683e-20,0.0,0.0,0.2272727272727272,7.78,0.0,0.0,0.0,11.06,0.0
63f7becf2322a5ba95aad1dc,448.721,4.53978687024344e-05,0.2104185774051292,0.4143961116716714,192.05731756372475,1.7063184617807544e-10,0.5303030303030303,0.0,0.4015151515151515,14.41,0.0,0.0,0.1666666666666666,46.91,0.0
5e6fdd81478ec45b2420b83d,280.962,0.0102078171907291,0.9999546021312976,0.0087515233424846,212.05818150880827,0.3785990784240537,0.5909090909090909,0.0,0.1818181818181818,3.96,0.3333333333333333,0.0,0.1666666666666666,5.13,0.0
5d7850851841fc0001e9c64d,348.343,0.1326507733297629,0.5644037342033514,0.0075952934114364,200.66176427456435,1.2057112070454525e-06,0.0303030303030303,0.0,0.1136363636363636,2.93,0.0,0.0,0.0,9.32,0.0
5a2846ceb4a5de00011af418,450.729,0.267975269339319,0.5329958678228897,-0.0253464567753984,198.47545041039564,1.250902046021539e-07,0.0075757575757575,0.0,0.1818181818181818,14.19,0.0,0.0,0.0,27.66,0.0
611f9bb3dcada21890ed9af0,703.775,0.3375781180903834,0.6510091281577481,-0.3122443716381751,184.8920395490122,1.1411290860291966e-13,0.0,0.0075757575757575,0.2954545454545454,26.36,0.0,0.0,0.0,54.56,0.0
64057cd2806cfdca58f0de34,409.082,0.1273410215230787,0.5123452432685933,-0.0337943521328536,201.2683701161236,2.2663776178621512e-06,0.0,0.0,0.0681818181818181,4.1,0.0,0.0,0.0,17.42,0.0
63d80145d2f0da3ee6a8d523,312.621,4.53978687024344e-05,4.53978687024344e-05,0.9999092042625952,90.66575211688186,6.583655343691801e-55,0.8257575757575758,0.0,0.8333333333333334,7.19,0.0,0.0,0.0,5.8,0.0
636570d91a49a6d6cbcbc854,755.416,0.0474235211457882,4.53978687024344e-05,0.0216533949788533,205.85361243930797,0.0002822915901997,0.0227272727272727,0.0,0.0833333333333333,44.74,0.0,0.0,0.0,84.76,1.0
6143e0914f93b50419ba30ab,276.559,0.0089921825688432,0.9999546021312976,0.3064552103417621,204.70309678301504,8.314431999975722e-05,0.7575757575757576,0.0,0.1893939393939394,2.78,0.0,0.0,0.1666666666666666,2.14,1.0
5d2a49241d8d930001c263a7,506.116,0.0070862600071993,0.9999546021312976,0.2337859186713955,208.2894977965351,0.0039370703946001,0.0303030303030303,0.0,0.1515151515151515,4.0,0.0,0.0,0.0,14.93,0.0
5c2a9b55867f660001af0515,323.088,0.0181930440067013,0.9999546021312976,-0.3211370072601834,193.9516433894352,1.1883887118545339e-09,0.2272727272727272,0.0,0.1742424242424242,4.11,0.0,0.0,0.1666666666666666,9.49,0.0
5de8887aa2db898017debf1a,412.356,0.0059515007612332,0.9999546021312976,0.275928578964284,205.70843257289076,0.0002417962125606,0.1515151515151515,0.0,0.053030303030303,4.69,0.0,0.0,0.0,14.78,0.0
62b500cfbf7d382239502ad0,431.513,4.53978687024344e-05,4.53978687024344e-05,0.9999092042625952,59.67758060829453,2.0492831015003726e-68,0.4393939393939394,0.0,0.9924242424242424,7.66,0.0,0.1666666666666666,0.8333333333333334,9.43,0.0
610075c1ef04d1f734032f69,530.987,0.4677616503689379,0.205643426658657,0.9999092042625952,181.4786282329738,3.5510036294997557e-15,0.0454545454545454,0.0,0.3333333333333333,18.34,0.0,0.0,0.0,34.69,0.0
6362c4beb39ee39d15890c5c,391.352,4.53978687024344e-05,0.9999546021312976,0.3870219385381197,194.4589413844293,1.9999618946136856e-09,0.6363636363636364,0.0,0.4545454545454545,16.75,0.0,0.0,0.1666666666666666,16.76,2.0
571144323d47e800096358d9,339.781,0.9054076725788416,0.1898270160172732,0.9999092042625952,173.14228043496075,7.577857383605699e-19,0.4090909090909091,0.0,0.4469696969696969,5.42,0.0,0.0,0.1666666666666666,20.51,2.0
63614cab87b22b72231c66e0,673.436,0.0229434166914861,4.53978687024344e-05,-0.0708815921922463,211.47684370692343,0.1638943955978356,0.8181818181818182,0.0378787878787878,0.2424242424242424,0.96,0.6666666666666666,0.0,0.3333333333333333,3.9,0.0
63ea79021f0c43def6174042,491.865,4.53978687024344e-05,4.53978687024344e-05,0.9999092042625952,59.67556605452012,2.0451454683759167e-68,0.8106060606060606,0.0,0.9924242424242424,87.27,0.0,0.0,0.1666666666666666,1.41,8.0
63e554b7631c8ec3ce069e32,430.31,0.0344814580586376,0.71805870160358,0.824358498386792,179.16075067925703,3.3766803432574434e-16,0.4166666666666667,0.0,0.3712121212121212,14.54,0.0,0.0,0.8333333333333334,24.87,1.0
55c694e3fdf99b6c4f28595f,369.558,4.53978687024344e-05,4.53978687024344e-05,0.9999092042625952,59.675341448786725,2.044684675175522e-68,0.3409090909090909,0.0,0.9924242424242424,2.09,0.0,0.0,0.0,11.84,0.0
61103c2b7810420e5f23f437,619.351,0.071056541268615,0.3595295221863874,-0.547186152439272,201.4431512954097,2.7189771974379604e-06,0.053030303030303,0.0151515151515151,0.3863636363636363,4.04,0.0,0.0,0.0,28.48,0.0
640415971520c41606ca4389,383.871,0.228852172552678,0.7778371179341962,-0.9999092042625952,185.6605539298934,2.4947740662412826e-13,0.2878787878787879,0.0,0.2727272727272727,8.34,0.3333333333333333,0.0,0.8333333333333334,16.62,0.0
628dec55823f672331c68577,421.873,0.2702287951076541,0.6001344231314614,-0.8549308681359054,182.23278002214016,7.63952841550131e-15,0.2196969696969697,0.0,0.3787878787878788,2.83,0.0,0.0,0.0,15.53,0.0
5fc70f3bd255c10f0b2346ba,645.567,0.1765840082061701,0.4622167761625476,-0.4897958668291957,194.97545109371515,3.3989984782047743e-09,0.0,0.0075757575757575,0.2045454545454545,20.68,0.0,0.1666666666666666,0.0,34.88,1.0
6404fb7b9a7b3cfb4179d185,554.982,0.65351600620659,0.9999546021312976,0.9999092042625952,144.20885388555013,1.571658579586392e-31,0.0,0.0,0.5151515151515151,7.94,0.0,0.0,0.8333333333333334,24.42,0.0
64023a98627b1116180dff0b,475.009,0.0712236053663925,0.4390402248151698,0.1927111850207641,209.78357479231727,0.0210281320741683,0.0075757575757575,0.0,0.0378787878787878,1.16,0.0,0.0,0.0,17.16,0.0
609e15bbf246a639a4123518,582.176,0.2009335339217347,0.8310055150201174,0.6401134533896606,193.7754344127607,9.919072711391348e-10,0.1969696969696969,0.0,0.4242424242424242,5.95,0.0,0.0,0.0,12.9,0.0
63e5513398583a335b2a8bdd,666.464,0.0471567970963856,4.53978687024344e-05,-0.0780190318948427,205.61113952251665,0.0002179857226485,0.0,0.0075757575757575,0.1439393939393939,17.34,0.0,0.0,0.1666666666666666,36.21,1.0
63d55208f472dc9178329bcb,316.599,0.0681585761214055,0.4826621064916075,0.120010480021965,209.27563738270356,0.0118022647889517,0.6287878787878788,0.0,0.4166666666666667,2.12,0.0,0.0,0.0,8.85,0.0
5c09a1171907db0001602601,382.356,0.5912676204938412,0.961514073325844,-0.9999092042625952,169.165720043189,1.3554989770887946e-20,0.1666666666666666,0.0,0.4848484848484848,4.64,0.0,0.0,0.1666666666666666,21.64,0.0
5f2e0b28c642b31678638a21,410.927,0.6349133290708397,0.8336722821387152,-0.0568848160557441,178.75138975851863,2.2290835700326297e-16,0.0227272727272727,0.0,0.3106060606060606,2.74,0.0,0.0,0.0,7.6,0.0
5e654e2055e480000dcd002a,490.008,4.53978687024344e-05,4.53978687024344e-05,0.9999092042625952,69.67296720924195,4.646640317342391e-64,0.2727272727272727,0.0,0.9015151515151516,7.16,0.0,0.0,0.5,13.14,2.0
63e7ac6bcbc2e035cbeadf8a,499.904,0.1870541555941363,0.2642966595141539,0.5791223100457146,190.59677397426336,3.831512188704054e-11,0.0833333333333333,0.0075757575757575,0.4393939393939394,9.71,0.0,0.0,0.1666666666666666,29.22,0.0
613107a0c7fc3a96a54c7693,385.516,0.059707737113771,0.9999546021312976,-0.9999092042625952,138.6101698424166,5.5974552544582025e-34,0.0075757575757575,0.0,0.3712121212121212,3.65,0.0,0.0,0.0,13.69,0.0
612fbc37af2136fe81fc71a9,463.703,0.0620279738380025,0.9999546021312976,0.4287752790109338,204.77329601999108,8.955682725058881e-05,0.2954545454545454,0.0,0.5833333333333334,23.25,0.0,0.0,0.0,36.0,0.0
640feb5e49b723bcfaad6437,530.569,0.507619686241504,0.5463399047161244,-0.3161127913435195,194.57920363609992,2.2627465294254887e-09,0.0,0.0,0.3712121212121212,15.58,0.0,0.0,0.1666666666666666,20.65,0.0
63d7a91b72bdcca4f3a683e8,392.199,0.2867163734702135,0.4981641249708914,0.4865803119154139,192.2209416735518,2.0174078689563303e-10,0.2575757575757575,0.0,0.3181818181818182,3.99,0.0,0.0,0.1666666666666666,5.52,0.0
6108114eaacc3458294b244c,416.859,0.0797095566281238,4.53978687024344e-05,0.2393009355880671,196.8828743120864,2.4182808039102737e-08,0.1590909090909091,0.0,0.3863636363636363,7.59,0.0,0.0,0.0,13.25,2.0
63d418d4229ed6c0712ce5bb,414.594,0.1452622618143068,0.8065261470712438,0.3872120948577693,199.04301717397277,2.249873915348278e-07,0.0606060606060606,0.0075757575757575,0.1969696969696969,1.43,0.0,0.0,0.0,6.94,0.0
640132934d00561d78518c4c,469.493,0.2214000424081706,0.3769139996193386,0.1064627476174524,203.3733565213836,2.0471740052751334e-05,0.3181818181818182,0.0,0.1515151515151515,11.67,0.0,0.0,0.1666666666666666,45.79,0.0
63f791692fa22034babcdda1,409.446,0.4432079326652078,0.4294085803565658,-0.0311163679463956,211.62031495658465,0.1988257404868804,0.5075757575757576,0.0,0.2045454545454545,20.87,0.0,0.0,0.0,21.44,0.0
5ee8f9a309471c0d46a6d247,737.15,4.53978687024344e-05,0.9999545690997867,-0.0795601940656343,211.60966009172543,0.1959522623282287,0.2196969696969697,0.0075757575757575,0.2651515151515151,8.06,0.0,0.0,0.3333333333333333,8.88,0.0
5f9873550513db147c9d2958,405.394,0.9225055563741086,0.2980961013116525,-0.5251216546360142,168.1663986842052,4.934576191713714e-21,0.0757575757575757,0.0,0.4242424242424242,2.65,0.0,0.0,0.0,13.66,1.0
63614ad63aec6bcf8a045124,515.891,0.0036710421057547,0.9999546021312976,0.2119901761379119,208.0036788937459,0.0028764100615496,0.3409090909090909,0.0,0.4166666666666667,13.23,0.0,0.0,0.1666666666666666,38.89,0.0
63e51ddb19fccd05514c629c,392.513,0.2083800207880326,0.2483449173257245,0.3037742866557256,201.9253050966731,4.495598521763994e-06,0.2575757575757575,0.0,0.303030303030303,4.12,0.3333333333333333,0.0,0.0,0.5,1.0
63fe38bfab28b75385783fba,339.49,0.0424682138788807,0.0344057588853192,-0.2581992985456052,209.8564480618263,0.0228652574682379,0.2727272727272727,0.0,0.5075757575757576,5.03,0.0,0.0,0.1666666666666666,13.19,0.0
5c75dbce7d36140017c53257,446.775,0.8172900766396659,0.4414829947478299,0.1524827825288446,165.65167372825266,3.884847886475332e-22,0.0303030303030303,0.0,0.3181818181818182,3.47,0.0,0.0,0.5,32.67,0.0
62c5e680e4a4b4648606d756,401.176,0.7601025374018232,0.9999546021312976,-0.9999092042625952,166.70596587134608,1.1274415998600198e-21,0.0454545454545454,0.0,0.3863636363636363,8.0,0.0,0.1666666666666666,0.1666666666666666,11.26,0.0
5dd03c5486c8861300974102,517.771,0.4938057875947128,0.2524864810289574,0.9999092042625952,184.52340022098468,7.842356087940758e-14,0.0378787878787878,0.0,0.1893939393939394,13.27,0.0,0.0,0.0,26.1,0.0
63eafad399e87039254d1078,343.054,0.1441326866209895,0.0755431507718826,0.2337634274245363,190.69975259343184,4.2567359409272535e-11,0.4393939393939394,0.0,0.4242424242424242,2.04,0.0,0.0,0.0,10.98,2.0
60a3128cb035414bb4588090,417.718,0.0099481882976153,4.53978687024344e-05,0.2238041401374366,203.47696050156904,2.282561545612349e-05,0.25,0.0075757575757575,0.1136363636363636,3.06,0.0,0.1666666666666666,0.0,30.83,0.0
63b6c76ff03d438cd09b8c56,561.068,0.1685045113764003,0.6755784814250356,-0.1225762161098199,196.24939760313896,1.2595139505726172e-08,0.0,0.0,0.1742424242424242,9.7,0.0,0.0,0.0,30.11,0.0
6400ed09421b2727c2f7c553,615.465,4.53978687024344e-05,4.53978687024344e-05,0.9999092042625952,129.65496167846624,6.82721178961127e-38,0.0151515151515151,0.0,0.5378787878787878,28.22,0.0,0.0,0.0,42.89,0.0
62a74b5136555a52d4911cac,459.407,0.2192224373591201,0.6233736227419719,0.9999092042625952,198.43782572590737,1.203191784635813e-07,0.3257575757575757,0.0,0.6212121212121212,8.0,0.0,0.0,0.3333333333333333,18.34,0.0
6400f80179f04251a962fd22,447.48,0.2924920656935561,0.1663449635997221,-0.5058988204866097,179.48096238728553,4.673004535160145e-16,0.0075757575757575,0.0,0.3636363636363636,2.62,0.0,0.0,0.5,13.6,0.0
5fa9fffcf843322ce7456283,467.02,0.4468091995763727,0.7406001414071801,0.1193367790937964,192.99139378057197,4.4406938769585037e-10,0.0075757575757575,0.0,0.2575757575757575,4.14,0.0,0.0,0.0,15.24,0.0
60cd717e463162435e3b7d46,266.003,0.308340015081666,0.0633907569931986,0.600863580492365,177.2266702100411,4.7489691829785453e-17,0.6893939393939394,0.0,0.5378787878787878,4.2,0.0,0.0,0.0,4.67,0.0
60c837327440575481e333ce,1021.801,0.0045631107329553,4.53978687024344e-05,-0.251732437797998,206.3829983654421,0.0004973400286831,0.3712121212121212,0.0227272727272727,0.25,1.58,0.0,0.0,0.0,143.22,0.0
63d69e4d6648b39324fdf0ad,356.718,0.0249439356595385,0.0132243762262991,0.7295155365181432,163.36749349556027,3.865658934457399e-23,0.4318181818181818,0.0,0.7651515151515151,6.91,0.0,0.0,0.3333333333333333,13.8,0.0
63153455849b153d56dd81db,793.491,0.0883789771621589,0.4050331151285505,0.2059447837388304,208.16263288145032,0.003424342591752,0.3560606060606061,0.0,0.1818181818181818,10.2,0.0,0.0,0.0,36.45,0.0
63fe39cd075bd5283fad495d,352.073,0.8522286115702699,0.3272738583385403,-0.4626980734752131,166.9392375346793,1.4272164024533753e-21,0.2196969696969697,0.0,0.4621212121212121,2.34,0.0,0.0,0.3333333333333333,7.68,0.0
5971640e7ec240000170cb69,302.689,4.53978687024344e-05,4.53978687024344e-05,0.9999092042625952,76.67299576925443,5.2245896400954585e-61,0.7272727272727273,0.0,0.8636363636363636,1.76,0.0,0.0,0.1666666666666666,12.93,0.0
610745dee13497549c9d6fba,516.205,0.2761014810459016,0.9999546021312976,-0.8233068644247412,158.92645588548174,4.365612731796001e-25,0.0,0.0,0.2575757575757575,5.37,0.0,0.0,0.0,40.72,0.0
63615888b5606b24a845f73e,438.849,4.53978687024344e-05,4.53978687024344e-05,0.9999092042625952,101.66248865832571,4.117813602198107e-50,0.5378787878787878,0.0,0.6590909090909091,41.59,0.0,0.0,0.8333333333333334,21.43,0.0
6063a00c6fd08d0a972382a4,515.727,0.0878535630190597,0.7043283721850374,0.2723982034317946,206.17062314031077,0.0003961294281152,0.0,0.0075757575757575,0.1439393939393939,6.07,0.0,0.0,0.5,25.81,0.0
62f94c417a55be0afc4c5a4b,502.501,0.002873772124329,4.53978687024344e-05,0.1835753585722745,207.66487685244635,0.0019866223770859,0.1893939393939394,0.0,0.2196969696969697,20.72,0.0,0.0,0.0,33.22,3.0
605fb0818ad4067b3d99ece0,496.031,0.3406353122456349,0.7822488827188109,-0.6381957197620325,172.5343596951446,4.0952093822881744e-19,0.0,0.0,0.303030303030303,9.67,0.0,0.0,0.0,31.17,0.0
63d40528f7676637efbd18eb,364.305,0.2373373478202662,0.5236682397425853,0.9155554823204686,200.13943050140224,7.008655643364148e-07,0.3106060606060606,0.0,0.2121212121212121,2.92,0.0,0.0,0.1666666666666666,14.85,0.0
5f934f7fdc89a111b5712011,438.316,4.53978687024344e-05,0.9999546021312976,-0.5496918494970553,179.08684376557983,3.132740599749451e-16,0.1287878787878787,0.0,0.2727272727272727,5.94,0.0,0.0,0.0,15.32,0.0
5ecbd383243b3438410dae19,494.369,0.0160788149107713,0.0107273106384232,0.064918978382126,210.09024130463376,0.0299680120330876,0.0909090909090909,0.0,0.0757575757575757,12.05,0.0,0.1666666666666666,0.0,39.7,2.0
63d7a9346e833b93500723d4,494.206,0.3181725524934574,4.53978687024344e-05,0.7872885908903322,148.1850726038066,8.630881825149744e-30,0.106060606060606,0.0,0.6893939393939394,22.52,0.0,0.0,0.3333333333333333,29.76,0.0
63d40583fbdb78bfb9b0d3a4,390.252,0.3725884563552281,0.9999546021312976,0.0757950736612906,167.3289400073614,2.116235193535715e-21,0.0681818181818181,0.0,0.303030303030303,5.94,0.0,0.0,0.0,13.02,1.0
63d7d7b654e057b287d2bd9b,403.239,0.10616323049745,0.7038902270885737,0.191643346707331,208.10141713978192,0.0032017581167999,0.1515151515151515,0.0,0.1287878787878787,5.11,0.0,0.0,0.0,8.96,0.0
614fe09fec9ce4a2a415476d,305.289,4.53978687024344e-05,4.53978687024344e-05,0.9999092042625952,67.6721045231493,6.239848633700109e-65,0.5681818181818182,0.0,0.9772727272727272,2.88,0.0,0.0,0.8333333333333334,6.92,0.0
63ced2da9cad1ae3f98ce914,591.697,4.53978687024344e-05,4.53978687024344e-05,0.9999092042625952,98.66329887920762,2.0248138284266056e-51,0.3863636363636363,0.0,0.8257575757575758,7.15,0.0,0.0,0.1666666666666666,194.31,0.0
60429021c960ed190edaedca,424.247,0.0744542580430018,0.9999546021312976,0.4363868765218124,203.88348797442652,3.500534028069209e-05,0.5909090909090909,0.0,0.4318181818181818,9.59,0.0,0.0,0.1666666666666666,26.96,0.0
63f58712a2c1bd62fa7bb352,403.846,0.0875541098596219,0.8558573621228573,0.9999092042625952,173.87779118655905,1.5957969460406477e-18,0.0151515151515151,0.0,0.2878787878787879,7.03,0.0,0.0,0.0,21.21,0.0
5e7fb4743c00ce69510024fb,602.785,4.53978687024344e-05,4.53978687024344e-05,0.9999092042625952,97.66474126442004,7.427384585674083e-52,0.0,0.0,0.8636363636363636,14.36,0.0,0.0,0.3333333333333333,26.94,1.0
63d13b5ec81c77c3030c51c5,303.035,0.0289875842124016,0.0582127423960606,0.582206465938865,178.23746384086536,1.3235321302375994e-16,0.8636363636363636,0.0075757575757575,0.1515151515151515,1.6,0.5,0.0,0.1666666666666666,4.58,0.0
63d17cf704d2d7053d56b962,265.33,0.0005072406704243,0.9999546021312976,0.0221171786987235,212.39786448485484,0.7568310708524628,0.7651515151515151,0.0,0.0606060606060606,8.27,0.6666666666666666,0.0,0.6666666666666666,8.46,1.0
63d007388da4ef5b301762f9,469.448,0.0319604748041209,0.5271164494178151,0.2805490828665347,206.26907737864263,0.0004401713161457,0.2121212121212121,0.0,0.1590909090909091,10.48,0.0,0.0,0.1666666666666666,20.11,0.0
63d53c6bc368b9fa8d33f4cf,384.387,0.0514285106211873,4.53978687024344e-05,-0.2604360193149112,210.0886675450256,0.0299131977399935,0.7196969696969697,0.0,0.5454545454545454,7.49,0.0,0.0,0.1666666666666666,29.39,0.0
63ea6e6d78fced1e97a149c8,865.582,4.53978687024344e-05,0.9830286342693992,-0.0224875264636013,212.3776505999788,0.7119796221995084,0.8939393939393939,0.0,0.3181818181818182,1.6,1.0,0.0,0.8333333333333334,2.44,0.0
62dc4a5fef307ee53c61afcc,555.965,0.007165207446525,4.53978687024344e-05,-0.4585159320124202,194.252156421802,1.617541082640869e-09,0.3939393939393939,0.0,0.3484848484848485,70.67,0.0,0.0,0.1666666666666666,14.71,0.0
63356ce6be65e7962bfc424d,519.621,0.2668945972151494,0.3070971171330213,0.0749598596661604,199.3897083252196,3.221434239425586e-07,0.0303030303030303,0.0,0.3939393939393939,6.96,0.0,0.1666666666666666,0.0,14.69,1.0
63ee59dc6e5fbabca14d3d16,476.035,0.0303212554513665,0.5250975681124092,0.1803126414816143,208.4228066684107,0.0045604349631057,0.0757575757575757,0.0,0.2878787878787879,7.43,0.0,0.0,0.0,13.23,1.0
63d428eb946e85527cfdf058,334.689,4.53978687024344e-05,4.5398055211241776e-05,0.5828509646424527,175.68843027647912,9.988702004670246e-18,0.3863636363636363,0.0,0.1666666666666666,4.25,0.0,0.0,0.0,6.99,0.0
63f79204eb27c9dc523185d9,591.457,0.3159689759207374,0.4421988776613674,-0.0054376349407407,197.32954854346283,3.832311948927463e-08,0.0,0.0,0.3257575757575757,17.92,0.0,0.1666666666666666,0.3333333333333333,31.96,0.0
5aea7d94a110a00001f7e50e,372.263,0.130691609311822,4.53978687024344e-05,0.9999092042625952,138.82604718160763,6.956206051798255e-34,0.5681818181818182,0.0,0.7803030303030303,7.7,0.0,0.0,0.3333333333333333,12.02,0.0
63daf5a89c63648ec34664fb,478.793,0.0018466498128393,0.5425124784444916,0.1749242630182197,208.582959115092,0.0054440530659526,0.0,0.0,0.6287878787878788,7.57,0.0,0.0,0.3333333333333333,18.61,0.0
636598a7a571403968d03bf2,457.806,0.2475498715067823,4.53978687024344e-05,-0.0822747670319868,165.18473610393505,2.423667806877239e-22,0.1439393939393939,0.0,0.6742424242424242,6.28,0.0,0.0,0.0,15.18,0.0
59aae1188cef7d00011f8884,479.683,0.6924357962480622,0.5616679979781299,0.8458266982074536,186.4215080833661,5.414401917431278e-13,0.0378787878787878,0.0,0.1363636363636363,11.9,0.0,0.0,0.0,35.75,0.0
63f969ceb2a0b028aa612b33,457.381,0.4309769466242474,0.8011555451425003,0.363193248023731,197.80274685984705,6.244151532822001e-08,0.0075757575757575,0.0,0.5151515151515151,1.0,0.0,0.0,0.3333333333333333,20.95,0.0
63ed9dbc1c7838ffcbb42142,395.168,0.3354389248518154,0.3258517284566189,0.9999092042625952,191.28898932892875,7.774880829392589e-11,0.0833333333333333,0.0,0.4545454545454545,1.75,0.0,0.0,0.0,6.74,0.0
615e68b3f55d1cf5f6defc2a,533.578,0.1629218256666137,0.052196345234481,0.9999092042625952,179.25477966240788,3.714696112386957e-16,0.1363636363636363,0.0,0.1818181818181818,15.9,0.0,0.0,0.3333333333333333,33.12,0.0
63ead665638c8546d8c3a962,370.244,0.1969947730815309,0.8591498763861966,0.4646382052753404,189.31895156770085,1.0388986790909179e-11,0.1515151515151515,0.0,0.4545454545454545,13.35,0.0,0.0,0.0,17.14,0.0
63feb6ae378e8efd6fd318b6,472.462,4.53978687024344e-05,4.53978687024344e-05,0.9178499701942592,140.2909781163713,3.040117918146948e-33,0.5833333333333334,0.0,0.8636363636363636,16.86,0.0,0.0,0.1666666666666666,16.7,0.0
5c4275e526217400018bf1b4,373.593,0.2250594380339199,0.6670707720723988,-0.6615374094216224,180.7915112030641,1.7673224024915401e-15,0.0833333333333333,0.0,0.3409090909090909,2.4,0.0,0.0,0.0,9.68,1.0
5b65f7935c431c000127ae5f,502.21,0.6268920439157764,0.9999546021312976,-0.9999092042625952,173.55436318233572,1.1501256904896288e-18,0.0303030303030303,0.0,0.1969696969696969,4.42,0.0,0.0,0.3333333333333333,21.99,1.0
60ff5fb6cbf1bb7de9bf2801,531.78,4.53978687024344e-05,0.9995904748083072,0.1068724448161062,210.95818134452065,0.0845472624574688,0.4696969696969697,0.0,0.25,24.5,0.0,0.0,0.0,37.7,0.0
5783d80d275be60001358349,560.421,0.1565076887029973,0.6946168821336876,0.9999092042625952,179.52005523606775,4.86210565247109e-16,0.0454545454545454,0.0075757575757575,0.4090909090909091,4.54,0.0,0.0,0.0,37.52,0.0
63dafeda84d9a5e684adb6be,378.621,0.0212076948650484,0.9999546021312976,0.0888203609194633,211.64749934802168,0.2063842590034248,0.0,0.0,0.0378787878787878,1.59,0.0,0.0,0.1666666666666666,12.46,0.0
63f796a016e377d12cff50f1,634.057,0.5624674818789263,0.4531761721996036,0.9999092042625952,164.09281074212254,8.042567823921251e-23,0.0151515151515151,0.0,0.5227272727272727,26.26,0.0,0.1666666666666666,0.1666666666666666,39.58,0.0
61038afee6aa0fcfbf968e56,553.496,4.53978687024344e-05,0.9999546021312976,-0.4523807170119212,188.58893399418253,4.932225021957007e-12,0.0757575757575757,0.0,0.3636363636363636,22.74,0.0,0.0,0.0,37.81,1.0
63eaa9f8f0637c961dcfc277,496.73,0.1344840902398942,0.7541993442606431,-0.1043079970432819,203.99620633058703,3.941827083697342e-05,0.0,0.0,0.3863636363636363,8.82,0.0,0.0,0.3333333333333333,10.96,0.0
63ead6f452e11793b2f8dab8,828.857,0.0081535878323583,4.53978687024344e-05,0.9999092042625952,113.444913400196,5.700309945536237e-45,0.4696969696969697,0.0,0.6666666666666666,9.35,0.0,0.0,0.1666666666666666,46.49,0.0
63f7eb4fd0c75f760998818c,424.568,0.0496977059964989,0.4531953368786001,-0.1459638708373848,210.99155911726143,0.088114302919593,0.1363636363636363,0.0,0.2272727272727272,2.16,0.0,0.0,0.1666666666666666,16.31,0.0
63d18e630e39bc97ef16152b,549.542,0.0417660000287772,4.53978687024344e-05,-0.4048804098749277,206.5511443943333,0.000595714880653,0.0,0.0,0.2272727272727272,15.47,0.0,0.0,0.0,30.48,0.0
6400df3b4bd1fb13b52727fe,391.232,0.1342527306808398,0.9649087482961762,0.9201077090321912,196.5910744214878,1.7904792599331162e-08,0.25,0.0075757575757575,0.5833333333333334,39.65,0.0,0.0,0.1666666666666666,12.79,0.0
62e19208352cd518d7b2f085,567.797,0.6161608517754825,0.9999546021312976,-0.9999092042625952,147.1133957392798,2.9315258295323352e-30,0.0,0.0,0.4166666666666667,62.19,0.0,0.0,0.0,22.89,0.0
63f77927711e9d061dbec33c,416.182,0.2460146919464106,0.3486188747679712,0.6177303264890137,191.0658693271148,6.18888241460394e-11,0.1136363636363636,0.0,0.3560606060606061,12.54,0.0,0.0,0.3333333333333333,13.05,0.0
5e535a49ac9ed13700f62def,1356.559,0.4888197370808469,0.7966277727256346,0.1385375670486373,185.3808915891945,1.8767086368202061e-13,0.0757575757575757,0.0075757575757575,0.2272727272727272,18.17,0.0,0.0,0.5,516.31,0.0
63fd6f98e4a77457f1b36b9a,759.811,0.0727039547667048,0.9999546021312976,0.1538138423384185,206.50308486483777,0.0005657448481261,0.0,0.0075757575757575,0.1363636363636363,15.53,0.0,0.1666666666666666,0.1666666666666666,34.36,0.0
5d1b0776e1c05200018b582d,861.694,4.53978687024344e-05,4.539787110449292e-05,0.2365181781846268,205.31516049430644,0.0001591037102702,0.0454545454545454,0.0,0.053030303030303,13.66,0.0,0.0,0.8333333333333334,31.06,1.0
5c5f525806006e0001db95d2,943.97,0.4242153035807411,0.6913186624766281,-0.9999092042625952,188.03173722482515,2.7940299206955176e-12,0.0303030303030303,0.0,0.4015151515151515,1.27,0.0,0.0,0.0,6.08,0.0
60ae62a5004d7bdf5428bb95,995.674,0.466579167976979,0.5974679117889313,-0.2858831620730865,176.10227976268658,1.5192779695478618e-17,0.0681818181818181,0.0,0.4621212121212121,22.65,0.0,0.1666666666666666,0.0,109.56,0.0
63dc7c4191d5e30193f1db36,407.845,0.1164304659436276,0.9642360032767948,0.5770458039975219,197.8499222434316,6.555726642805402e-08,0.3560606060606061,0.0,0.8484848484848485,9.36,0.0,0.0,0.3333333333333333,10.14,0.0
5b1a3fa488ee7400012aef74,963.018,0.9999546021312976,0.4454091046428635,0.9999092042625952,129.16954200853766,4.189610779571552e-38,0.0,0.0303030303030303,0.3560606060606061,87.54,0.0,0.0,0.3333333333333333,44.55,0.0
582009dd87f6b90001f13e40,380.932,0.0485976988949023,0.6636293570110655,-0.111419372960445,208.3831371068516,0.0043650925517954,0.4621212121212121,0.0,0.4772727272727273,6.27,0.0,0.0,0.0,16.55,0.0
5722c95274e7ff0011a6f011,413.637,0.5371813078114879,0.6145791872996269,-0.9181671740845374,179.22900725800196,3.6188173424991236e-16,0.1818181818181818,0.0,0.5227272727272727,2.99,0.0,0.0,0.0,21.43,0.0
6340d2fa46f2d707e146b63b,451.886,0.7644103350649596,0.7818832218571512,-0.0636873631583672,180.97499430740197,2.1292501198795678e-15,0.0378787878787878,0.0,0.3257575757575757,4.44,0.0,0.0,0.0,7.81,0.0
610940bbdb7795c3be364375,311.084,0.076467238231823,0.4452862626206723,-0.1776832521944825,210.843617924874,0.0734416519308656,0.3181818181818182,0.0,0.4848484848484848,1.67,0.0,0.0,0.3333333333333333,11.59,1.0
633471b7c7b5fa52a0a407a7,337.246,0.084158175715785,0.7047992953389525,-0.2800885604925615,204.27970966058217,5.315335208433839e-05,0.4545454545454545,0.0,0.2424242424242424,2.78,0.0,0.0,0.0,8.75,0.0
5f4000a47ed89c0e7f2e3760,357.542,0.1355382194366629,0.8821042360461978,-0.5316043104427408,182.5348877378322,1.0384493154244778e-14,0.106060606060606,0.0,0.4469696969696969,2.15,0.0,0.0,0.3333333333333333,15.26,1.0
62fd76d3f0824c29d4b1e6bd,407.726,0.0573598895285402,0.9723520761600468,-0.2574924744060904,196.20411691002252,1.2021654243268333e-08,0.5,0.0,0.5151515151515151,12.9,0.0,0.0,0.0,29.93,0.0
5d3bcf190e510a001b3df200,372.097,0.0105100123045988,0.9999546021312976,0.1781737173731667,210.50711012179016,0.0489406226484216,0.3333333333333333,0.0,0.1287878787878787,3.19,0.0,0.0,0.0,8.77,1.0
63f68fcc9f84b736270f0e8e,315.623,0.0251798489780517,0.6776847648090892,-0.2902860609988652,203.52140684641336,2.3917064958545875e-05,0.4242424242424242,0.0,0.4090909090909091,2.27,0.6666666666666666,0.0,0.8333333333333334,8.02,0.0
60fdbd3afcd943b7119d6f4a,477.442,0.3903611669463756,0.5230355893066678,-0.1791714181669389,191.61034476560545,1.0800355689659811e-10,0.0075757575757575,0.0,0.2121212121212121,2.76,0.0,0.0,0.0,19.62,0.0
63d40e3588ba6ef2a3ce7c37,373.972,0.1873637968770296,4.53978687024344e-05,0.3546943636692767,176.02414860505866,1.403624707715764e-17,0.6136363636363636,0.0,0.5757575757575758,12.24,0.0,0.0,0.5,19.03,1.0
5d13e3e6e51708001a43fa66,489.085,0.0903433937393679,0.9999546021312976,-0.4370032711918187,180.1944561723744,9.6400328452512e-16,0.0833333333333333,0.0,0.4848484848484848,36.4,0.0,0.0,0.1666666666666666,21.03,0.0
5f932e6a3ceaf50d5768745b,267.685,0.1059494527264611,0.2776554381938941,-0.1081678180081553,207.31279056625056,0.0013550223178513,0.5378787878787878,0.0,0.2424242424242424,5.27,0.0,0.0,0.0,5.42,0.0
62951043176ada9a9de2faa4,359.587,0.2171124829724496,0.4386633429050149,0.2839924471198967,205.94768301737548,0.0003121166137654,0.0681818181818181,0.0,0.1818181818181818,4.14,0.0,0.0,0.1666666666666666,8.5,0.0
63d82d20ed2b67b4f77f1fc7,408.135,0.009280274226229,0.9999546021312976,0.1058679542679368,211.9394215764948,0.3142411663432742,0.5454545454545454,0.0,0.6212121212121212,38.72,0.5,0.0,0.8333333333333334,16.32,1.0
6108cd48a97ffccb0e7e518c,570.882,0.1451959651336709,0.5674562808729066,0.500154284872006,196.529119887466,1.6798184362295846e-08,0.0454545454545454,0.0075757575757575,0.2272727272727272,6.79,0.0,0.0,0.1666666666666666,23.17,0.0
63d85999228b7d6b636dd96c,603.39,4.53978687024344e-05,4.53978687024344e-05,0.9003672844320643,142.1081989484872,1.8947990405853466e-32,0.3181818181818182,0.0909090909090909,0.3636363636363636,7.04,0.1666666666666666,0.0,0.8333333333333334,7.96,0.0
5fb3d39a2ceaab00087faddb,386.115,0.1886018843899784,4.53978687024344e-05,0.2777931661874062,181.1513391156512,2.546808841323728e-15,0.3787878787878788,0.0,0.4469696969696969,7.79,0.0,0.0,0.1666666666666666,19.03,0.0
63d13bce0971871b9ff88f56,287.899,4.53978687024344e-05,0.9999207106315176,-0.0415175032342247,212.2165798636051,0.4983496556778788,0.6818181818181818,0.0,0.5151515151515151,3.15,0.0,0.0,0.0,6.52,1.0
63d7a8a2591096e22405d64a,290.262,0.0297406298221941,4.53978687024344e-05,-0.1946562525183196,210.3547710135352,0.0408538492035177,0.7272727272727273,0.0,0.4166666666666667,1.6,0.0,0.0,0.8333333333333334,2.36,0.0
63d7edbef6596097994e730e,357.48,4.53978687024344e-05,0.9999546021312976,-0.9999092042625952,91.6666941272376,1.798657042966931e-54,0.2651515151515151,0.0,0.6363636363636364,8.32,0.0,0.0,0.8333333333333334,15.62,0.0
60761cf3cc35a2a9b127b414,347.764,0.3241652716399724,0.1723810617162103,0.2327920893884918,197.1312731653064,3.12379381188828e-08,0.0757575757575757,0.0,0.3863636363636363,2.41,0.0,0.0,0.1666666666666666,6.63,0.0
63cedc8a97a0bb604736baea,311.637,0.0026279647971582,4.53978687024344e-05,-0.1504953066212546,210.09907042125107,0.0302774785220261,0.6136363636363636,0.0,0.2272727272727272,3.89,0.0,0.0,0.1666666666666666,11.18,0.0
63f93d2de413ad49cf0dbff1,439.845,0.0378601353567814,0.9999546021312976,0.0243221834241822,208.6439230464001,0.005824661724244,0.0,0.0,0.3409090909090909,3.59,0.0,0.0,0.1666666666666666,9.78,0.0
61006f43a84b82fb439d7cba,443.581,0.2865378010429171,0.0361276082271329,0.9999092042625952,174.78639497656485,4.0052388796029034e-18,0.0681818181818181,0.0,0.2727272727272727,5.14,0.0,0.0,0.3333333333333333,13.98,0.0
63ed4bdcb1977e991fe4f095,378.558,0.0739191752876106,4.53978687024344e-05,0.9999092042625952,157.21261575468588,7.744791248826039e-26,0.4242424242424242,0.0,0.5757575757575758,6.35,0.0,0.0,0.0,23.52,2.0
63ea4164c5b33a0d13129c84,305.572,4.53978687024344e-05,4.53978687024344e-05,0.9999092042625952,59.67571461146558,2.045450299621665e-68,0.1515151515151515,0.0,0.9924242424242424,1.1,0.0,0.0,0.8333333333333334,2.02,0.0
613e002e81f4b2409b531dbd,687.321,0.0129271586560081,0.9999546021312976,0.0900357138545662,212.28653327207016,0.5724849657174549,0.0151515151515151,0.0,0.1742424242424242,13.29,0.0,0.1666666666666666,0.3333333333333333,27.7,0.0
63f3a6b6d4c4d564638f38ca,340.398,0.3158222795568657,0.6752022848073866,-0.4745869503415038,173.9357381438243,1.692240967402807e-18,0.053030303030303,0.0,0.4166666666666667,5.03,0.0,0.0,0.3333333333333333,16.15,1.0
55e7221441988f000b75cc7a,576.794,0.0636120051624402,0.9951259750350324,0.317086499506384,203.9696237410905,3.832961331508917e-05,0.0378787878787878,0.0,0.5909090909090909,8.32,0.0,0.0,0.1666666666666666,24.49,0.0
6400f1783058946c2b4780cd,468.982,0.0184797298016136,0.9999546021312976,0.497765373878525,197.78562519118847,6.134776799133254e-08,0.2272727272727272,0.0,0.0833333333333333,9.01,0.0,0.0,0.1666666666666666,31.47,1.0
5fd6ebe9b77a3d65df0c0674,579.694,0.0938202099786407,0.9999546021312976,-0.410746612872073,168.72716486490407,8.699523974818747e-21,0.0984848484848484,0.0,0.3863636363636363,20.89,0.0,0.0,0.1666666666666666,32.7,0.0
60cfdcfdf8a3c6c42dad17d3,284.209,0.0546731155279304,0.4940118485530563,0.2326734680005735,207.6764076467532,0.0020117393110593,0.5984848484848485,0.0,0.4621212121212121,1.9,0.0,0.0,0.1666666666666666,12.42,0.0
5c95a379a314c70012bbd4bf,460.817,0.1236513617886775,0.7066257635129725,0.1378476563380919,203.6092576932849,2.62310983840162e-05,0.0833333333333333,0.0,0.3257575757575757,11.53,0.0,0.0,0.1666666666666666,24.44,0.0
63e55908254a436361a6787b,311.503,0.5193198465139522,0.1826928748562375,-0.3948995309667721,168.7780809226084,9.159159257766784e-21,0.2272727272727272,0.0,0.6060606060606061,2.02,0.0,0.0,0.8333333333333334,4.66,0.0
62aa4aba6960dfb1b61f7583,435.648,0.3135239321614551,0.9999546021312976,0.1307829385824972,172.43220597542728,3.692915135603262e-19,0.2196969696969697,0.0,0.7121212121212122,5.05,0.0,0.0,0.1666666666666666,8.61,0.0
63dcc00d97b599698e60a1a6,583.619,4.53978687024344e-05,4.53978687024344e-05,0.3375229868952853,198.439231494046,1.204941145302893e-07,0.5606060606060606,0.0,0.3106060606060606,14.32,0.0,0.0,0.0,20.53,3.0
63bef4ddef5b4d7295effbbd,320.975,4.53978687024344e-05,4.53978687024344e-05,0.2569568076082922,204.080894679048,4.309824051866817e-05,0.696969696969697,0.0,0.4545454545454545,1.5,0.0,0.0,0.1666666666666666,7.78,0.0
5f5834134283933a1c3b42d0,492.639,0.4192964065950181,0.8863346723538842,-0.9999092042625952,159.83390619413885,1.0909187270589063e-24,0.1590909090909091,0.0,0.5075757575757576,17.75,0.0,0.0,0.0,36.61,0.0
6092dea4efd6d61350f0fdbf,382.153,0.2332522296593604,0.1118919776438409,-0.4007765173601143,197.0067689234361,2.7475894026626176e-08,0.0833333333333333,0.0,0.3863636363636363,2.79,0.0,0.0,0.0,8.94,0.0
60fcdd3be2ae9576df065728,436.738,0.0007850737177989,0.9122757349214204,0.1034889258764741,211.16086654826205,0.1089162838052253,0.053030303030303,0.0,0.1742424242424242,6.7,0.0,0.0,0.1666666666666666,15.58,1.0
63ea4301f63c1d26f0ff83e9,391.848,4.53978687024344e-05,4.720312138626034e-05,0.0948780865841476,211.26065349330847,0.1236631344228793,0.0454545454545454,0.0,0.303030303030303,3.02,0.0,0.0,0.0,16.75,0.0
63bd8be8f8c532da7bb5431e,511.136,4.53978687024344e-05,4.53978687024344e-05,0.9999092042625952,98.66314896787388,2.0245089864373108e-51,0.2651515151515151,0.0,0.5833333333333334,14.02,0.0,0.0,0.0,38.69,0.0
63b6be60f23fd8e0399f668c,477.424,0.0339210304543902,0.7058723097147503,0.0462904258623049,211.71441873543924,0.2264896744711828,0.4848484848484848,0.0,0.1515151515151515,23.15,0.0,0.0,0.0,46.51,0.0
63f3a7e45f338798fd025d99,382.881,0.1437302980325185,0.5555132290340734,0.7172309434649167,205.27997435047104,0.0001532654528661,0.4469696969696969,0.0,0.4924242424242424,3.16,0.0,0.0,0.0,17.56,0.0
6105338a15c74e8435e95c71,370.891,0.1575032610898012,0.9999546021312976,-0.1817497070494279,181.28205819446544,2.908364572976893e-15,0.5984848484848485,0.0,0.1212121212121212,5.61,0.0,0.0,0.3333333333333333,22.77,0.0
63d7a6a997f03198526a1941,633.993,0.0155715825520825,0.94170542978899,0.1565692044308024,211.1884081842975,0.1127824768058387,0.2196969696969697,0.0,0.1212121212121212,14.04,0.0,0.0,0.5,29.5,0.0
631b428359f449b8159625f8,554.047,4.53978687024344e-05,4.53978687024344e-05,0.9999092042625952,59.674295898513,2.0425410272927637e-68,0.1969696969696969,0.0075757575757575,0.9924242424242424,15.08,0.0,0.0,0.0,28.44,0.0
631381096e95278a3f97fed4,676.432,0.1947047319785442,0.5877355032279902,0.0848728421550915,210.0557040027764,0.0287887622665531,0.2651515151515151,0.0,0.1666666666666666,52.3,0.0,0.0,0.0,47.81,0.0
6144bf2539bc8f85335af4be,525.09,0.1741414415014568,0.3930559574594829,0.0315992392270969,195.4703634701341,5.652105962151551e-09,0.0,0.0,0.1893939393939394,11.85,0.0,0.0,0.0,29.82,0.0
63f049c2d78b2bc822a16dac,534.309,0.53619282049463,0.9999546021312976,-0.9999092042625952,150.3297101173871,7.494072099602641e-29,0.0075757575757575,0.0,0.4393939393939394,21.24,0.0,0.0,0.1666666666666666,28.72,1.0
63d1819e544fa53e891614ec,537.832,0.0031371161361116,0.4183726039976285,-0.1736020606036481,208.91436852781783,0.0078697742069415,0.3636363636363636,0.0,0.4090909090909091,17.47,0.0,0.0,0.0,13.49,0.0
63ea63669423c84daf2c5dbd,768.074,0.1206759039809836,0.4732483469381748,0.6929087242551042,201.7412640116449,3.7100982950133583e-06,0.4848484848484848,0.0151515151515151,0.4318181818181818,52.93,0.0,0.0,0.3333333333333333,14.94,1.0
63f791c69ca73d3460eeb2d9,710.366,0.432519210588501,0.8576590861731929,-0.5750947272617501,159.28538922685237,6.271378477234204e-25,0.0227272727272727,0.0,0.4696969696969697,11.42,0.0,0.0,0.0,16.77,0.0
60fd80b85dd6b22f66d16822,360.863,0.0368812863183087,4.53978687024344e-05,0.2395719552390716,199.37237635718225,3.164118489584569e-07,0.25,0.0,0.0606060606060606,3.84,0.0,0.0,0.0,15.2,0.0
5ad2c8334d061300011b1985,389.372,4.53978687024344e-05,4.53978687024344e-05,0.9999092042625952,96.6660422896732,2.7242140532797106e-52,0.5303030303030303,0.0,0.7803030303030303,4.39,0.0,0.0,0.0,11.73,1.0
63d9f41910c61f3eb102079f,600.368,0.1158782260104568,0.8214537939085405,-0.4519216871202143,191.52408980266705,9.888250952345342e-11,0.0151515151515151,0.0,0.3181818181818182,11.21,0.0,0.0,0.0,42.81,0.0
570fa921f895a7000f38ca6f,463.548,0.727542719130741,4.53978687024344e-05,0.5208744712535369,186.33822077959636,4.974046107496342e-13,0.3484848484848485,0.0,0.553030303030303,5.12,0.0,0.0,0.0,16.57,0.0
63d404f4eaf69448ef9e09e6,495.974,0.1680717963829397,0.2479202292080784,0.9999092042625952,171.38524140018163,1.279971447145599e-19,0.0,0.0075757575757575,0.2272727272727272,4.38,0.0,0.3333333333333333,0.0,18.72,3.0
63d000d62878aa92b833c5fc,483.007,0.0010540556290542,0.9998607134830774,0.1015627641726757,211.25708383502592,0.1230990306734919,0.4848484848484848,0.0,0.2651515151515151,8.65,0.0,0.0,0.3333333333333333,77.0,0.0
63212cf14928ea89262e9f24,584.922,0.0012320175044216,0.0064875710874647,0.5021833995345164,183.8156158759704,3.817694653258519e-14,0.3333333333333333,0.0075757575757575,0.4166666666666667,45.04,0.0,0.0,0.3333333333333333,27.12,3.0
5c047357d30e3200016dd9fa,337.164,0.6185849696288875,0.9999546021312976,-0.1246456297951931,155.17636160498503,9.929978388811575e-27,0.3863636363636363,0.0,0.7272727272727273,1.67,0.0,0.1666666666666666,0.3333333333333333,14.53,0.0
61509f0576598bbf74387211,325.773,0.2782109711031959,0.6053312409031048,-0.398280151937472,183.70622868207695,3.4158083366278513e-14,0.25,0.0,0.2651515151515151,1.93,0.0,0.0,0.0,4.47,0.0
5df5b9f661721940c46c3cd3,363.497,0.0037853718328976,4.705641194356546e-05,-0.1376081178109534,210.70332390075876,0.0619288175427101,0.2121212121212121,0.0,0.2348484848484848,3.15,0.0,0.0,0.0,16.42,2.0
62ded68be9e12bf448a7ffdb,299.796,0.0181006150143922,0.9999546021312976,-0.0187567189699273,210.83738268172908,0.0728840472481738,0.7196969696969697,0.0,0.3106060606060606,11.26,0.0,0.0,0.1666666666666666,24.08,1.0
61650ba8e42101c561bf7335,520.499,0.0250791955254987,0.6112350006562021,0.2656482327567067,207.8527178890248,0.0024385019352237,0.3787878787878788,0.0,0.1742424242424242,14.54,0.0,0.0,0.0,41.1,0.0
63e5c56c4ddeee504b9fa17f,745.734,0.5040630928069892,0.6208327566741535,-0.631041753542505,187.48065107656996,1.5930495777088765e-12,0.0681818181818181,0.0075757575757575,0.2575757575757575,2.8,0.0,0.0,0.0,22.18,2.0
63e5ffdf639ebdcf35aacb09,479.701,0.260128467433656,0.2617972623027347,0.1346473001704489,197.93039633661985,7.123604196869138e-08,0.1212121212121212,0.0,0.2348484848484848,12.01,0.0,0.0,0.1666666666666666,16.57,0.0
61086469e5457fed4f164b8e,615.297,4.53978687024344e-05,4.53978687024344e-05,0.011157905169749,212.4301689108964,0.8596370110396052,0.2348484848484848,0.0,0.0757575757575757,24.24,0.0,0.0,0.0,40.61,0.0
5fee456f8929f014481adff9,601.134,4.53978687024344e-05,4.53978687024344e-05,0.9999092042625952,65.67038794350738,8.372938077824168e-66,0.6439393939393939,0.0075757575757575,0.9696969696969696,181.59,0.0,0.1666666666666666,0.3333333333333333,27.93,0.0
611401411bf1ede5a4d85bdc,377.541,0.1219570638975227,0.0883243256157347,0.162770529519179,199.60054752026724,4.007923164836663e-07,0.0681818181818181,0.0,0.3333333333333333,9.01,0.0,0.0,0.3333333333333333,14.76,0.0
636182d3f52ff78fc3f7de50,467.554,0.0422985221722498,0.5805370281755232,0.056580831755393,211.4283607885896,0.1537255778616405,0.5454545454545454,0.0075757575757575,0.2651515151515151,8.37,0.0,0.0,0.1666666666666666,42.12,1.0
63d7a0c6fe36d852418ac97a,377.914,0.142660446421702,4.53978687024344e-05,0.4673743722938497,184.4293343567204,7.126692344904765e-14,0.6060606060606061,0.0,0.4545454545454545,7.61,0.0,0.0,0.1666666666666666,32.14,0.0
63d12f8c48b235842187c959,267.097,0.0072820135568612,0.9999546021312976,-0.1350433300985636,209.04200191578607,0.0090770427795608,0.8409090909090909,0.0,0.3181818181818182,23.12,0.3333333333333333,0.0,0.3333333333333333,4.68,0.0
5d1ce77cbac9bf001a4954f7,377.692,0.1874361733102675,0.3812517009581226,-0.408598434109946,198.10243134648613,8.50840607654701e-08,0.053030303030303,0.0,0.1666666666666666,2.08,0.0,0.0,0.1666666666666666,10.96,0.0
5ec0aeb3d216ee36d856ead2,386.011,0.0993533013475023,0.7779323762265569,-0.9999092042625952,175.4382127912519,7.751848707562147e-18,0.0378787878787878,0.0,0.3106060606060606,10.18,0.0,0.0,0.1666666666666666,15.56,0.0
640377e3d569a80850182891,367.567,0.0799417185486413,0.9999546021312976,-0.4000203714759615,186.2631570549773,4.607957294635888e-13,0.2954545454545454,0.0,0.4393939393939394,1.34,0.0,0.0,0.5,14.03,0.0
611d4519393cabb9a4a46ebd,533.999,0.0667006820841818,0.2680107657736563,-0.0617654273278623,207.53125531069875,0.0017177253970792,0.0,0.0,0.25,10.82,0.0,0.0,0.1666666666666666,26.7,0.0
5a983a931ade740001b8ea50,450.144,0.4352169951359448,0.2327650897880268,0.6343176648697233,194.2163692667748,1.559219223345591e-09,0.0227272727272727,0.0,0.4015151515151515,4.93,0.0,0.0,0.1666666666666666,25.42,1.0
64015b86a1764cf737326eb7,433.802,0.0156549506725081,0.5639411014064467,0.1754201551649787,210.1820801470037,0.0333553115795063,0.3712121212121212,0.0,0.2272727272727272,8.48,0.0,0.0,0.0,29.29,0.0
60ce8efd3dc93c8607362691,393.362,4.53978687024344e-05,4.53978687024344e-05,0.6351394275299036,170.21348855627275,3.911498009713021e-20,0.4090909090909091,0.0,0.7272727272727273,2.62,0.0,0.0,0.5,3.56,2.0
62715bfe8dcc19e21152dce0,499.376,0.0590553472121067,0.079531057702137,0.4280591157041913,189.18491048703396,9.06053852159537e-12,0.5757575757575758,0.0,0.3560606060606061,12.86,0.0,0.0,0.0,33.54,1.0
63f807017a338dfff169fea8,626.48,0.2273184561059475,0.7448535668200232,-0.6500992757621097,174.82502295636948,4.1650634958139046e-18,0.0,0.0,0.1969696969696969,6.55,0.0,0.0,0.1666666666666666,31.38,0.0
63d89eb9781fd5479e5c175a,472.751,0.01547223233602,0.9999546021312976,0.0291604125208273,211.9100880724836,0.3006220484505649,0.0303030303030303,0.0,0.3939393939393939,9.77,0.0,0.0,0.0,22.24,0.0
5bf0cb0411439b000168edda,355.45,0.061086598688309,0.14811898027418,-0.1180098585188963,208.89964704784015,0.0077415192562845,0.0681818181818181,0.0,0.4393939393939394,1.54,0.0,0.0,0.5,4.51,1.0
64077ddd11208afe2bec171a,515.264,0.0712153031892979,0.4513007779526798,0.2270477003782289,209.40874645150933,0.0137176935130085,0.1287878787878787,0.0,0.3257575757575757,7.73,0.0,0.0,0.0,13.17,0.0
5c9bfbfa325c3d001ad360a8,1126.03,4.53978687024344e-05,0.9999546021312976,-0.9999092042625952,88.66711453440533,8.850405588455496e-56,0.1742424242424242,0.0151515151515151,0.9242424242424242,17.97,0.0,0.0,0.5,252.42,1.0
6400f8f41e203f131c68b79f,403.017,0.0218968160808817,4.53978687024344e-05,0.4864645996314338,185.6116245531977,2.3735518396700695e-13,0.3560606060606061,0.0,0.2727272727272727,5.14,0.0,0.0,0.0,44.95,0.0
6401094035971e9972e06328,588.639,0.6258254043863937,0.369021970167782,0.2601126564739024,171.29604680221368,1.1695079856568877e-19,0.0,0.0,0.4015151515151515,10.72,0.0,0.1666666666666666,0.1666666666666666,42.35,0.0
63ecff07b619306f41db42fa,336.266,0.7027506724957208,0.2179809414603943,-0.9999092042625952,177.0603353297239,4.012037741666999e-17,0.5833333333333334,0.0,0.4772727272727273,19.63,0.0,0.0,0.6666666666666666,15.41,1.0
604945573fc8844cdd15b9bf,468.997,0.2560987265206423,0.5749085074960597,-0.9999092042625952,175.11322650043837,5.57718311423921e-18,0.0,0.0,0.3863636363636363,8.12,0.0,0.0,0.0,22.54,0.0
580777dd827ca10001db494b,425.671,0.3937158335132592,0.3761420985274636,0.1635521480367689,194.8961042454792,3.132972504551266e-09,0.0,0.0,0.2272727272727272,4.0,0.0,0.0,0.1666666666666666,19.42,0.0
5ede9b80b8a141131edabbe1,561.119,4.53978687024344e-05,0.9980657926206228,-0.5716656845011017,176.84278888497664,3.2180291605344826e-17,0.0227272727272727,0.0151515151515151,0.25,26.45,0.0,0.0,0.0,42.65,0.0
6110ac49fa97e0c2c87223a2,519.85,0.0414880445013745,0.4651064647872345,-0.2331440102692716,208.3337578844917,0.0041337857749165,0.0151515151515151,0.0227272727272727,0.1742424242424242,8.79,0.0,0.0,0.1666666666666666,10.11,0.0
63bc9e8cd8106f8d94c636d4,372.137,0.0317663835794622,0.9999546021312976,0.4333442342677085,205.59317131647063,0.0002138539758263,0.1893939393939394,0.0,0.5151515151515151,5.64,0.0,0.0,0.0,20.85,1.0
63fac97f0d4e8f6bfd753d90,304.111,0.1011231053805292,4.53978687024344e-05,-0.9999092042625952,190.171922260226,2.4822678814323075e-11,0.5833333333333334,0.0,0.5303030303030303,3.02,0.0,0.0,0.0,16.3,0.0
6400e07f37c248e81cbc9d41,476.197,0.3238853413108026,0.9999546021312976,-0.4976313194489975,159.2443462007023,6.016912252401669e-25,0.0,0.0,0.4242424242424242,4.65,0.0,0.0,0.0,15.64,0.0
63df609cf58947e964792bb6,300.446,0.0030185689409822,4.53978687024344e-05,-0.1804677603100333,209.0654926020024,0.0093191183969996,0.7045454545454546,0.0,0.3484848484848485,1.9,0.0,0.0,0.1666666666666666,10.91,0.0
6156a0460b95fa57be8312c4,430.376,0.0036434068616233,0.4623452362407031,0.1628513605316346,209.08277955887468,0.0095014792400224,0.4015151515151515,0.0,0.1439393939393939,13.42,0.0,0.0,0.0,18.6,0.0
63b6e5e23b31a38790ff1ce2,373.681,0.2885889492399899,0.5119732525689962,0.9093614715185064,197.4487435376636,4.333580093199407e-08,0.1969696969696969,0.0,0.4772727272727273,2.78,0.0,0.0,0.0,13.79,0.0
60fc9ce95a59b3400b38e2a7,548.702,0.1219035236282504,0.9999546021312976,-0.1226337533680246,188.25805215749935,3.5193700683945317e-12,0.0075757575757575,0.0,0.4242424242424242,9.53,0.0,0.0,0.0,32.83,0.0
6276b88b3b4036b3f0ca289b,461.487,0.2929964963838373,0.633898786606745,-0.9999092042625952,194.05090005727683,1.3157626169812934e-09,0.303030303030303,0.0075757575757575,0.4924242424242424,4.19,0.0,0.0,0.1666666666666666,28.49,0.0
63034df51d918e1e3b97e5ce,731.497,0.1102989089125466,0.4989535494069345,0.001882454871728,205.5919433935571,0.0002135745152109,0.0151515151515151,0.0075757575757575,0.1818181818181818,18.88,0.0,0.0,0.0,57.7,1.0
63fffd232a889b722046523c,487.525,0.1484747659118484,0.4002338653352509,0.1831381368784437,207.24830885659875,0.0012635760414336,0.0151515151515151,0.0,0.0075757575757575,15.0,0.0,0.0,0.0,44.22,0.0
63d1834e69a637cd32f16634,263.983,0.0106657993786956,0.9999546021312976,0.5862909417123519,186.3065444592895,4.816137543535691e-13,0.9696969696969696,0.0,0.3787878787878788,4.37,0.0,0.0,0.1666666666666666,3.81,0.0
63d420b1d5b7dc6a3a4c50aa,526.257,0.0212765478622206,0.6786799182000707,-0.0542307290931851,210.95782522999133,0.084510057699439,0.106060606060606,0.0,0.2651515151515151,16.12,0.0,0.0,0.0,40.02,0.0
63e316f79fdeba5ba50385e1,510.96,0.1403519826397496,0.8517368048974593,-0.6891601142949737,177.38920111985607,5.599681280220151e-17,0.1439393939393939,0.0,0.303030303030303,14.96,0.0,0.0,0.0,24.44,0.0
5f19fbbb7767270c32464eb5,477.169,0.2645558045420406,0.2749368848311672,0.0641832308165282,205.6233294298142,0.0002208344668587,0.4242424242424242,0.0,0.4166666666666667,12.15,0.0,0.1666666666666666,0.0,33.8,0.0
63d3fb1c82d319ac2f752d80,448.026,0.1003060386290963,0.7414453283087936,0.1310853744426805,205.31478954425285,0.0001590410069394,0.1666666666666666,0.0,0.5303030303030303,4.4,0.0,0.0,0.0,12.51,0.0
611343092396f1d9ed7018ad,535.206,0.4694678019659805,0.3290484852063231,-0.1463692645042262,197.39928831969743,4.118081790547742e-08,0.0151515151515151,0.0151515151515151,0.2196969696969697,7.6,0.0,0.0,0.0,25.62,0.0
60fcd9368e8d2b8740cf9251,785.425,0.0048225594998132,0.3085742345071616,0.0016830678554256,212.39699187030487,0.7546983867951802,0.0303030303030303,0.0,0.106060606060606,136.78,0.0,0.0,0.1666666666666666,84.44,0.0
641ec1a9d9fe8a0941e39862,376.654,0.1008488436517635,4.53978687024344e-05,0.4041504275236445,189.831800695364,1.7537895851538188e-11,0.2272727272727272,0.0,0.3181818181818182,2.97,0.0,0.0,0.1666666666666666,5.13,0.0
5b608617208f1c000100bdeb,455.84,4.53978687024344e-05,4.53978687024344e-05,0.5074564449118639,183.31267213680144,2.2893640899479852e-14,0.0378787878787878,0.0,0.4621212121212121,5.88,0.0,0.0,0.8333333333333334,16.71,0.0
63f78c9346da47f7f8f3aef9,297.398,0.3552449267821554,0.9516567952853662,0.3229034752565116,163.72926701710622,5.5707681317247e-23,0.2878787878787879,0.0,0.5606060606060606,1.84,0.0,0.0,0.0,7.68,1.0
6320e37620d067c7d322246a,504.959,0.0365535583826071,0.6635019870014524,-0.1291432864955348,208.9824216478057,0.0084915118877231,0.0833333333333333,0.0,0.3939393939393939,19.45,0.0,0.0,0.1666666666666666,33.46,0.0
63dd3dd2593c92be97d8dbde,348.807,4.53978687024344e-05,4.53978687024344e-05,0.9999092042625952,75.67328853886175,1.915593327573971e-61,0.5681818181818182,0.0,0.9318181818181818,8.48,0.0,0.0,0.3333333333333333,16.26,0.0
5bfb5784a66aa500019dabef,441.12,0.1896489854664708,0.3843696256164184,-0.0863606682688471,191.3674313124208,8.424282814706346e-11,0.0,0.0,0.303030303030303,22.48,0.0,0.0,0.1666666666666666,16.58,0.0
6400caf68d8b75041e36f702,713.165,4.53978687024344e-05,0.0001109855733707,0.212219490523418,206.66273436448787,0.0006716369400634,0.0757575757575757,0.0454545454545454,0.3257575757575757,26.0,0.0,0.0,0.1666666666666666,13.08,0.0
610c736500a4b33398fef94f,417.421,0.3075983679568913,0.4441770854700819,-0.1180365607601703,193.38461239612627,6.644350213011008e-10,0.0,0.0,0.1969696969696969,7.6,0.0,0.0,0.3333333333333333,28.3,0.0
63174f52c207f299e8f8dc08,457.17,0.340938697890436,0.5430442734370765,-0.2780181957093739,196.51700389055057,1.658991811820026e-08,0.0,0.0,0.2348484848484848,5.19,0.0,0.0,0.0,17.39,0.0
631ce86c7a3ce20f628bae05,463.268,0.1066890641019942,4.53978687024344e-05,-0.035759860142384,200.0191512632681,6.186284804779784e-07,0.1590909090909091,0.0,0.4166666666666667,3.36,0.0,0.0,0.1666666666666666,14.5,2.0
63f7b890b9c9e7b19a2e9281,349.272,0.1245824804976957,0.945891982576815,0.0932043246892826,196.18541996442943,1.1792553407834421e-08,0.3939393939393939,0.0,0.2121212121212121,7.74,0.0,0.0,0.0,15.47,0.0
5f507fb3e29c991f68f5879a,408.587,0.0064964782117877,0.9999546021312976,0.3254305586787993,203.4100499622525,2.1276139787039705e-05,0.0227272727272727,0.0,0.106060606060606,5.74,0.0,0.0,0.0,8.19,0.0
5d69d7e23aed95001b1aa05c,420.282,0.3755752716978858,0.1775081249875844,-0.2978099691653831,170.63549925417806,5.994483318972246e-20,0.0227272727272727,0.0,0.4166666666666667,3.7,0.0,0.0,0.1666666666666666,7.7,1.0
5766d2f7fdff7a0001c1285b,438.005,0.0035251441181663,4.53978687024344e-05,0.9915468244054486,134.60467166238993,9.933444668686072e-36,0.1439393939393939,0.0,0.7196969696969697,84.82,0.0,0.0,0.3333333333333333,7.82,0.0
6127e94c6abf253c484b38b7,356.908,0.9622934552501408,0.4948021703253267,0.1584596581144592,170.6656448082617,6.1801196607211e-20,0.2651515151515151,0.0,0.3636363636363636,4.25,0.0,0.0,0.0,17.44,0.0
6400dc45648545e7ca8f35a6,504.731,0.098713881769877,0.9999546021312976,0.1213344639329871,198.2910660574275,1.033885914959986e-07,0.1136363636363636,0.0,0.4621212121212121,7.62,0.0,0.0,0.0,19.93,0.0
631e8c52a408a788b7e62e11,379.022,0.2577105725744739,4.53978687024344e-05,0.9999092042625952,143.5957106741455,8.475364589305664e-32,0.1969696969696969,0.0151515151515151,0.6439393939393939,2.94,0.0,0.0,0.0,11.94,0.0
5f721a81ee2a860fe028a8a4,926.632,4.53978687024344e-05,0.9999546021312976,-0.9999092042625952,108.65731986682886,4.639986873830009e-47,0.0303030303030303,0.0075757575757575,0.4696969696969697,18.28,0.0,0.0,0.1666666666666666,40.82,1.0
63ea5b93d1c6d38e1f57dcfa,405.089,0.4539494902640648,0.7512171340745565,-0.9491448423584644,183.72580387451427,3.4844809552377254e-14,0.2954545454545454,0.0,0.4545454545454545,4.88,0.0,0.0,0.5,18.4,1.0
6400d9235287137e7b62fd29,389.938,0.0359182889966066,0.6447136773419192,0.249071922764738,208.3890015315295,0.0043934248542428,0.2727272727272727,0.0151515151515151,0.3257575757575757,2.58,0.0,0.0,0.1666666666666666,8.35,0.0
63ee5e103b44d07673cc8bd6,295.246,0.1232058363438026,4.53978687024344e-05,-0.3249975647636891,195.13275916943215,3.9951553822022135e-09,0.3712121212121212,0.0,0.3181818181818182,1.33,0.0,0.0,0.5,7.76,1.0
64141beda1cef49212be9b6c,298.977,0.012614768134384,0.9999546021312976,0.2944070156978651,206.92309955851505,0.000889070504836,0.8787878787878788,0.0,0.2045454545454545,2.63,0.1666666666666666,0.0,0.1666666666666666,11.64,1.0
63210b26bd58960c97b47ddc,507.383,0.1983883285600179,0.6485794187913352,0.6429256438045448,194.7627327668122,2.731947641206635e-09,0.0454545454545454,0.0,0.2878787878787879,9.05,0.0,0.0,0.1666666666666666,8.74,4.0
6414cd5e294152ef610c1272,480.118,0.0059510033308372,0.9999546021312976,0.1510332812436161,210.64726122156395,0.0578809289026486,0.4924242424242424,0.0,0.106060606060606,18.21,0.0,0.0,0.0,15.54,4.0
62acc04d0a7788636b0e9915,470.599,0.0399583194867235,0.9999546021312976,-0.5935994676907237,179.21920858920913,3.5830172991613103e-16,0.3484848484848485,0.0,0.5757575757575758,16.72,0.0,0.0,0.3333333333333333,30.19,0.0
61010ed79b9d528dcd376bc7,385.539,0.1838270434268044,0.5721378144972966,0.5609593556992314,197.83034309446532,6.424566196163766e-08,0.696969696969697,0.0075757575757575,0.3787878787878788,8.71,0.0,0.0,0.0,24.15,1.0
63e885e4e1fc973179d56f63,566.653,0.0592467967847461,0.9999546021312976,0.3009917235156965,207.2437382579274,0.0012573362518134,0.0075757575757575,0.0075757575757575,0.2651515151515151,5.48,0.0,0.0,0.1666666666666666,25.03,1.0
63f477547d2302b4346299f4,854.233,0.0167292459899012,0.9999546021312976,0.9999092042625952,157.21547235298456,7.767144010225845e-26,0.1818181818181818,0.0,0.5227272727272727,72.64,0.0,0.0,0.0,124.41,0.0
6111803025c0b80658532a61,420.391,4.53978687024344e-05,4.539787095283986e-05,0.1373470064990281,209.98173777853367,0.0264228450292712,0.0,0.0,0.3863636363636363,4.01,0.0,0.0,0.3333333333333333,6.83,0.0
5efc1d4ee23e2a011ded073e,351.429,0.0056886862466875,0.9999269832689264,0.0487770392581752,212.36168315504088,0.6816784352529337,0.2954545454545454,0.0,0.4015151515151515,2.76,0.0,0.0,0.0,8.68,1.0
641bb28bd1adb042a01a9d5f,306.311,0.0026620226419323,0.9999546021312976,0.0872478730798196,211.7475186090432,0.2372984301224505,0.553030303030303,0.0075757575757575,0.2424242424242424,2.41,0.0,0.0,0.5,5.46,0.0
60fcf7102d7c9907d95a0920,371.53,0.7031099995421453,0.594063902370602,-0.0042710305068272,184.87446712505053,1.1209063936958595e-13,0.1515151515151515,0.0075757575757575,0.3939393939393939,1.78,0.0,0.0,0.3333333333333333,7.77,0.0
63eeaedb26e599e86e8f7929,664.178,0.2044741592314756,0.8051727900729244,-0.9999092042625952,172.97088006792555,6.370681316908729e-19,0.0,0.0,0.25,28.76,0.0,0.1666666666666666,0.0,25.14,0.0
62b33e2a447824fbd0770025,553.928,0.1556196199385288,0.9568181468660564,-0.3796152712125792,188.78752105031256,6.039957108874555e-12,0.0075757575757575,0.0,0.1363636363636363,7.47,0.0,0.0,0.0,26.41,0.0
63b6cc23f13731158517f900,551.233,0.2111846543140516,0.5585227798000565,0.4516311118419862,194.0084698411052,1.2597202343587427e-09,0.0,0.0,0.2348484848484848,5.87,0.0,0.0,0.0,26.08,1.0
63ced96b01986b01ef133497,521.014,4.53978687024344e-05,4.539788171640613e-05,0.6114901522034839,172.7031447156174,4.858217994005466e-19,0.4242424242424242,0.0,0.6060606060606061,15.98,0.0,0.0,0.0,37.02,1.0
63f0fb9941434d10e8e4909b,1222.505,0.1227246798941666,0.2923478559357567,0.1732815263278544,201.1531502392405,2.0101591924612404e-06,0.0,0.0075757575757575,0.3484848484848485,24.77,0.0,1.0,0.3333333333333333,78.76,0.0
5cd10012174fc60016c10ffd,506.296,4.53978687024344e-05,0.999355104777539,0.0002970001684383,212.44962108370072,1.0,0.0,0.0,0.0303030303030303,7.37,0.0,0.0,0.0,33.69,0.0
641359eb0e2dc93999637e35,860.386,0.0827289770310892,4.53978687024344e-05,0.0939245605977148,195.62213641943907,6.606529295610611e-09,0.0075757575757575,0.0075757575757575,0.2878787878787879,14.53,0.0,0.1666666666666666,0.1666666666666666,75.07,1.0
