PROLIFIC_PID,totalTime,subj2LR_posOC,subj2LR_negOC,subj2p0_3prm,subj2NLL_biasedOC,subj2LR_biasedOC,subj2LRTp_biasedOC,qa:dec_%rt<300,qa:dec_%rt>10000,qa:dec_%Conseqs,qa:dec_instruxDur,qa:frat_%rt<300,qa:frat_%rt>10000,qa:frat_%Conseqs,qa:frat_instruxDur,qa:blurEv
5f2f86864fd821374b4367bc,317.618,4.53978687024344e-05,4.53978687024344e-05,0.4980700175337612,212.4538268175841,0.0,1.0,0.7803030303030303,0.0075757575757575,0.8712121212121212,2.0,0.0,0.0,0.8333333333333334,0.6,0.0
61492ac26b91b5b11ba2c88b,504.727,0.2110916145797592,0.0806447073380189,0.2796498477028391,185.8478049481172,0.1304469072417403,1.6651774375202268e-11,0.0,0.0,0.1590909090909091,7.36,0.0,0.0,0.0,29.62,0.0
60234c1d5a0cf81cba76ce5d,1140.393,0.002099105669795,0.008924836092674,0.4558233345129128,210.3973029249453,-0.0068257304228789,0.2511782716346276,0.0,0.053030303030303,0.1590909090909091,22.99,0.0,0.3333333333333333,0.0,56.12,0.0
6362aca86b740b1ec4cb6efb,635.299,4.53978687024344e-05,0.1282243910655572,0.3547301639225007,169.921699207957,-0.1281789931968548,2.5340063286230168e-18,0.3712121212121212,0.0075757575757575,0.2045454545454545,1.86,0.0,0.1666666666666666,0.0,65.18,4.0
60fcd2b146529d02f1566012,442.68,0.0353240623007481,0.1264470323819104,0.267808175605096,181.7774944908504,-0.0911229700811623,3.0453496275991253e-13,0.0,0.0,0.3863636363636363,7.45,0.0,0.0,0.3333333333333333,24.14,0.0
63ed12d2c25b08ba24fe8a41,496.667,0.3753178380433067,0.3676421914036831,0.5274269287075668,151.0779653290288,0.0076756466396236,1.987045320857924e-26,0.0,0.0,0.2196969696969697,6.32,0.0,0.0,0.3333333333333333,16.07,1.0
5d412a9013864b0015b14b31,324.832,0.034423081938658,4.53978687024344e-05,0.3903789661311739,209.8522032468662,0.0343776840699556,0.1585914073466537,0.6590909090909091,0.0,0.3484848484848485,4.58,0.0,0.0,0.0,19.13,0.0
63d2bc12a843f8466a8f83e0,546.348,0.57812128838074,0.9999546021312976,0.4541972365679389,133.46100120691742,-0.4218333137505576,5.026737627848682e-34,0.0075757575757575,0.0,0.4318181818181818,13.8,0.0,0.0,0.0,71.33,1.0
610b416fd4f5d1dcfaa28d7a,465.434,0.5099219525689492,0.6299195485556095,0.2449766016092854,171.14467321762913,-0.1199975959866602,8.48687873941957e-18,0.0,0.0,0.2424242424242424,10.85,0.0,0.0,0.1666666666666666,12.14,0.0
63d9f31dba727de153019798,336.128,0.9999546021312976,4.53978687024344e-05,0.9999546021312976,126.6542433173816,0.9999092042625952,5.792754096776589e-37,0.6666666666666666,0.0,0.553030303030303,5.47,0.0,0.0,0.8333333333333334,21.47,0.0
620bdd8ca922fc3f247f6c82,335.259,0.0366239549710707,4.53978687024344e-05,0.2930903473980387,206.7250394202917,0.0365785571023682,0.0095629536524065,0.2575757575757575,0.0,0.2651515151515151,3.28,0.1666666666666666,0.0,0.1666666666666666,5.62,0.0
62ec219e5f3634408fb35580,462.284,0.0034743391474497,0.0813465672909501,0.6323804393650029,201.1636656061904,-0.0778722281435004,4.977203493370574e-05,0.1893939393939394,0.0,0.3863636363636363,10.25,0.0,0.0,0.0,29.29,0.0
594936ad4152bf0001bfd5cd,407.559,0.2441281767737131,0.7031058116287168,0.5595498102238543,168.55921549539295,-0.4589776348550036,6.588454830061539e-19,0.0,0.0,0.3181818181818182,6.83,0.0,0.0,0.0,10.92,0.0
63d842d3e9626bd5fe5c17b1,675.732,4.53978687024344e-05,0.040131679481613,0.7136698407681286,205.0779839667141,-0.0400862816129106,0.0020570818522209,0.803030303030303,0.0,0.7121212121212122,9.1,0.0,0.0,0.0,47.24,1.0
631bc422eec20143118ad66b,316.584,0.9999546021312976,0.0748093971381291,0.6079847731971455,161.93674669712863,0.9251452049931684,9.387970429626938e-22,0.8560606060606061,0.0,0.5151515151515151,6.89,0.0,0.0,0.5,4.68,1.0
58016c9f551314000145af58,471.173,0.0364459541513598,4.53978687024344e-05,0.4863800029807031,207.53773806341695,0.0364005562826573,0.0201955069478941,0.5909090909090909,0.0,0.5378787878787878,7.46,0.0,0.0,0.1666666666666666,21.06,2.0
63d1c10210ce566ce71616e8,419.72,0.0234029164267278,0.0040589325326925,0.467085521932323,210.8938105539812,0.0193439838940353,0.3758685318217973,0.4166666666666667,0.0,0.1439393939393939,5.71,0.0,0.0,0.1666666666666666,26.35,0.0
5e55e83cc65ccb5ed547cb04,622.936,0.0309219295282684,0.0290373317657908,0.5525676060469378,210.3586247166988,0.0018845977624776,0.2432415606947474,0.0227272727272727,0.0,0.0227272727272727,45.04,0.0,0.0,0.1666666666666666,50.17,0.0
63e5b3e89a3823139cb9d35e,335.92,0.1138060440007924,0.0502852067567794,0.7438178020158012,185.06004017656207,0.063520837244013,7.681637985380512e-12,0.803030303030303,0.0,0.7424242424242424,7.36,0.0,0.0,0.1666666666666666,6.21,1.0
6400ea4cec0b310140841b2d,438.28,0.0273740108031244,0.004316083555722,0.2803344459237217,199.12310714164187,0.0230579272474024,6.98625373654071e-06,0.2272727272727272,0.0,0.2272727272727272,10.95,0.0,0.0,0.0,15.38,0.0
6352b3c968388ef86f3556db,360.793,0.1674604725415682,0.1156963224134484,0.9779156643105804,164.5246061149451,0.0517641501281197,1.2169405383526725e-20,0.1439393939393939,0.0,0.4318181818181818,2.11,0.0,0.0,0.0,8.86,0.0
63dc7b5bf451a34177b66c66,459.587,0.1032573543715143,0.1746638250119116,0.184472015622315,181.09321870051556,-0.0714064706403973,1.5527594667447517e-13,0.2045454545454545,0.0,0.3787878787878788,8.47,0.0,0.0,0.0,19.5,0.0
63d881ab484805569b553bd8,533.905,0.0060433428966062,0.0203727236476987,0.638195361308306,208.4415991643941,-0.0143293807510924,0.0458382043178014,0.1287878787878787,0.0,0.1136363636363636,4.48,0.0,0.0,0.0,28.24,0.0
63d43dc4b4b7a0e426a381cd,534.733,0.224580165664778,0.0225806576972179,0.4242722467520426,188.35911269517803,0.2019995079675601,1.9560334328678246e-10,0.0,0.0,0.3257575757575757,8.24,0.0,0.0,0.3333333333333333,19.36,0.0
5e7abb2c6c89e4000a180b4a,526.602,0.0714911444363999,0.3534257674242435,0.3709534032631151,138.82908778101458,-0.2819346229878435,1.0411892629112281e-31,0.0,0.0,0.4545454545454545,11.27,0.0,0.0,0.1666666666666666,30.92,0.0
63d42c21dc6f4d60e34cc337,503.41,4.53978687024344e-05,4.53978687024344e-05,0.7072329436966438,192.05724265210404,0.0,7.2910857341990485e-09,0.1893939393939394,0.0,0.1666666666666666,11.15,0.0,0.0,0.1666666666666666,33.53,0.0
62f6bc18e456bdf4bc90dd7b,1462.01,0.052339315843513,0.0195773825472545,0.4459994176930758,209.47710871003127,0.0327619332962585,0.1146963168025198,0.4015151515151515,0.0227272727272727,0.5454545454545454,22.21,0.0,0.0,0.1666666666666666,297.74,1.0
632aaef27780d596dc7e0a9f,667.598,0.165593979684868,0.4037189174663944,0.3958326520220102,189.43049963208463,-0.2381249377815263,5.587127876362723e-10,0.0,0.0,0.2575757575757575,18.27,0.0,0.0,0.0,29.2,0.0
63d6873b65a6170d64a652f6,568.048,0.2319113689678119,4.53978687024344e-05,0.4935502586954267,163.9521753043415,0.2318659710991095,6.905457069035532e-21,0.0075757575757575,0.0151515151515151,0.4924242424242424,6.47,0.0,0.3333333333333333,0.0,37.95,0.0
633fa968afc8d3d2c0d8745c,449.022,4.53978687024344e-05,4.53978687024344e-05,0.526592077419506,212.0782883330833,0.0,0.8649346984306352,0.1439393939393939,0.0,0.2651515151515151,12.07,0.0,0.0,0.0,10.57,0.0
5c3161130cfe9a00012f71ff,282.039,0.094108737464398,0.0193171271581224,0.6429263648808706,181.98087395698175,0.0747916103062755,3.720180503163658e-13,0.7954545454545454,0.0,0.5909090909090909,2.79,0.0,0.0,0.1666666666666666,2.4,0.0
5f1f3581b5cf3e103cc545c9,689.277,0.0621517675514361,0.1183638489004806,0.4951352938124745,197.90586176290373,-0.0562120813490445,2.1545190611543445e-06,0.0,0.0075757575757575,0.2424242424242424,10.55,0.0,0.0,0.1666666666666666,20.34,1.0
63d42387aba51e699ab9ce5c,283.1,0.0047029592247021,4.53978687024344e-05,0.6364909159043909,201.87320890749632,0.0046575613559997,9.821399666353808e-05,0.6590909090909091,0.0075757575757575,0.0681818181818181,2.88,0.1666666666666666,0.0,0.0,4.94,0.0
5fa935b3d330fa0429da624a,389.613,0.4456125226039053,0.1993905972280963,0.9780098141811424,181.48852818604655,0.2462219253758089,2.291469371730508e-13,0.0075757575757575,0.0,0.2348484848484848,2.54,0.0,0.0,0.0,5.89,0.0
63d97863bc1e08294519edd8,384.577,0.1854224519901331,4.53978687024344e-05,0.2614027779324483,175.7240916605497,0.1853770541214307,7.81045480317367e-16,0.2348484848484848,0.0,0.6666666666666666,4.38,0.0,0.0,0.0,17.37,0.0
60fefd59226b2b1d87bc36db,802.65,0.1095100766702574,0.0232157507213951,0.592984283659192,189.4661341704171,0.0862943259488623,5.785511776336759e-10,0.0151515151515151,0.0303030303030303,0.3106060606060606,20.0,0.0,0.1666666666666666,0.1666666666666666,223.45,0.0
5f5691fb24d1090e6bcdf1ec,443.622,0.1397260335450478,0.1466291453328809,0.4530535163626375,200.2987226690367,-0.006903111787833,2.1685266419924503e-05,0.1363636363636363,0.0,0.1590909090909091,9.91,0.0,0.0,0.1666666666666666,33.45,0.0
5d5606cd4171ec00182e2b15,326.668,0.1334755773951302,0.0104494434234722,0.498861349203638,191.3511034421635,0.123026133971658,3.657464682065309e-09,0.7727272727272727,0.0075757575757575,0.7121212121212122,5.8,0.1666666666666666,0.0,0.3333333333333333,4.92,1.0
6162341a644c08d5cca4b7bb,481.351,0.0589319477213631,4.53978687024344e-05,0.4424773294325059,205.62415098313784,0.0588865498526607,0.0034331601580355,0.0303030303030303,0.0,0.2575757575757575,4.06,0.0,0.0,0.1666666666666666,31.98,0.0
6400de8f305c51d03c2a9a0e,380.175,4.53978687024344e-05,0.0182752319772459,0.4066068176077107,203.5538057590384,-0.0182298341085435,0.0004873489515462,0.2424242424242424,0.0,0.1818181818181818,1.94,0.0,0.0,0.0,8.9,0.0
5b184f9768a5ed0001734190,720.175,0.0059652134782441,0.0243330262827488,0.4914651570604356,210.8032508077797,-0.0183678128045047,0.349720820426766,0.0151515151515151,0.0,0.2196969696969697,214.37,0.0,0.0,0.5,41.08,0.0
56b8de29e1d0a200051517f8,412.837,0.0352192625935081,0.0838635634762433,0.4363906521711015,204.83523382353792,-0.0486443008827352,0.0016370960449205,0.0,0.0,0.6893939393939394,9.92,0.0,0.0,0.1666666666666666,15.4,0.0
63fba157c9ebcb0ba6397872,377.702,0.1288224115476474,0.0927727703051923,0.6148388149782134,201.07654733886625,0.036049641242455,4.578147735202552e-05,0.303030303030303,0.0,0.3333333333333333,2.81,0.0,0.0,0.3333333333333333,10.03,0.0
63e802622f8052bd67d6c5f0,381.973,0.0618925497473551,0.0905496254297325,0.7873274121419296,195.46542803228968,-0.0286570756823774,2.0193464200206307e-07,0.0151515151515151,0.0,0.2954545454545454,5.63,0.0,0.0,0.0,11.98,0.0
63d413840c9c512ac3dfc533,343.548,0.2943394941943031,0.0686236568603249,0.9999546021312976,138.24503536135958,0.2257158373339782,5.828706126141417e-32,0.1212121212121212,0.0,0.6363636363636364,1.12,0.0,0.0,0.0,8.36,0.0
63ed15bed4665c62d9e6dbb2,1424.679,0.0047143504713672,0.0249480489665849,0.507171766589243,210.9483411283034,-0.0202336984952176,0.3924080523455774,0.8484848484848485,0.0,0.5075757575757576,922.96,0.0,0.0,0.0,159.6,0.0
63e1f5009f56fcb831963f19,690.201,0.0147031156283668,0.004231770781049,0.5348941368799349,210.58352175956105,0.0104713448473178,0.2927832111468379,0.3106060606060606,0.0227272727272727,0.2272727272727272,33.06,0.0,0.0,0.1666666666666666,74.28,0.0
5c4e31b37065de00011f795d,1070.254,0.0290735382502211,0.9999546021312976,0.1548469134540865,101.25695040455469,-0.9708810638810764,6.147802147351794e-48,0.0,0.0606060606060606,0.7424242424242424,65.57,0.0,0.1666666666666666,0.6666666666666666,53.38,0.0
572041d6fd3a5200093c1295,311.041,4.53978687024344e-05,0.0167174248457178,0.6278864137495175,208.5074187563284,-0.0166720269770154,0.0486283189148656,0.6818181818181818,0.0,0.6515151515151515,2.0,0.0,0.0,0.1666666666666666,11.1,0.0
63d41088860131e49a85cfac,440.54,0.0604629526874811,4.53978687024344e-05,0.5750051900173448,195.3067625093468,0.0604175548187786,1.7306680431838944e-07,0.0833333333333333,0.0,0.1590909090909091,17.55,0.0,0.0,0.0,18.78,0.0
6400e1e1c539ed3882af8d8f,886.013,0.0858091393110029,0.1726574719371733,4.53978687024344e-05,168.23372655735454,-0.0868483326261704,4.775235885456139e-19,0.0,0.0,0.3257575757575757,23.12,0.0,0.0,0.0,112.34,1.0
63f2e107c4d0bc684b99d2c6,405.341,0.0194572685713716,0.0600854984951327,0.6106325792745564,208.39437057499083,-0.0406282299237611,0.0439328974055098,0.2954545454545454,0.0,0.6287878787878788,3.21,0.0,0.0,0.8333333333333334,17.66,0.0
5f43ef4041bb5f11a27aa07e,541.79,4.53978687024344e-05,0.0347687700311436,0.6596926017081165,207.24918443121132,-0.0347233721624412,0.0155028784309704,0.0151515151515151,0.0,0.2196969696969697,17.05,0.0,0.1666666666666666,0.1666666666666666,40.69,0.0
5dbf692c2a1dd63f64ef5ae4,506.952,0.0451022680044519,0.6787134371958717,0.3419605723226261,109.42079975457833,-0.6336111691914198,2.0788728531002158e-44,0.3106060606060606,0.0,0.6363636363636364,8.44,0.0,0.0,0.5,40.78,0.0
5fd8025bcfda8b1165a0b16e,531.762,0.2493899785294847,0.3427764425827128,0.5277924858521796,189.33126181444624,-0.093386464053228,5.069747962780281e-10,0.0151515151515151,0.0,0.1666666666666666,11.18,0.0,0.0,0.1666666666666666,22.04,0.0
60fd933d5461857048f9e74c,439.649,0.0024187399256461,0.0138214054852832,0.7693359777878075,188.3754009654705,-0.011402665559637,1.9875086989525144e-10,0.25,0.0,0.3106060606060606,7.17,0.0,0.0,0.0,21.11,0.0
60f75a701ac4cfc5c17cceb7,528.771,0.1301465204506081,0.1325748563026747,0.3741711731319886,201.7162756163553,-0.0024283358520666,8.451868785376504e-05,0.0,0.0,0.3712121212121212,7.42,0.0,0.0,0.1666666666666666,17.54,0.0
5e87900b524dca41065df104,336.545,4.53978687024344e-05,0.0005772059782158,0.6162075895364063,205.77916615566485,-0.0005318081095133,0.0039686056975853,0.5909090909090909,0.0151515151515151,0.0757575757575757,3.13,0.6666666666666666,0.0,0.6666666666666666,12.15,0.0
5edc0583f16dff0c806bdbb6,420.414,0.2266390649885981,0.0625851547086287,0.7568758260653917,149.3746264488125,0.1640539102799694,3.6669823354374265e-27,0.3712121212121212,0.0075757575757575,0.5833333333333334,1.59,0.0,0.0,0.3333333333333333,3.62,0.0
608d0831835bd8f85ac9237e,583.844,0.0008179336248923,0.0047768590336438,0.6560073742327226,202.38238980684292,-0.0039589254087515,0.0001597727334818,0.0984848484848484,0.0,0.0909090909090909,18.75,0.0,0.0,0.0,45.17,0.0
6108027a71236aa28a407666,439.409,0.1511329506375421,0.0818414651748521,0.3800362889763529,199.7414247295522,0.0692914854626899,1.2681516639791037e-05,0.0,0.0,0.3181818181818182,2.01,0.0,0.0,0.5,9.82,0.0
6005fd9c8bbd67931607e518,422.877,0.2224112418053879,4.53978687024344e-05,0.7961224293968978,148.07412126172824,0.2223658439366854,1.0089521733506457e-27,0.2878787878787879,0.0,0.7727272727272727,5.68,0.0,0.0,0.1666666666666666,13.49,0.0
5ee71ce25f11c84a3e909b09,579.666,0.0470642312442017,0.0273641965817791,0.3803348668098102,209.16150205406603,0.0197000346624225,0.0869958138034907,0.1818181818181818,0.0075757575757575,0.4545454545454545,3.62,0.0,0.0,0.0,18.43,0.0
5ec0d47ecf12be4ea2754516,433.187,0.1164356420735634,0.0577101028932947,0.6855508617461481,193.2794656181685,0.0587255391802686,2.4032874515784147e-08,0.5984848484848485,0.0,0.4166666666666667,3.24,0.0,0.0,0.3333333333333333,6.51,0.0
63e5be4daa8fac2e51d4fe91,336.715,0.2614910723766663,0.0639776623421718,0.0834955997278397,176.36470479352144,0.1975134100344945,1.469502710600265e-15,0.1818181818181818,0.0,0.3636363636363636,4.02,0.0,0.0,0.0,10.02,0.0
60ff4339f5ffb265d16b144f,460.942,0.0158115886068002,0.0221385182229966,0.4776266852945059,211.6081443708375,-0.0063269296161963,0.6424345597883567,0.3484848484848485,0.0,0.0681818181818181,15.28,0.0,0.1666666666666666,0.0,35.83,1.0
63ea4e8c0e9a66f5843ed4ac,277.195,4.53978687024344e-05,0.0046028104268317,0.724873432316889,191.99743046091908,-0.0045574125581292,6.877381522301915e-09,0.6212121212121212,0.0,0.7727272727272727,2.14,0.1666666666666666,0.0,0.8333333333333334,5.87,1.0
6361769fee0c219b0f1cc480,396.633,0.015172581920269,0.0480892596480908,0.0658616712020864,155.5719485031221,-0.0329166777278218,1.712689081777752e-24,0.1515151515151515,0.0,0.4318181818181818,5.05,0.0,0.0,0.8333333333333334,18.58,0.0
63d13b44f511eff0aef876f2,349.689,0.2707506089897669,0.7810559857441927,0.4328154752965982,161.5130154231619,-0.5103053767544257,6.170593013385409e-22,0.1515151515151515,0.0,0.4848484848484848,7.25,0.0,0.0,0.0,20.17,0.0
61021c2ad3b0633be797eddf,587.894,0.0211300473612922,0.0055830973076323,0.4299881613235629,211.50800278404364,0.0155469500536598,0.5986225786642096,0.0,0.0075757575757575,0.0151515151515151,15.36,0.0,0.0,0.0,78.61,0.0
5fe354a2e44df4fb4634bbc3,397.853,0.0754596521901604,0.0766833230646927,0.7200761332707539,197.78477119473197,-0.0012236708745322,1.9162407418464657e-06,0.1136363636363636,0.0,0.3484848484848485,12.01,0.0,0.0,0.0,29.4,0.0
5d5a48a67ca41f0001e97f8b,407.271,0.006707723027184,0.0005473280579132,0.3528078251141543,204.2209111948744,0.0061603949692707,0.0009169065906659,0.2575757575757575,0.0,0.1666666666666666,16.33,0.0,0.0,0.1666666666666666,10.74,0.0
5d9303bbc400a90018821b13,351.945,0.1536528064801203,0.1349969135588514,4.53978687024344e-05,172.54761875070568,0.0186558929212689,3.39401286178088e-17,0.3863636363636363,0.0,0.4090909090909091,9.2,0.0,0.0,0.0,16.86,1.0
63f77d4f671167ec16eee15c,414.47,0.0352165891113176,0.0309755350196203,0.5383001261075455,210.0520883195241,0.0042410540916972,0.1880407411874779,0.1212121212121212,0.0,0.1969696969696969,4.34,0.0,0.0,0.0,20.32,0.0
63e576170eb086a90644efb4,371.285,0.4005448873599674,0.4657141464464837,0.9999546021312976,175.708705912006,-0.0651692590865162,7.692773733686261e-16,0.0833333333333333,0.0,0.4924242424242424,2.48,0.0,0.0,0.3333333333333333,15.7,1.0
60d2d061fd054556769ca306,373.885,0.2002373050338476,0.1454733811746686,0.7988519029639237,200.34540754896508,0.054763923859179,2.2681159298335385e-05,0.1742424242424242,0.0,0.4318181818181818,6.09,0.0,0.0,0.1666666666666666,3.03,0.0
5fb7c9fa2be0a83d8f8913b8,368.783,0.0077085585614426,4.53978687024344e-05,0.2483859841729839,189.2439187454465,0.0076631606927401,4.6541404079549314e-10,0.0075757575757575,0.0,0.3939393939393939,2.27,0.0,0.0,0.1666666666666666,13.56,0.0
63bda65b774a91e291c5b1a8,603.434,0.016450959222794,0.0039903257661606,0.6338101184818087,201.10000430382024,0.0124606334566333,4.6823472870883335e-05,0.0984848484848484,0.0,0.3409090909090909,10.94,0.0,0.0,0.0,40.09,0.0
63e857fe022e159687d56f41,387.508,0.9999546021312976,4.53978687024344e-05,0.9999546021312976,73.65740143708312,0.9999092042625952,7.081908242120206e-60,0.7954545454545454,0.0,0.9621212121212122,9.46,0.0,0.0,0.0,4.25,0.0
5bb94dea3ea7ed00017cb109,458.949,0.090196109161466,0.1808409578876685,0.4702164382426543,184.90976422247903,-0.0906448487262025,6.6273064300111715e-12,0.0,0.0,0.0833333333333333,5.46,0.0,0.0,0.1666666666666666,24.73,0.0
63d73bfc8765da5b8a06f465,889.495,0.0540502055273265,0.0250960217856048,0.5177695629386688,205.82255568130415,0.0289541837417216,0.0041327599174806,0.0,0.0075757575757575,0.0833333333333333,31.51,0.0,0.1666666666666666,0.1666666666666666,75.31,0.0
628419137c4c3ded72e4874d,493.129,0.0219248530990971,0.0447670055044632,0.4836182481078338,209.4527275347355,-0.022842152405366,0.1122858188373283,0.0,0.0,0.2575757575757575,7.07,0.0,0.0,0.3333333333333333,11.61,0.0
63e711bb284d2bc894a057a6,737.706,0.2816644321739039,0.5600288111751651,0.8526166270576795,184.00112904079927,-0.2783643790012611,2.713514853637955e-12,0.0,0.0,0.1363636363636363,12.1,0.0,0.0,0.1666666666666666,37.88,0.0
60ed200c728ab881912aac11,501.282,0.126014549884665,0.0959436964474861,0.4391897516020656,203.8241818646044,0.0300708534371789,0.0006298206554345,0.053030303030303,0.0,0.5227272727272727,31.63,0.0,0.0,0.0,22.43,0.0
63d7ddc0c07dd5787084df8e,418.351,0.0574569281234605,0.0602773632211961,0.3525525176183837,202.82320269706665,-0.0028204350977356,0.0002432665536583,0.106060606060606,0.0,0.4393939393939394,3.12,0.0,0.0,0.1666666666666666,11.49,0.0
60fd9e6a8312b735fef884d4,729.271,0.0161025685560477,0.0095364459837423,0.6444476817976748,201.138583976954,0.0065661225723053,4.858888149977751e-05,0.0,0.0,0.0681818181818181,16.35,0.0,0.0,0.0,51.99,0.0
5e03f8517f08edece67a3137,720.008,0.1101548071572372,0.0271700519321055,0.6583561292738789,187.77873741000755,0.0829847552251317,1.1073695415227864e-10,0.0303030303030303,0.0227272727272727,0.3333333333333333,38.71,0.0,0.0,0.0,32.73,0.0
61282ca83be28773ac7c421f,961.663,0.4381206068588906,0.3268682509115801,0.378865964116494,192.82214894191912,0.1112523559473104,1.5384039774809462e-08,0.0,0.0075757575757575,0.4015151515151515,98.18,0.0,0.1666666666666666,0.1666666666666666,58.62,0.0
6310ceffa120ca2c1fbe1d92,625.906,4.53978687024344e-05,0.0111692487559123,0.7697918107682915,189.1465138273448,-0.0111238508872098,4.230677876094154e-10,0.0,0.0,0.1893939393939394,14.62,0.0,0.0,0.5,29.84,0.0
62d78737dcea82e9f96b957c,519.214,4.53978687024344e-05,4.53978687024344e-05,0.7166759556856033,190.3661712034852,0.0,1.3960746856869423e-09,0.5075757575757576,0.0,0.3181818181818182,9.77,0.0,0.0,0.0,35.27,0.0
63d865b3e3e28b34ec2ed45c,330.253,4.53978687024344e-05,4.53978687024344e-05,0.7943526862075176,175.10390945455515,0.0,4.235228815481833e-16,0.5984848484848485,0.0,0.5681818181818182,5.4,0.6666666666666666,0.0,0.8333333333333334,14.03,0.0
60fcd5602ff7c8f0866ecd0c,372.939,0.0048632954492982,0.9995351849836328,4.53978687024344e-05,117.63682111861124,-0.9946718895343346,7.381319925506704e-41,0.2727272727272727,0.0,0.4090909090909091,5.38,0.0,0.0,0.1666666666666666,15.42,0.0
631699e51577c995252cf3fc,253.921,0.1134648161556876,4.53978687024344e-05,0.7672002969950436,157.92869640834067,0.1134194182869852,1.7708100465235886e-23,0.3787878787878788,0.0,0.2575757575757575,0.91,0.3333333333333333,0.0,0.0,1.63,0.0
62d06d1b651d6922f62fab9b,398.975,0.0172694523058606,4.53978687024344e-05,0.514820960224472,210.03380761452,0.0172240544371582,0.1851482777611421,0.5984848484848485,0.0,0.3636363636363636,2.77,0.0,0.0,0.1666666666666666,29.35,0.0
627ea14463f25dce42e73d51,453.763,0.0671215854183695,0.0416656550715537,0.6174439690100446,200.13596043484236,0.0254559303468157,1.8542008867138e-05,0.4015151515151515,0.0,0.2424242424242424,3.45,0.0,0.1666666666666666,0.1666666666666666,13.11,2.0
5fcecd70db3ccb1a7f9331c9,476.486,0.1258479708583171,0.0613785081204148,0.521686014099212,195.0118405438954,0.0644694627379022,1.2990858955359182e-07,0.0075757575757575,0.0,0.4924242424242424,11.5,0.0,0.0,0.3333333333333333,44.44,0.0
6338c2127eed17193a7a4d32,424.33,0.0048031874923866,4.53978687024344e-05,0.5419106604303519,211.03719596743665,0.0047577896236842,0.4206735376317071,0.5757575757575758,0.0,0.1818181818181818,18.34,0.0,0.0,0.0,24.42,0.0
60aeef267e494909058ef34e,418.209,0.0293408059959449,0.0293391458284354,0.5066764829593882,211.6151730808604,1.6601675094096713e-06,0.645580035000844,0.5454545454545454,0.0,0.1363636363636363,8.8,0.0,0.0,0.0,16.39,1.0
63ed1fa5c88ecae92bf0c920,510.975,0.5601938486629316,0.5035045372241022,4.53978687024344e-05,162.54564604719107,0.0566893114388294,1.715657629535798e-21,0.0,0.0,0.4621212121212121,5.83,0.0,0.0,0.0,23.41,2.0
63d7457dae12d98a8ebd18f6,464.53,0.0044809616258107,0.0061442963978704,0.5925704897129147,208.8354643662659,-0.0016633347720597,0.0651868571468839,0.0227272727272727,0.0,0.4015151515151515,8.2,0.0,0.0,0.1666666666666666,25.02,0.0
602b3ed14ae791260d6d12c5,330.088,0.0332750623089544,0.9999546021312976,4.53978687024344e-05,122.83067756535064,-0.9666795398223432,1.293283607263938e-38,0.1969696969696969,0.0,0.5757575757575758,1.64,0.0,0.0,0.1666666666666666,11.96,0.0
63d71e67dd0fcccd3cc745b0,478.435,0.1114774402799757,0.0056339337236288,0.735695794253127,168.60589346890046,0.1058435065563468,6.899689925469004e-19,0.2878787878787879,0.0,0.4393939393939394,12.26,0.0,0.1666666666666666,0.3333333333333333,19.43,6.0
63e573b546bc72bbe9bffc5f,549.771,0.2264759313070991,0.1218845315665626,0.4494472102435867,192.9473182367835,0.1045913997405365,1.7382303684428327e-08,0.0,0.0,0.1515151515151515,14.08,0.0,0.0,0.0,25.47,1.0
60f08e2a0d6d27ff93244345,377.922,0.0361877593014173,0.0221059507349647,0.567190971344009,206.7203736267903,0.0140818085664526,0.0095217736243254,0.4015151515151515,0.0,0.2121212121212121,11.96,0.0,0.0,0.1666666666666666,21.08,0.0
5d42abf3c9acd700010c41df,365.708,0.0694329987023537,0.0676054235833292,0.601246732383808,207.3583018168269,0.0018275751190245,0.0171356306542054,0.3106060606060606,0.0,0.1893939393939394,8.22,0.5,0.0,0.1666666666666666,11.62,0.0
5d5af711bb10640001afd133,465.404,4.53978687024344e-05,0.0959487242825822,0.9999546021312976,164.12874984113134,-0.0959033264138797,8.224349121129815e-21,0.0984848484848484,0.0,0.4318181818181818,7.29,0.0,0.0,0.1666666666666666,11.6,0.0
6150e9017c1b2aa8bf683c32,666.802,0.0033777701613737,0.0219102040621883,0.5705769637983816,211.5655981450846,-0.0185324339008146,0.6235872502668316,0.0075757575757575,0.0,0.0378787878787878,21.4,0.0,0.1666666666666666,0.0,38.97,0.0
60beba435afc451476fa7781,363.729,0.0298954350864335,0.0636478324354748,0.7541342281511515,202.7414564692067,-0.0337523973490413,0.0002250358381228,0.1439393939393939,0.0,0.2878787878787879,7.75,0.0,0.0,0.0,11.17,0.0
63d1b93d9abc8c4b40e2d92f,458.719,0.0534107011380288,0.0098342281376353,0.4300967035703419,209.56562477575784,0.0435764730003935,0.1238695057759199,0.1136363636363636,0.0075757575757575,0.1590909090909091,4.16,0.0,0.0,0.1666666666666666,13.54,9.0
63652b3ed1f35f8e04325845,515.411,0.0035625645656132,4.53978687024344e-05,0.3627171023825694,204.54024398287171,0.0035171666969108,0.0012397050557364,0.2878787878787879,0.0075757575757575,0.0984848484848484,19.81,0.0,0.0,0.0,57.27,0.0
63dab0380b8791f9560fd329,419.069,0.1120528604805524,0.1174630317582917,0.4516696082130836,187.33318699824648,-0.0054101712777393,7.153724594832501e-11,0.0681818181818181,0.0,0.2727272727272727,3.8,0.0,0.0,0.3333333333333333,8.37,3.0
63d80b500adef5b476e289a4,349.97,0.9999546021312976,4.53978687024344e-05,0.9999546021312976,59.66464618623856,0.9999092042625952,6.221432209100086e-66,0.3333333333333333,0.0,0.9924242424242424,2.15,0.0,0.0,0.6666666666666666,15.12,0.0
5f48dab70aa4ce3aa1914003,455.614,0.2051629370214663,0.126082369810816,0.4847324223186635,173.85426914580992,0.0790805672106502,1.23347850898337e-16,0.0075757575757575,0.0,0.2878787878787879,28.78,0.0,0.0,0.1666666666666666,20.28,0.0
6400d9993ddcc2436a9f2e1a,338.756,0.0135802938415314,0.0403224174146954,0.4356819077209281,205.71950358575663,-0.026742123573164,0.0037533797559677,0.5075757575757576,0.0,0.2803030303030303,7.85,0.0,0.0,0.0,5.78,1.0
63cff34d33a9948e3b0b28d6,394.457,0.1613910342126674,0.0309531676811012,0.6636130924729213,172.14171465383612,0.1304378665315662,2.2728809817339375e-17,0.0,0.0,0.4924242424242424,6.77,0.0,0.0,0.0,12.01,0.0
63e55887d67a5c7e32a678fa,361.036,0.0659226094346682,0.0056848925369325,0.7037799533236372,181.33692704394912,0.0602377168977357,1.973797886243444e-13,0.2727272727272727,0.0,0.1666666666666666,4.72,0.0,0.0,0.5,16.88,1.0
63d81e2fb6c8f0da25fea602,503.534,4.53978687024344e-05,4.53978687024344e-05,0.7590769696684205,182.2871884717624,0.0,5.028857966580111e-13,0.2727272727272727,0.0,0.2424242424242424,12.85,0.0,0.0,0.0,42.29,0.0
6400da061dc90debed65731b,487.098,0.0963952733330921,0.0651756171500748,0.4105121063574526,207.310357097046,0.0312196561830173,0.0163983774926918,0.4545454545454545,0.0,0.25,21.99,0.0,0.0,0.0,39.5,0.0
610189e61b2d3520eea21de6,401.78,0.2665972613227713,0.1078628247909492,0.9999546021312976,150.55816779323033,0.1587344365318221,1.1864927373613427e-26,0.0303030303030303,0.0,0.4924242424242424,12.03,0.0,0.0,0.1666666666666666,13.25,0.0
5fa5a899f2b7600f72104ad1,318.016,0.999921096154494,0.0814719773194271,0.8592516419493479,162.86280457988022,0.9184491188350667,2.3486229171194586e-21,0.3787878787878788,0.0,0.4318181818181818,2.54,0.0,0.0,0.1666666666666666,6.46,0.0
5e223f4219295951f846dd16,465.802,4.53978687024344e-05,0.0043114095417915,0.7174786718268823,192.8281972164754,-0.0042660116730891,1.5475096440139722e-08,0.1818181818181818,0.0075757575757575,0.3636363636363636,2.29,0.0,0.0,0.3333333333333333,13.86,0.0
5df1133b99b28201e0a1181c,335.147,0.063499535920141,0.0254535537567086,0.5807820420549858,201.67392805416412,0.0380459821634323,8.116084442659237e-05,0.3409090909090909,0.0,0.0984848484848484,3.82,0.0,0.0,0.0,9.52,0.0
60fd738c235e974993ad455c,500.611,0.06744485022463,0.1561004093181176,0.5604819739418444,192.3000416432887,-0.0886555590934876,9.241804497782881e-09,0.053030303030303,0.0,0.303030303030303,10.52,0.0,0.1666666666666666,0.1666666666666666,27.41,0.0
63b6ef9027eb90f292852ee4,510.67,0.3406251078150626,0.4057162742825586,0.5408933578867874,148.0490736757418,-0.065091166467496,9.841827453946014e-28,0.0,0.0,0.303030303030303,5.51,0.0,0.0,0.0,66.93,1.0
5e2cd786dc63ca2ff798a0ca,499.076,0.0169310621786539,4.53978687024344e-05,0.4395168659371193,211.74373177210305,0.0168856643099514,0.7045633291168516,0.1439393939393939,0.0227272727272727,0.4848484848484848,1.8,0.0,0.0,0.1666666666666666,3.63,0.0
5bbc4bd1f83ac60001fe665e,455.817,0.1399625463590921,0.1387702286772062,0.5658623613814299,186.14636949349483,0.0011923176818859,2.232348463852771e-11,0.0,0.0,0.25,5.68,0.0,0.0,0.0,16.1,0.0
64013f9fa92a5dd2d30c5575,597.098,4.53978687024344e-05,0.0027877924005249,0.4750950570589997,211.8906273588644,-0.0027423945318224,0.7745751533702127,0.0378787878787878,0.0,0.3181818181818182,16.65,0.0,0.0,0.8333333333333334,36.78,0.0
63ea6fc5092518554c9b8111,401.278,0.0134826066374008,0.0447320886307437,0.3292223466014256,192.4192753048942,-0.0312494819933428,1.0382695501555917e-08,0.0303030303030303,0.0,0.4318181818181818,5.6,0.0,0.0,0.1666666666666666,30.6,0.0
63bb98852cdc67dece8adb8e,461.593,0.1349355739641474,0.2024166003148413,0.3967185154595561,184.62583803845348,-0.0674810263506938,5.013956991318004e-12,0.0227272727272727,0.0,0.1515151515151515,4.28,0.0,0.0,0.0,26.28,0.0
5c59d8105bbd810001fb26de,812.213,0.0315988402759567,0.0080382255273541,0.7047654411857138,187.96915715150607,0.0235606147486026,1.3346661887060907e-10,0.5984848484848485,0.0227272727272727,0.2272727272727272,15.99,0.0,0.1666666666666666,0.1666666666666666,32.28,0.0
55d86f3569dbc30012b6869f,402.148,0.0818427379464723,0.0624685145709188,0.4516855729763203,206.91765804243897,0.0193742233755535,0.0114253411607994,0.0909090909090909,0.0,0.3409090909090909,2.0,0.0,0.0,0.1666666666666666,16.39,0.0
63d1401242635aaffe867c4c,582.214,0.3047064430610459,0.3260246212685582,0.9999546021312976,153.154374103638,-0.0213181782075123,1.5582141195141375e-25,0.0,0.0,0.3560606060606061,16.17,0.0,0.0,0.0,27.76,0.0
63bd81516745e78ee7f50f7f,480.843,0.0625868784668486,4.53978687024344e-05,0.6908366615112321,180.64420539147423,0.0625414805981462,9.979172841886833e-14,0.0909090909090909,0.0,0.5,3.91,0.0,0.0,0.3333333333333333,30.53,1.0
6362406ab7caf5fc96bb61c8,662.277,4.53978687024344e-05,0.0136702103797264,0.3389448286644324,196.2355831285967,-0.0136248125110239,4.267411159289294e-07,0.0909090909090909,0.0,0.25,8.49,0.0,0.0,0.1666666666666666,33.42,1.0
5c9432caec114b0001419276,598.505,4.53978687024344e-05,4.53978687024344e-05,0.4447406344785682,210.8551560838988,0.0,0.3645085337666753,0.0833333333333333,0.0,0.0833333333333333,9.29,0.0,0.0,0.1666666666666666,85.89,0.0
60bafed1d4e636dce6350863,394.952,0.1740331321132402,0.3131515023332431,0.3558480303264179,179.4500622998404,-0.1391183702200029,3.0778885265865734e-14,0.2575757575757575,0.0,0.3787878787878788,4.47,0.0,0.0,0.1666666666666666,20.72,1.0
63b82398bbe6a599972413ad,540.142,0.2297629023436014,0.7436884636832768,0.5309197784587822,152.11154698170134,-0.5139255613396754,5.539331101295123e-26,0.0,0.0,0.4090909090909091,3.34,0.0,0.0,0.5,18.09,0.0
608590825d295c858cbe7fa9,399.734,0.0091427239186997,4.53978687024344e-05,0.536179703624222,210.45970545664107,0.0090973260499973,0.2644819389473181,0.1363636363636363,0.0,0.3560606060606061,4.83,0.0,0.0,0.0,31.57,1.0
6400d916e410c86255a45836,404.563,0.5629508841291203,0.102685837859337,0.4045878209786138,178.5805759957787,0.4602650462697833,1.3065498968330388e-14,0.1818181818181818,0.0,0.4848484848484848,4.86,0.0,0.0,0.0,17.55,1.0
63f794e7d8d24753edbbb136,707.574,0.7029746647285439,0.3711187617000298,0.9965128020626968,130.92518588444938,0.331855903028514,4.0436505533475465e-35,0.0,0.0,0.5151515151515151,28.07,0.0,0.0,0.3333333333333333,50.44,0.0
5b9b422307c6960001614c35,590.323,0.4166122803297402,0.1023169748002046,0.7450705928047896,162.60756592878752,0.3142953055295356,1.8241381211704408e-21,0.0454545454545454,0.0,0.4318181818181818,31.98,0.0,0.0,0.1666666666666666,41.86,0.0
5adfcb03f6b58c0001fa9083,641.596,0.0271884574485553,0.1238745422429215,0.5450626593264495,199.6450948227412,-0.0966860847943662,1.1557405301439093e-05,0.053030303030303,0.0,0.4015151515151515,204.61,0.0,0.0,0.3333333333333333,15.95,0.0
5ba863a346de410001ecfb2a,588.623,0.2425232085575813,0.1986862366376007,0.5915283931739607,201.51155856121107,0.0438369719199805,6.94727673308907e-05,0.0454545454545454,0.0151515151515151,0.25,5.57,0.0,0.0,0.0,20.4,0.0
63d80cb1ba40ad04c1edd4db,463.444,0.0969858488066572,0.2802464240209366,0.7350949158674466,189.10908900289832,-0.1832605752142793,4.07841125477144e-10,0.0,0.0,0.4318181818181818,8.06,0.0,0.0,0.0,16.66,0.0
560ce65601c38a0012769e20,724.853,0.0066592509270714,0.0437054621850803,0.6069837194756892,208.72631188845088,-0.0370462112580089,0.059147085812987,0.0,0.0,0.1742424242424242,18.12,0.0,0.0,0.0,32.7,0.0
63ed0065eb23ac3ee1726453,311.008,0.0231249171244604,4.53978687024344e-05,0.4691617365617626,210.86941591271184,0.023079519255758,0.36866446737901,0.5454545454545454,0.0,0.0909090909090909,2.63,0.1666666666666666,0.0,0.0,13.92,0.0
5f514708067fba172909261a,585.209,0.0374948857202598,0.0062124648730946,0.5520296762286327,205.6669827497576,0.0312824208471652,0.0035735079456537,0.1212121212121212,0.0227272727272727,0.1818181818181818,4.21,0.0,0.0,0.0,17.56,0.0
60599946259dc97d30e2001f,422.716,0.0293618835748263,0.0485203434153675,0.5423191038880353,209.7309970283174,-0.0191584598405411,0.1429095654641315,0.0378787878787878,0.0,0.1363636363636363,9.39,0.0,0.0,0.1666666666666666,12.8,0.0
610063614e6ba35532307dda,462.776,0.271379183664416,0.628693126967577,0.2773606485516709,164.19414801351098,-0.3573139433031609,8.774359022922355e-21,0.0,0.0,0.2272727272727272,7.78,0.0,0.0,0.0,11.06,0.0
63f7becf2322a5ba95aad1dc,448.721,4.53978687024344e-05,4.53978687024344e-05,0.7072600506008961,192.0595979860347,0.0,7.3078760927851224e-09,0.5303030303030303,0.0,0.4015151515151515,14.41,0.0,0.0,0.1666666666666666,46.91,0.0
5e6fdd81478ec45b2420b83d,280.962,4.53978687024344e-05,0.0105649004023308,0.5043984821483439,212.0395299134782,-0.0105195025336284,0.8464631702580445,0.5909090909090909,0.0,0.1818181818181818,3.96,0.3333333333333333,0.0,0.1666666666666666,5.13,0.0
5d7850851841fc0001e9c64d,348.343,0.0928549964681647,0.1045185996216758,0.5129628207621486,193.5561720789343,-0.011663603153511,3.147560970173387e-08,0.0303030303030303,0.0,0.1136363636363636,2.93,0.0,0.0,0.0,9.32,0.0
5a2846ceb4a5de00011af418,450.729,0.1302182479702099,0.151612260897046,0.5568778907987598,194.43999647338396,-0.0213940129268361,7.446150042142011e-08,0.0075757575757575,0.0,0.1818181818181818,14.19,0.0,0.0,0.0,27.66,0.0
611f9bb3dcada21890ed9af0,703.775,0.2125765442734086,0.2783763735058272,0.3312573562739212,173.6023027939549,-0.0657998292324185,9.617938385055506e-17,0.0,0.0075757575757575,0.2954545454545454,26.36,0.0,0.0,0.0,54.56,0.0
64057cd2806cfdca58f0de34,409.082,0.1022198866580339,0.0897103360859434,0.4668309228188945,194.1009736442529,0.0125095505720905,5.3522971775718606e-08,0.0,0.0,0.0681818181818181,4.1,0.0,0.0,0.0,17.42,0.0
63d80145d2f0da3ee6a8d523,312.621,0.9999546021312976,4.53978687024344e-05,0.9999546021312976,90.65504375620014,0.9999092042625952,1.599480758796345e-52,0.8257575757575758,0.0,0.8333333333333334,7.19,0.0,0.0,0.0,5.8,0.0
636570d91a49a6d6cbcbc854,755.416,0.0380267583856812,4.53978687024344e-05,0.5215998265784387,205.89423283071983,0.0379813605169788,0.0044187793633736,0.0227272727272727,0.0,0.0833333333333333,44.74,0.0,0.0,0.0,84.76,1.0
6143e0914f93b50419ba30ab,276.559,4.53978687024344e-05,0.0047201712532808,0.6338331524311706,204.8050789263948,-0.0046747733845783,0.0015912619521229,0.7575757575757576,0.0,0.1893939393939394,2.78,0.0,0.0,0.1666666666666666,2.14,1.0
5d2a49241d8d930001c263a7,506.116,4.53978687024344e-05,0.0041934356327699,0.6026259773571976,208.37002337596164,-0.0041480377640675,0.0429810538679078,0.0303030303030303,0.0,0.1515151515151515,4.0,0.0,0.0,0.0,14.93,0.0
5c2a9b55867f660001af0515,323.088,4.53978687024344e-05,0.0595391242623288,0.4365698160689052,191.8314651502608,-0.0594937263936264,5.84818082780775e-09,0.2272727272727272,0.0,0.1742424242424242,4.11,0.0,0.0,0.1666666666666666,9.49,0.0
5de8887aa2db898017debf1a,412.356,4.53978687024344e-05,0.0004263041907576,0.6155006161800916,205.783028341627,-0.0003809063220552,0.0039829517841772,0.1515151515151515,0.0,0.053030303030303,4.69,0.0,0.0,0.0,14.78,0.0
62b500cfbf7d382239502ad0,431.513,0.9999546021312976,4.53978687024344e-05,0.9999546021312976,59.661858500964506,0.9999092042625952,6.204169199464273e-66,0.4393939393939394,0.0,0.9924242424242424,7.66,0.0,0.1666666666666666,0.8333333333333334,9.43,0.0
610075c1ef04d1f734032f69,530.987,0.3132791693711771,0.1574013417940698,0.7949078267793939,175.99956905995876,0.1558778275771073,1.0249967173886516e-15,0.0454545454545454,0.0,0.3333333333333333,18.34,0.0,0.0,0.0,34.69,0.0
6362c4beb39ee39d15890c5c,391.352,4.53978687024344e-05,4.53978687024344e-05,0.6933678991968046,194.4621660641028,0.0,7.608624364856915e-08,0.6363636363636364,0.0,0.4545454545454545,16.75,0.0,0.0,0.1666666666666666,16.76,2.0
571144323d47e800096358d9,339.781,0.9335765878063714,0.3968489560618797,0.9999546021312976,172.45621583340588,0.5367276317444917,3.1010059493618937e-17,0.4090909090909091,0.0,0.4469696969696969,5.42,0.0,0.0,0.1666666666666666,20.51,2.0
63614cab87b22b72231c66e0,673.436,0.0208141996662576,4.53978687024344e-05,0.4720339653605508,211.50064523469075,0.0207688017975552,0.5954805235501734,0.8181818181818182,0.0378787878787878,0.2424242424242424,0.96,0.6666666666666666,0.0,0.3333333333333333,3.9,0.0
63ea79021f0c43def6174042,491.865,0.9999546021312976,4.53978687024344e-05,0.9999546021312976,59.66170902897733,0.9999092042625952,6.203244933984861e-66,0.8106060606060606,0.0,0.9924242424242424,87.27,0.0,0.0,0.1666666666666666,1.41,8.0
63e554b7631c8ec3ce069e32,430.31,4.53978687024344e-05,0.0308530907278967,0.8849185497772408,179.08823404783817,-0.0308076928591943,2.1548288328606235e-14,0.4166666666666667,0.0,0.3712121212121212,14.54,0.0,0.0,0.8333333333333334,24.87,1.0
55c694e3fdf99b6c4f28595f,369.558,0.9999546021312976,4.53978687024344e-05,0.9999546021312976,59.66021589599682,0.9999092042625952,6.194019645996675e-66,0.3409090909090909,0.0,0.9924242424242424,2.09,0.0,0.0,0.0,11.84,0.0
61103c2b7810420e5f23f437,619.351,0.0424447037140663,4.53978687024344e-05,0.2584286507979772,201.7245021850104,0.0423993058453639,8.518686739168042e-05,0.053030303030303,0.0151515151515151,0.3863636363636363,4.04,0.0,0.0,0.0,28.48,0.0
640415971520c41606ca4389,383.871,0.116566986516393,0.2176683004915113,0.0261428026968849,186.7647588292549,-0.1011013139751183,4.0958723049679685e-11,0.2878787878787879,0.0,0.2727272727272727,8.34,0.3333333333333333,0.0,0.8333333333333334,16.62,0.0
628dec55823f672331c68577,421.873,0.1924982656644246,0.2062509949068383,0.0744023565732169,170.90679609328225,-0.0137527292424137,6.7089922772813575e-18,0.2196969696969697,0.0,0.3787878787878788,2.83,0.0,0.0,0.0,15.53,0.0
5fc70f3bd255c10f0b2346ba,645.567,0.1468352305267876,0.0991890935689366,0.2142905826228632,185.5499570485201,0.047646136957851,1.2429087301788002e-11,0.0,0.0075757575757575,0.2045454545454545,20.68,0.0,0.1666666666666666,0.0,34.88,1.0
6404fb7b9a7b3cfb4179d185,554.982,0.1615189458703923,0.9802151531310904,0.9999546021312976,137.14216227374803,-0.818696207260698,1.9487773651731727e-32,0.0,0.0,0.5151515151515151,7.94,0.0,0.0,0.8333333333333334,24.42,0.0
64023a98627b1116180dff0b,475.009,0.0242256900852518,0.0276386775780021,0.5911737737957973,210.00362293654564,-0.0034129874927502,0.1804631435676585,0.0075757575757575,0.0,0.0378787878787878,1.16,0.0,0.0,0.0,17.16,0.0
609e15bbf246a639a4123518,582.176,0.0552965139207402,0.1743832554304555,0.7721820550332248,191.45839099078216,-0.1190867415097153,4.061781094177169e-09,0.1969696969696969,0.0,0.4242424242424242,5.95,0.0,0.0,0.0,12.9,0.0
63e5513398583a335b2a8bdd,666.464,0.0550620967609636,0.0094993277677684,0.4490093702225577,205.05942182694497,0.0455627689931952,0.0020215025975203,0.0,0.0075757575757575,0.1439393939393939,17.34,0.0,0.0,0.1666666666666666,36.21,1.0
63d55208f472dc9178329bcb,316.599,0.0428147477168068,0.0450973104942068,0.5561527620693618,208.49941569274048,-0.0022825627774,0.0482804346397222,0.6287878787878788,0.0,0.4166666666666667,2.12,0.0,0.0,0.0,8.85,0.0
5c09a1171907db0001602601,382.356,0.1834456809416667,0.52707150612176,0.0223742229482704,169.27090466533093,-0.3436258251800932,1.331664703946779e-18,0.1666666666666666,0.0,0.4848484848484848,4.64,0.0,0.0,0.1666666666666666,21.64,0.0
5f2e0b28c642b31678638a21,410.927,0.2653160275010207,0.6723723842066791,0.5266050119348602,173.98655279011254,-0.4070563567056584,1.4055770904959227e-16,0.0227272727272727,0.0,0.3106060606060606,2.74,0.0,0.0,0.0,7.6,0.0
5e654e2055e480000dcd002a,490.008,0.9999546021312976,4.53978687024344e-05,0.9999546021312976,69.661149598562,0.9999092042625952,1.320447146286298e-61,0.2727272727272727,0.0,0.9015151515151516,7.16,0.0,0.0,0.5,13.14,2.0
63e7ac6bcbc2e035cbeadf8a,499.904,0.210605107903442,0.096232223800638,0.6894070146342379,186.9510456557941,0.114372884102804,4.9173066069625055e-11,0.0833333333333333,0.0075757575757575,0.4393939393939394,9.71,0.0,0.0,0.1666666666666666,29.22,0.0
613107a0c7fc3a96a54c7693,385.516,0.018821515542186,0.3364952182464654,0.2641854007267657,134.4618764519583,-0.3176737027042793,1.3590211788990243e-33,0.0075757575757575,0.0,0.3712121212121212,3.65,0.0,0.0,0.0,13.69,0.0
612fbc37af2136fe81fc71a9,463.703,4.53978687024344e-05,0.075216210039038,0.71850765532134,203.01697655153623,-0.0751708121703355,0.0002925657370206,0.2954545454545454,0.0,0.5833333333333334,23.25,0.0,0.0,0.0,36.0,0.0
640feb5e49b723bcfaad6437,530.569,0.267770271702533,0.2822302595925263,0.4101032668016497,192.811914613329,-0.0144599878899932,1.5231179325534935e-08,0.0,0.0,0.3712121212121212,15.58,0.0,0.0,0.1666666666666666,20.65,0.0
63d7a91b72bdcca4f3a683e8,392.199,0.1781148111911301,0.1870946006663596,0.7401105936864498,188.92508060683693,-0.0089797894752295,3.4057608137081114e-10,0.2575757575757575,0.0,0.3181818181818182,3.99,0.0,0.0,0.1666666666666666,5.52,0.0
6108114eaacc3458294b244c,416.859,0.0605332993439306,0.007191789012189,0.6088223620839609,196.94259917606752,0.0533415103317415,8.474102348617145e-07,0.1590909090909091,0.0,0.3863636363636363,7.59,0.0,0.0,0.0,13.25,2.0
63d418d4229ed6c0712ce5bb,414.594,0.0593011003562111,0.1647977874196564,0.7454145355502397,193.1115634459742,-0.1054966870634453,2.04027751630428e-08,0.0606060606060606,0.0075757575757575,0.1969696969696969,1.43,0.0,0.0,0.0,6.94,0.0
640132934d00561d78518c4c,469.493,0.1607962590148784,0.0978643873121586,0.528267935264605,201.23348199679447,0.0629318717027198,5.321874881520549e-05,0.3181818181818182,0.0,0.1515151515151515,11.67,0.0,0.0,0.1666666666666666,45.79,0.0
63f791692fa22034babcdda1,409.446,4.53978687024344e-05,0.0047656250526295,0.5449544855558979,211.85316528788235,-0.0047202271839271,0.7565373040648935,0.5075757575757576,0.0,0.2045454545454545,20.87,0.0,0.0,0.0,21.44,0.0
5ee8f9a309471c0d46a6d247,737.15,4.53978687024344e-05,4.53978687024344e-05,0.4600984518134264,211.6119142666969,0.0,0.6441205555020131,0.2196969696969697,0.0075757575757575,0.2651515151515151,8.06,0.0,0.0,0.3333333333333333,8.88,0.0
5f9873550513db147c9d2958,405.394,0.7579839661544847,0.4687111939534166,0.2692578084174079,162.5483443726905,0.2892727722010681,1.720247676341417e-21,0.0757575757575757,0.0,0.4242424242424242,2.65,0.0,0.0,0.0,13.66,1.0
63614ad63aec6bcf8a045124,515.891,4.53978687024344e-05,0.0036077602085449,0.6036883596169864,208.015739927993,-0.0035623623398425,0.0312095272719574,0.3409090909090909,0.0,0.4166666666666667,13.23,0.0,0.0,0.1666666666666666,38.89,0.0
63e51ddb19fccd05514c629c,392.513,0.1497592145350091,0.0808642912301653,0.6436581336986404,201.08797187510467,0.0688949233048437,4.628605485916529e-05,0.2575757575757575,0.0,0.303030303030303,4.12,0.3333333333333333,0.0,0.0,0.5,1.0
63fe38bfab28b75385783fba,339.49,0.0395718786625602,4.53978687024344e-05,0.3834755237055711,209.7533487318032,0.0395264807938578,0.1456865442364806,0.2727272727272727,0.0,0.5075757575757576,5.03,0.0,0.0,0.1666666666666666,13.19,0.0
5c75dbce7d36140017c53257,446.775,0.5735811962532066,0.5678874133351116,0.6062458673088265,151.2376380392072,0.0056937829180949,2.3280699828728122e-26,0.0303030303030303,0.0,0.3181818181818182,3.47,0.0,0.0,0.5,32.67,0.0
62c5e680e4a4b4648606d756,401.176,0.169940301014553,0.5774544939927587,4.53978687024344e-05,175.83521501981917,-0.4075141929782057,8.715568800679099e-16,0.0454545454545454,0.0,0.3863636363636363,8.0,0.0,0.1666666666666666,0.1666666666666666,11.26,0.0
5dd03c5486c8861300974102,517.771,0.1651390909717509,0.1464962285720651,0.9244839339031484,186.7880155606955,0.0186428623996857,4.190416502605324e-11,0.0378787878787878,0.0,0.1893939393939394,13.27,0.0,0.0,0.0,26.1,0.0
63eafad399e87039254d1078,343.054,0.1794176763101581,0.0540334342392733,0.5726738501158016,188.5254316354155,0.1253842420708847,2.3023012392551483e-10,0.4393939393939394,0.0,0.4242424242424242,2.04,0.0,0.0,0.0,10.98,2.0
60a3128cb035414bb4588090,417.718,0.0146358922522326,4.53978687024344e-05,0.5975490404885704,203.28180860880403,0.0145904943835302,0.0003763825735271,0.25,0.0075757575757575,0.1136363636363636,3.06,0.0,0.1666666666666666,0.0,30.83,0.0
63b6c76ff03d438cd09b8c56,561.068,0.0890486245342956,0.1484746067577427,0.4652256676755753,189.4420023638184,-0.0594259822234471,5.650411354910278e-10,0.0,0.0,0.1742424242424242,9.7,0.0,0.0,0.0,30.11,0.0
6400ed09421b2727c2f7c553,615.465,0.4362748254649018,4.53978687024344e-05,0.9300880364347252,129.49081599950327,0.4362294275961994,9.71800174117186e-36,0.0151515151515151,0.0,0.5378787878787878,28.22,0.0,0.0,0.0,42.89,0.0
62a74b5136555a52d4911cac,459.407,0.0981195407760363,0.1346475486330773,0.8672346102817948,198.38802543487796,-0.0365280078570409,3.434738186454669e-06,0.3257575757575757,0.0,0.6212121212121212,8.0,0.0,0.0,0.3333333333333333,18.34,0.0
6400f80179f04251a962fd22,447.48,0.4548555492647361,0.1140354116713661,0.1778235404189508,167.36758940934624,0.3408201375933699,2.027485676182192e-19,0.0075757575757575,0.0,0.3636363636363636,2.62,0.0,0.0,0.5,13.6,0.0
5fa9fffcf843322ce7456283,467.02,0.1299629726183256,0.2474989460242438,0.5163060037527861,191.11066750699268,-0.1175359734059182,2.891429652304328e-09,0.0075757575757575,0.0,0.2575757575757575,4.14,0.0,0.0,0.0,15.24,0.0
60cd717e463162435e3b7d46,266.003,0.3399950855534854,0.1237740021171145,0.7836867812722006,176.344631880569,0.2162210834363709,1.4406895055968692e-15,0.6893939393939394,0.0,0.5378787878787878,4.2,0.0,0.0,0.0,4.67,0.0
60c837327440575481e333ce,1021.801,0.0044703834584507,4.53978687024344e-05,0.377428039948966,206.39795926627187,0.0044249855897482,0.0070624517472148,0.3712121212121212,0.0227272727272727,0.25,1.58,0.0,0.0,0.0,143.22,0.0
63d69e4d6648b39324fdf0ad,356.718,0.0183371476012395,0.0076198479098634,0.8593050676209071,163.40306301745062,0.010717299691376,4.009704428950216e-21,0.4318181818181818,0.0,0.7651515151515151,6.91,0.0,0.0,0.3333333333333333,13.8,0.0
63153455849b153d56dd81db,793.491,0.019276655284147,0.0314314474498836,0.6207822248329956,208.32688012694223,-0.0121547921657365,0.0413435328711602,0.3560606060606061,0.0,0.1818181818181818,10.2,0.0,0.0,0.0,36.45,0.0
63fe39cd075bd5283fad495d,352.073,0.7295943435658019,0.4437411582744501,0.3285033875053435,157.24841561157788,0.2858531852913518,9.023496312278013e-24,0.2196969696969697,0.0,0.4621212121212121,2.34,0.0,0.0,0.3333333333333333,7.68,0.0
5971640e7ec240000170cb69,302.689,0.9999546021312976,4.53978687024344e-05,0.9999546021312976,76.65966474043,0.9999092042625952,1.410269242851581e-58,0.7272727272727273,0.0,0.8636363636363636,1.76,0.0,0.0,0.1666666666666666,12.93,0.0
610745dee13497549c9d6fba,516.205,0.069919418135211,0.3411371608226662,0.2201281872992441,156.98675265498787,-0.2712177426874551,6.962175130768869e-24,0.0,0.0,0.2575757575757575,5.37,0.0,0.0,0.0,40.72,0.0
63615888b5606b24a845f73e,438.849,0.9999546021312976,4.53978687024344e-05,0.9999546021312976,101.65584002291487,0.9999092042625952,9.144963259613522e-48,0.5378787878787878,0.0,0.6590909090909091,41.59,0.0,0.0,0.8333333333333334,21.43,0.0
6063a00c6fd08d0a972382a4,515.727,0.0240713394363734,0.0806135808684192,0.6983389946144517,203.53203112321117,-0.0565422414320457,0.0004773787326837,0.0,0.0075757575757575,0.1439393939393939,6.07,0.0,0.0,0.5,25.81,0.0
62f94c417a55be0afc4c5a4b,502.501,0.0080938667729343,4.53978687024344e-05,0.5809266717170307,207.5955568384715,0.0080484689042318,0.0212913613168234,0.1893939393939394,0.0,0.2196969696969697,20.72,0.0,0.0,0.0,33.22,3.0
605fb0818ad4067b3d99ece0,496.031,0.1737191657030124,0.3099439405236641,0.2429553376508262,160.96613054082923,-0.1362247748206516,3.5899877208646167e-22,0.0,0.0,0.303030303030303,9.67,0.0,0.0,0.0,31.17,0.0
63d40528f7676637efbd18eb,364.305,0.1082803846051412,0.1482283775043285,0.8690043992126844,202.5026942470513,-0.0399479928991872,0.0001792120466998,0.3106060606060606,0.0,0.2121212121212121,2.92,0.0,0.0,0.1666666666666666,14.85,0.0
5f934f7fdc89a111b5712011,438.316,4.53978687024344e-05,0.0316938771734273,0.2634690185356369,178.8468460365494,-0.0316484793047249,1.6986355185421168e-14,0.1287878787878787,0.0,0.2727272727272727,5.94,0.0,0.0,0.0,15.32,0.0
5ecbd383243b3438410dae19,494.369,0.0170834908156622,0.0021921477547275,0.5314254845251241,210.06389048042664,0.0148913430609347,0.1899304869949869,0.0909090909090909,0.0,0.0757575757575757,12.05,0.0,0.1666666666666666,0.0,39.7,2.0
63d7a9346e833b93500723d4,494.206,0.5887093826903885,0.0532626924082125,0.523288468646699,131.47174655013612,0.535446690282176,6.961435016743803e-35,0.106060606060606,0.0,0.6893939393939394,22.52,0.0,0.0,0.3333333333333333,29.76,0.0
63d40583fbdb78bfb9b0d3a4,390.252,0.1205804379005746,0.4255771134095928,0.4851405476771654,165.04948205361455,-0.3049966755090182,2.0458662548062842e-20,0.0681818181818181,0.0,0.303030303030303,5.94,0.0,0.0,0.0,13.02,1.0
63d7d7b654e057b287d2bd9b,403.239,0.0220668731347222,0.0635489689344626,0.5766757443341121,208.31530270521063,-0.0414820957997404,0.0409145642967993,0.1515151515151515,0.0,0.1287878787878787,5.11,0.0,0.0,0.0,8.96,0.0
614fe09fec9ce4a2a415476d,305.289,0.9999546021312976,4.53978687024344e-05,0.9999546021312976,67.66135162844749,0.9999092042625952,1.7997791062136423e-62,0.5681818181818182,0.0,0.9772727272727272,2.88,0.0,0.0,0.8333333333333334,6.92,0.0
63ced2da9cad1ae3f98ce914,591.697,0.613216652752903,4.53978687024344e-05,0.8401790397644114,98.03746426653838,0.6131712548842007,2.492635602467629e-49,0.3863636363636363,0.0,0.8257575757575758,7.15,0.0,0.0,0.1666666666666666,194.31,0.0
60429021c960ed190edaedca,424.247,4.53978687024344e-05,0.0721068403780058,0.6567847809955604,204.47318818948065,-0.0720614425093034,0.0011636820194685,0.5909090909090909,0.0,0.4318181818181818,9.59,0.0,0.0,0.1666666666666666,26.96,0.0
63f58712a2c1bd62fa7bb352,403.846,4.53978687024344e-05,0.0923719827216167,0.9999546021312976,164.02108398247069,-0.0923265848529143,7.392928213301122e-21,0.0151515151515151,0.0,0.2878787878787879,7.03,0.0,0.0,0.0,21.21,0.0
5e7fb4743c00ce69510024fb,602.785,0.9999546021312976,4.53978687024344e-05,0.9999546021312976,97.65429684370642,0.9999092042625952,1.7020451631204397e-49,0.0,0.0,0.8636363636363636,14.36,0.0,0.0,0.3333333333333333,26.94,1.0
63d13b5ec81c77c3030c51c5,303.035,0.0261062736630849,0.0123147993417943,0.792709036814723,178.20570782616247,0.0137914743212906,9.029132343537822e-15,0.8636363636363636,0.0075757575757575,0.1515151515151515,1.6,0.5,0.0,0.1666666666666666,4.58,0.0
63d17cf704d2d7053d56b962,265.33,4.53978687024344e-05,0.0003637054918891,0.5104713230649063,212.39984249602367,-0.0003183076231867,0.9927886547462058,0.7651515151515151,0.0,0.0606060606060606,8.27,0.6666666666666666,0.0,0.6666666666666666,8.46,1.0
63d007388da4ef5b301762f9,469.448,0.0085623816479052,0.0172267859046089,0.635440441855402,206.3051268242793,-0.0086644042567037,0.0064789521296549,0.2121212121212121,0.0,0.1590909090909091,10.48,0.0,0.0,0.1666666666666666,20.11,0.0
63d53c6bc368b9fa8d33f4cf,384.387,0.0410262738968838,4.53978687024344e-05,0.4102404575653876,210.3599608356108,0.0409808760281813,0.2435118632127817,0.7196969696969697,0.0,0.5454545454545454,7.49,0.0,0.0,0.1666666666666666,29.39,0.0
63ea6e6d78fced1e97a149c8,865.582,4.53978687024344e-05,4.53978687024344e-05,0.4886825696989336,212.37776810569312,0.0,0.9871821391695024,0.8939393939393939,0.0,0.3181818181818182,1.6,1.0,0.0,0.8333333333333334,2.44,0.0
62dc4a5fef307ee53c61afcc,555.965,0.0042758565391401,4.53978687024344e-05,0.2905793763203018,194.41046761507803,0.0042304586704376,7.235109572879371e-08,0.3939393939393939,0.0,0.3484848484848485,70.67,0.0,0.0,0.1666666666666666,14.71,0.0
63356ce6be65e7962bfc424d,519.621,0.1045450415892179,0.0984217149762732,0.6247863638326457,198.22341433124507,0.0061233266129447,2.9293391167591296e-06,0.0303030303030303,0.0,0.3939393939393939,6.96,0.0,0.1666666666666666,0.0,14.69,1.0
63ee59dc6e5fbabca14d3d16,476.035,0.0109823607266312,0.0344094324372682,0.6431475302354183,207.16992457322613,-0.023427071710637,0.0144138605599892,0.0757575757575757,0.0,0.2878787878787879,7.43,0.0,0.0,0.0,13.23,1.0
63d428eb946e85527cfdf058,334.689,4.53978687024344e-05,4.53978687024344e-05,0.7915439353615303,175.68931415962516,0.0,7.546973430780085e-16,0.3863636363636363,0.0,0.1666666666666666,4.25,0.0,0.0,0.0,6.99,0.0
63f79204eb27c9dc523185d9,591.457,0.0971639581533705,0.1397265863271999,0.6773780288015312,193.4389349989684,-0.0425626281738293,2.8076077200439816e-08,0.0,0.0,0.3257575757575757,17.92,0.0,0.1666666666666666,0.3333333333333333,31.96,0.0
5aea7d94a110a00001f7e50e,372.263,0.2255050001314017,0.0523983295603658,0.999954601960264,138.15648866169423,0.1731066705710359,5.337923834160275e-32,0.5681818181818182,0.0,0.7803030303030303,7.7,0.0,0.0,0.3333333333333333,12.02,0.0
63daf5a89c63648ec34664fb,478.793,0.0005293812844792,0.0010654667112886,0.587614401280405,208.58329416735396,-0.0005360854268094,0.0520500516087185,0.0,0.0,0.6287878787878788,7.57,0.0,0.0,0.3333333333333333,18.61,0.0
636598a7a571403968d03bf2,457.806,0.2776208136498919,0.0431447163570647,0.4774214941676474,162.7277433995274,0.2344760972928272,2.054641750347733e-21,0.1439393939393939,0.0,0.6742424242424242,6.28,0.0,0.0,0.0,15.18,0.0
59aae1188cef7d00011f8884,479.683,0.4792780799149456,0.4570791220851503,0.8222763119757098,187.6517016300657,0.0221989578297953,9.776749664445572e-11,0.0378787878787878,0.0,0.1363636363636363,11.9,0.0,0.0,0.0,35.75,0.0
63f969ceb2a0b028aa612b33,457.381,0.1097474089080146,0.3045935863878636,0.6226172444887162,200.11740357002515,-0.194846177479849,1.8213816582375865e-05,0.0075757575757575,0.0,0.5151515151515151,1.0,0.0,0.0,0.3333333333333333,20.95,0.0
63ed9dbc1c7838ffcbb42142,395.168,0.3409483072548983,0.2007586702165789,0.9999546021312976,194.65234882046067,0.1401896370383194,9.15613524344726e-08,0.0833333333333333,0.0,0.4545454545454545,1.75,0.0,0.0,0.0,6.74,0.0
615e68b3f55d1cf5f6defc2a,533.578,0.1007174395666506,0.0522537084959205,0.9498023821521988,178.9572546363051,0.04846373107073,1.8938942324253327e-14,0.1363636363636363,0.0,0.1818181818181818,15.9,0.0,0.0,0.3333333333333333,33.12,0.0
63ead665638c8546d8c3a962,370.244,0.0427843508185035,0.2074167967251076,0.9059507925699862,178.85904947870404,-0.164632445906604,1.7191883281781547e-14,0.1515151515151515,0.0,0.4545454545454545,13.35,0.0,0.0,0.0,17.14,0.0
63feb6ae378e8efd6fd318b6,472.462,0.3114327192105179,4.53978687024344e-05,0.5854264811614398,129.89785913623194,0.3113873213418155,1.4564585205104706e-35,0.5833333333333334,0.0,0.8636363636363636,16.86,0.0,0.0,0.1666666666666666,16.7,0.0
5c4275e526217400018bf1b4,373.593,0.1411697155811729,0.1890515617693195,0.207144707208801,169.54278725013617,-0.0478818461881465,1.7423325807367207e-18,0.0833333333333333,0.0,0.3409090909090909,2.4,0.0,0.0,0.0,9.68,1.0
5b65f7935c431c000127ae5f,502.21,0.1485176361079528,0.6767482816716064,0.0001546305104461,179.01872255263683,-0.5282306455636535,2.012164030437515e-14,0.0303030303030303,0.0,0.1969696969696969,4.42,0.0,0.0,0.3333333333333333,21.99,1.0
60ff5fb6cbf1bb7de9bf2801,531.78,4.53978687024344e-05,4.53978687024344e-05,0.5533101266963006,210.9608481741135,0.0,0.3962873723323495,0.4696969696969697,0.0,0.25,24.5,0.0,0.0,0.0,37.7,0.0
5783d80d275be60001358349,560.421,0.0319567075797443,0.1417553086750068,0.9999546021312976,159.20198776485122,-0.1097986010952625,6.253400935741117e-23,0.0454545454545454,0.0075757575757575,0.4090909090909091,4.54,0.0,0.0,0.0,37.52,0.0
63dafeda84d9a5e684adb6be,378.621,4.53978687024344e-05,0.0198725598998829,0.5396107531767181,211.6699569028637,-0.0198271620311804,0.6703915380482632,0.0,0.0,0.0378787878787878,1.59,0.0,0.0,0.1666666666666666,12.46,0.0
63f796a016e377d12cff50f1,634.057,0.4680275936233813,0.3949768978798906,0.9999546021312976,150.46292230921375,0.0730506957434907,1.0795162017811099e-26,0.0151515151515151,0.0,0.5227272727272727,26.26,0.0,0.1666666666666666,0.1666666666666666,39.58,0.0
61038afee6aa0fcfbf968e56,553.496,4.53978687024344e-05,0.0326639248775336,0.3285101637911948,188.05397222385096,-0.0326185270088312,1.4503830913303698e-10,0.0757575757575757,0.0,0.3636363636363636,22.74,0.0,0.0,0.0,37.81,1.0
63eaa9f8f0637c961dcfc277,496.73,0.041060486969268,0.0812016086741048,0.4395065097754816,204.18812838350283,-0.0401411217048367,0.0008889186284178,0.0,0.0,0.3863636363636363,8.82,0.0,0.0,0.3333333333333333,10.96,0.0
63ead6f452e11793b2f8dab8,828.857,0.9999546021312976,0.0280131324732363,0.8989912502803631,112.38799685611984,0.9719414696580612,3.982731466480423e-43,0.4696969696969697,0.0,0.6666666666666666,9.35,0.0,0.0,0.1666666666666666,46.49,0.0
63f7eb4fd0c75f760998818c,424.568,0.0231819424104058,0.0148238963536099,0.431815657284121,211.10295883415228,0.0083580460567959,0.4426644018758982,0.1363636363636363,0.0,0.2272727272727272,2.16,0.0,0.0,0.1666666666666666,16.31,0.0
63d18e630e39bc97ef16152b,549.542,0.0449187594535152,0.0002731000727851,0.3042051442430565,206.133799690755,0.0446456593807301,0.0055244555614676,0.0,0.0,0.2272727272727272,15.47,0.0,0.0,0.0,30.48,0.0
6400df3b4bd1fb13b52727fe,391.232,0.0161949630706035,0.1345430536635074,0.8526324154816731,196.35716548842916,-0.1183480905929038,4.802032734142563e-07,0.25,0.0075757575757575,0.5833333333333334,39.65,0.0,0.0,0.1666666666666666,12.79,0.0
62e19208352cd518d7b2f085,567.797,0.2014693306151344,0.9999546021312976,0.1299537758192936,141.59891199124752,-0.7984852715161632,1.6301749927311523e-30,0.0,0.0,0.4166666666666667,62.19,0.0,0.0,0.0,22.89,0.0
63f77927711e9d061dbec33c,416.182,0.1699838948736975,0.1244361432877193,0.7463394411949987,185.95715866978688,0.0455477515859782,1.853913922306412e-11,0.1136363636363636,0.0,0.3560606060606061,12.54,0.0,0.0,0.3333333333333333,13.05,0.0
5e535a49ac9ed13700f62def,1356.559,0.1736631463806164,0.3927103663110701,0.5946934843818821,183.9093951236292,-0.2190472199304537,2.4795250685973555e-12,0.0757575757575757,0.0075757575757575,0.2272727272727272,18.17,0.0,0.0,0.5,516.31,0.0
63fd6f98e4a77457f1b36b9a,759.811,4.53978687024344e-05,0.040475607538858,0.5058490540107836,206.99992734936453,-0.0404302096701556,0.0123258356341828,0.0,0.0075757575757575,0.1363636363636363,15.53,0.0,0.1666666666666666,0.1666666666666666,34.36,0.0
5d1b0776e1c05200018b582d,861.694,0.0035828374379453,4.53978687024344e-05,0.6124641400629883,205.30765228994164,0.0035374395692429,0.0025521906926853,0.0454545454545454,0.0,0.053030303030303,13.66,0.0,0.0,0.8333333333333334,31.06,1.0
5c5f525806006e0001db95d2,943.97,0.2174507512421853,0.506943184442012,4.53978687024344e-05,187.0110685754722,-0.2894924331998267,5.215573617941145e-11,0.0303030303030303,0.0,0.4015151515151515,1.27,0.0,0.0,0.0,6.08,0.0
60ae62a5004d7bdf5428bb95,995.674,0.299585876151387,0.3300277582926575,0.3776154857826722,162.3888477211919,-0.0304418821412705,1.468933037829762e-21,0.0681818181818181,0.0,0.4621212121212121,22.65,0.0,0.1666666666666666,0.0,109.56,0.0
63dc7c4191d5e30193f1db36,407.845,0.0185868787311598,0.1520662860426134,0.8084339576433063,190.4637678818693,-0.1334794073114535,1.535936766030825e-09,0.3560606060606061,0.0,0.8484848484848485,9.36,0.0,0.0,0.3333333333333333,10.14,0.0
5b1a3fa488ee7400012aef74,963.018,0.9999546021312976,0.8370213334834804,0.9999546021312976,97.8426251580172,0.1629332686478172,2.053087927175346e-49,0.0,0.0303030303030303,0.3560606060606061,87.54,0.0,0.0,0.3333333333333333,44.55,0.0
582009dd87f6b90001f13e40,380.932,0.0261390522817438,0.0386323823289468,0.4460394058481772,207.7639002803629,-0.012493330047203,0.0248252329310795,0.4621212121212121,0.0,0.4772727272727273,6.27,0.0,0.0,0.0,16.55,0.0
5722c95274e7ff0011a6f011,413.637,0.3546334864841641,0.5127255955486856,0.024316140727205,166.83568166220437,-0.1580921090645214,1.1979703187946847e-19,0.1818181818181818,0.0,0.5227272727272727,2.99,0.0,0.0,0.0,21.43,0.0
6340d2fa46f2d707e146b63b,451.886,0.3013417783771514,0.6204770694927781,0.4310401737566032,176.6046974019861,-0.3191352911156267,1.862033085759377e-15,0.0378787878787878,0.0,0.3257575757575757,4.44,0.0,0.0,0.0,7.81,0.0
610940bbdb7795c3be364375,311.084,0.0419725447384167,0.0292912328107241,0.4133456106304855,210.73491847699975,0.0126813119276925,0.331050663632931,0.3181818181818182,0.0,0.4848484848484848,1.67,0.0,0.0,0.3333333333333333,11.59,1.0
633471b7c7b5fa52a0a407a7,337.246,0.0343744551159307,0.0519505982857827,0.3658502118268105,204.3230917204481,-0.0175761431698519,0.0010098808743559,0.4545454545454545,0.0,0.2424242424242424,2.78,0.0,0.0,0.0,8.75,0.0
5f4000a47ed89c0e7f2e3760,357.542,0.060327712776037,0.1963153535277835,0.3724496124056548,174.11982189500236,-0.1359876407517465,1.6032374431943003e-16,0.106060606060606,0.0,0.4469696969696969,2.15,0.0,0.0,0.3333333333333333,15.26,1.0
62fd76d3f0824c29d4b1e6bd,407.726,0.0193157480551226,0.0633582056211856,0.3629284254363814,195.57192154463232,-0.0440424575660629,2.239590258642097e-07,0.5,0.0,0.5151515151515151,12.9,0.0,0.0,0.0,29.93,0.0
5d3bcf190e510a001b3df200,372.097,4.53978687024344e-05,0.0100328952437605,0.5823674080652375,210.5575153983508,-0.009987497375058,0.2866222718525336,0.3333333333333333,0.0,0.1287878787878787,3.19,0.0,0.0,0.0,8.77,1.0
63f68fcc9f84b736270f0e8e,315.623,0.0134948639706506,0.016958755719929,0.353444324620036,203.4025989244982,-0.0034638917492784,0.0004221634847287,0.4242424242424242,0.0,0.4090909090909091,2.27,0.6666666666666666,0.0,0.8333333333333334,8.02,0.0
60fdbd3afcd943b7119d6f4a,477.442,0.2301017231381521,0.227208801347644,0.4200757499473105,186.1031325091584,0.002892921790508,2.139578721157477e-11,0.0075757575757575,0.0,0.2121212121212121,2.76,0.0,0.0,0.0,19.62,0.0
63d40e3588ba6ef2a3ce7c37,373.972,0.1691346119171035,0.0722681969849625,0.7252483727388493,174.00628691244106,0.096866414932141,1.433231785579201e-16,0.6136363636363636,0.0,0.5757575757575758,12.24,0.0,0.0,0.5,19.03,1.0
5d13e3e6e51708001a43fa66,489.085,0.033530591255201,0.1274411645479737,0.323729013304514,178.36248385632172,-0.0939105732927727,1.05381507705419e-14,0.0833333333333333,0.0,0.4848484848484848,36.4,0.0,0.0,0.1666666666666666,21.03,0.0
5f932e6a3ceaf50d5768745b,267.685,0.0620638592884272,0.0184214323379408,0.4500662115012732,207.28471536078857,0.0436424269504863,0.0160169797933601,0.5378787878787878,0.0,0.2424242424242424,5.27,0.0,0.0,0.0,5.42,0.0
62951043176ada9a9de2faa4,359.587,0.0759790671591532,0.0809788792544064,0.6522329705021226,207.09640941635368,-0.0049998120952531,0.0134712844481985,0.0681818181818181,0.0,0.1818181818181818,4.14,0.0,0.0,0.1666666666666666,8.5,0.0
63d82d20ed2b67b4f77f1fc7,408.135,4.53978687024344e-05,0.0090571977932324,0.5498202200012955,211.95619687976372,-0.00901179992453,0.806281105669735,0.5454545454545454,0.0,0.6212121212121212,38.72,0.5,0.0,0.8333333333333334,16.32,1.0
6108cd48a97ffccb0e7e518c,570.882,0.0815678055015001,0.1326859903547189,0.7661953902852153,189.9829521629381,-0.0511181848532187,9.595283442301888e-10,0.0454545454545454,0.0075757575757575,0.2272727272727272,6.79,0.0,0.0,0.1666666666666666,23.17,0.0
63d85999228b7d6b636dd96c,603.39,0.9999546021312976,0.0282004395755988,0.7918429437543132,140.10576198237845,0.9717541625556988,3.7002785394911716e-31,0.3181818181818182,0.0909090909090909,0.3636363636363636,7.04,0.1666666666666666,0.0,0.8333333333333334,7.96,0.0
5fb3d39a2ceaab00087faddb,386.115,0.190138694099027,0.0330449726761648,0.6352712420511826,181.0478952323405,0.1570937214228621,1.4849936144197504e-13,0.3787878787878788,0.0,0.4469696969696969,7.79,0.0,0.0,0.1666666666666666,19.03,0.0
63d13bce0971871b9ff88f56,287.899,4.53978687024344e-05,0.0002265791993733,0.4794749772085576,212.21783491589755,-0.0001811813306708,0.9284591175401448,0.6818181818181818,0.0,0.5151515151515151,3.15,0.0,0.0,0.0,6.52,1.0
63d7a8a2591096e22405d64a,290.262,0.0316902083130239,4.53978687024344e-05,0.4064583267209566,210.23742165112617,0.0316448104443215,0.2198358543824019,0.7272727272727273,0.0,0.4166666666666667,1.6,0.0,0.0,0.8333333333333334,2.36,0.0
63d7edbef6596097994e730e,357.48,4.53978687024344e-05,0.9999546021312976,4.53978687024344e-05,91.65425806993302,-0.9999092042625952,4.326711635781913e-52,0.2651515151515151,0.0,0.6363636363636364,8.32,0.0,0.0,0.8333333333333334,15.62,0.0
60761cf3cc35a2a9b127b414,347.764,0.1851649002864314,0.0837795427928852,0.6237820730899429,196.42432550346277,0.1013853574935461,5.125495833539968e-07,0.0757575757575757,0.0,0.3863636363636363,2.41,0.0,0.0,0.1666666666666666,6.63,0.0
63cedc8a97a0bb604736baea,311.637,0.0013462713596874,4.53978687024344e-05,0.4296460009183615,210.11464458662957,0.001300873490985,0.1982607195277574,0.6136363636363636,0.0,0.2272727272727272,3.89,0.0,0.0,0.1666666666666666,11.18,0.0
63f93d2de413ad49cf0dbff1,439.845,0.0037472421051285,0.0356400433207822,0.5025423579279419,208.6473872729987,-0.0318928012156536,0.0551218764999223,0.0,0.0,0.3409090909090909,3.59,0.0,0.0,0.1666666666666666,9.78,0.0
61006f43a84b82fb439d7cba,443.581,0.2977232830077489,0.0938583840382138,0.8662105416672453,172.05847432025513,0.2038648989695351,2.0934528230364894e-17,0.0681818181818181,0.0,0.2727272727272727,5.14,0.0,0.0,0.3333333333333333,13.98,0.0
63ed4bdcb1977e991fe4f095,378.558,0.1347342658588699,0.0339521159427587,0.9999546021312976,157.39559088109533,0.1007821499161111,1.0440534477633652e-23,0.4242424242424242,0.0,0.5757575757575758,6.35,0.0,0.0,0.0,23.52,2.0
63ea4164c5b33a0d13129c84,305.572,0.9999546021312976,4.53978687024344e-05,0.9999546021312976,59.6610121593379,0.9999092042625952,6.198937632236209e-66,0.1515151515151515,0.0,0.9924242424242424,1.1,0.0,0.0,0.8333333333333334,2.02,0.0
613e002e81f4b2409b531dbd,687.321,4.53978687024344e-05,0.0069597660133236,0.5261413989661176,212.3556118834948,-0.0069143681446211,0.9806919141110126,0.0151515151515151,0.0,0.1742424242424242,13.29,0.0,0.1666666666666666,0.3333333333333333,27.7,0.0
63f3a6b6d4c4d564638f38ca,340.398,0.2254355917031152,0.2978339707681536,0.2455926467961801,156.23249439624178,-0.0723983790650383,3.296529193257062e-24,0.053030303030303,0.0,0.4166666666666667,5.03,0.0,0.0,0.3333333333333333,16.15,1.0
55e7221441988f000b75cc7a,576.794,0.0296330859979337,0.0952721949782938,0.6533040307836858,201.7199357816045,-0.06563910898036,8.481532729145138e-05,0.0378787878787878,0.0,0.5909090909090909,8.32,0.0,0.0,0.1666666666666666,24.49,0.0
6400f1783058946c2b4780cd,468.982,4.53978687024344e-05,0.0118846207473229,0.7015313310395241,198.42009362774908,-0.0118392228786205,3.542882830399989e-06,0.2272727272727272,0.0,0.0833333333333333,9.01,0.0,0.0,0.1666666666666666,31.47,1.0
5fd6ebe9b77a3d65df0c0674,579.694,4.53978687024344e-05,0.2608874960887453,0.5490607964134832,157.12096408227598,-0.2608420982200428,7.95271357844878e-24,0.0984848484848484,0.0,0.3863636363636363,20.89,0.0,0.0,0.1666666666666666,32.7,0.0
60cfdcfdf8a3c6c42dad17d3,284.209,0.0297902808514777,0.0426650377050821,0.6373690702463478,206.7299258277156,-0.0128747568536043,0.009606269196424,0.5984848484848485,0.0,0.4621212121212121,1.9,0.0,0.0,0.1666666666666666,12.42,0.0
5c95a379a314c70012bbd4bf,460.817,0.0581142775797438,0.1074505847181784,0.5726774747641216,200.67514767167663,-0.0493363071384346,3.114002036555979e-05,0.0833333333333333,0.0,0.3257575757575757,11.53,0.0,0.0,0.1666666666666666,24.44,0.0
63e55908254a436361a6787b,311.503,0.4102325372916175,0.1650096364012531,0.3160192588771554,159.98337563846226,0.2452229008903644,1.3561802316038525e-22,0.2272727272727272,0.0,0.6060606060606061,2.02,0.0,0.0,0.8333333333333334,4.66,0.0
62aa4aba6960dfb1b61f7583,435.648,0.0485414207890203,0.5113013948606918,0.701840786348108,165.1256764342641,-0.4627599740716714,2.20610319983682e-20,0.2196969696969697,0.0,0.7121212121212122,5.05,0.0,0.0,0.1666666666666666,8.61,0.0
63dcc00d97b599698e60a1a6,583.619,0.0064241569964381,4.53978687024344e-05,0.6591800560749567,198.4135478766043,0.0063787591277356,3.520535884839641e-06,0.5606060606060606,0.0,0.3106060606060606,14.32,0.0,0.0,0.0,20.53,3.0
63bef4ddef5b4d7295effbbd,320.975,0.0039656361045691,4.53978687024344e-05,0.6208744482197079,204.06845994866467,0.0039202382358666,0.0007937684627648,0.696969696969697,0.0,0.4545454545454545,1.5,0.0,0.0,0.1666666666666666,7.78,0.0
5f5834134283933a1c3b42d0,492.639,0.2086997529767955,0.4549466383862263,0.1269296126625676,147.8643647974433,-0.2462468854094307,8.19351445008461e-28,0.1590909090909091,0.0,0.5075757575757576,17.75,0.0,0.0,0.0,36.61,0.0
6092dea4efd6d61350f0fdbf,382.153,0.2125896706028203,0.0811596962522168,0.3691670371834142,197.54066930446143,0.1314299743506034,1.5128736776736286e-06,0.0833333333333333,0.0,0.3863636363636363,2.79,0.0,0.0,0.0,8.94,0.0
60fcdd3be2ae9576df065728,436.738,4.53978687024344e-05,0.0008341651293066,0.55195775699813,211.16093262193004,-0.0007887672606042,0.4628185846943783,0.053030303030303,0.0,0.1742424242424242,6.7,0.0,0.0,0.1666666666666666,15.58,1.0
63ea4301f63c1d26f0ff83e9,391.848,4.53978687024344e-05,4.53978687024344e-05,0.547560643303818,211.2617464687429,0.0,0.4995974240522624,0.0454545454545454,0.0,0.303030303030303,3.02,0.0,0.0,0.0,16.75,0.0
63bd8be8f8c532da7bb5431e,511.136,0.9999546021312976,4.53978687024344e-05,0.9999546021312976,98.65604484581924,0.9999092042625952,4.61464033926493e-49,0.2651515151515151,0.0,0.5833333333333334,14.02,0.0,0.0,0.0,38.69,0.0
63b6be60f23fd8e0399f668c,477.424,0.0152302169864099,0.0311577799990977,0.5276152069063226,211.47510632406983,-0.0159275630126878,0.5846587823141516,0.4848484848484848,0.0,0.1515151515151515,23.15,0.0,0.0,0.0,46.51,0.0
63f3a7e45f338798fd025d99,382.881,0.0191323871825944,0.0495280943852079,0.7144194000616684,206.3488283142132,-0.0303957072026135,0.0067474502932376,0.4469696969696969,0.0,0.4924242424242424,3.16,0.0,0.0,0.0,17.56,0.0
6105338a15c74e8435e95c71,370.891,0.0082037295193654,0.1211165322760905,0.3978694664635915,180.35578990639848,-0.1129128027567251,7.511715001227776e-14,0.5984848484848485,0.0,0.1212121212121212,5.61,0.0,0.0,0.3333333333333333,22.77,0.0
63d7a6a997f03198526a1941,633.993,4.53978687024344e-05,0.0150437017567753,0.5758339514383386,211.1853284132359,-0.0149983038880728,0.4715164749622722,0.2196969696969697,0.0,0.1212121212121212,14.04,0.0,0.0,0.5,29.5,0.0
631b428359f449b8159625f8,554.047,0.9999546021312976,4.53978687024344e-05,0.9999546021312976,59.65941941778063,0.9999092042625952,6.18910423584465e-66,0.1969696969696969,0.0075757575757575,0.9924242424242424,15.08,0.0,0.0,0.0,28.44,0.0
631381096e95278a3f97fed4,676.432,0.0575437485129582,0.0827110865022452,0.5387054476919381,211.1398107794029,-0.0251673379892869,0.4553918887865416,0.2651515151515151,0.0,0.1666666666666666,52.3,0.0,0.0,0.0,47.81,0.0
6144bf2539bc8f85335af4be,525.09,0.1307674625289134,0.0985455155892315,0.4927102248391989,187.467008461302,0.0322219469396818,8.157060155245921e-11,0.0,0.0,0.1893939393939394,11.85,0.0,0.0,0.0,29.82,0.0
63f049c2d78b2bc822a16dac,534.309,0.108204624813936,0.4099223707232002,0.311951880408127,143.5030621094129,-0.3017177459092642,1.0798486278376636e-29,0.0075757575757575,0.0,0.4393939393939394,21.24,0.0,0.0,0.1666666666666666,28.72,1.0
63d1819e544fa53e891614ec,537.832,0.0019297225084637,0.0005771994232642,0.4126927501667415,208.91438464520448,0.0013525230851994,0.0699216040976084,0.3636363636363636,0.0,0.4090909090909091,17.47,0.0,0.0,0.0,13.49,0.0
63ea63669423c84daf2c5dbd,768.074,0.0290030440405015,0.0521886883127129,0.7689428743781859,202.46070051435413,-0.0231856442722114,0.0001721727277136,0.4848484848484848,0.0151515151515151,0.4318181818181818,52.93,0.0,0.0,0.3333333333333333,14.94,1.0
63f791c69ca73d3460eeb2d9,710.366,0.2070454679372187,0.4309170213969576,0.2618640233732596,141.72567071751294,-0.2238715534597388,1.8488486332690108e-30,0.0227272727272727,0.0,0.4696969696969697,11.42,0.0,0.0,0.0,16.77,0.0
60fd80b85dd6b22f66d16822,360.863,0.0340153973110444,4.53978687024344e-05,0.599860742864438,199.0701282933874,0.033969999442342,6.638033699959119e-06,0.25,0.0,0.0606060606060606,3.84,0.0,0.0,0.0,15.2,0.0
5ad2c8334d061300011b1985,389.372,0.9999546021312976,4.53978687024344e-05,0.9558436316259096,96.59070075305054,0.9999092042625952,5.902591490293835e-50,0.5303030303030303,0.0,0.7803030303030303,4.39,0.0,0.0,0.0,11.73,1.0
63d9f41910c61f3eb102079f,600.368,0.0557669904776829,0.1007034142508119,0.2625175708414679,189.05233393728605,-0.0449364237731289,3.8578809563363773e-10,0.0151515151515151,0.0,0.3181818181818182,11.21,0.0,0.0,0.0,42.81,0.0
570fa921f895a7000f38ca6f,463.548,0.1645306123032536,0.0142640228301825,0.5458493991848824,186.8933669113517,0.1502665894730711,4.64676019025731e-11,0.3484848484848485,0.0,0.553030303030303,5.12,0.0,0.0,0.0,16.57,0.0
63d404f4eaf69448ef9e09e6,495.974,0.0279237468737913,0.0870026763381178,0.9999546021312976,166.22601460771702,-0.0590789294643264,6.553805431957603e-20,0.0,0.0075757575757575,0.2272727272727272,4.38,0.0,0.3333333333333333,0.0,18.72,3.0
63d000d62878aa92b833c5fc,483.007,4.53978687024344e-05,0.0009038551453438,0.5499589316008161,211.25823699442,-0.0008584572766413,0.4982800374029511,0.4848484848484848,0.0,0.2651515151515151,8.65,0.0,0.0,0.3333333333333333,77.0,0.0
63212cf14928ea89262e9f24,584.922,0.0011000755971653,0.0005136997229816,0.7516161012829827,183.8154290548603,0.0005863758741837,2.260735023658121e-12,0.3333333333333333,0.0075757575757575,0.4166666666666667,45.04,0.0,0.0,0.3333333333333333,27.12,3.0
5c047357d30e3200016dd9fa,337.164,0.0270510271842215,0.2762482309948113,0.2823471935228033,156.18044520348988,-0.2491972038105898,3.13075970743238e-24,0.3863636363636363,0.0,0.7272727272727273,1.67,0.0,0.1666666666666666,0.3333333333333333,14.53,0.0
61509f0576598bbf74387211,325.773,0.187941506785954,0.2284590505987984,0.3136159453622663,171.03799126280435,-0.0405175438128444,7.63771956799328e-18,0.25,0.0,0.2651515151515151,1.93,0.0,0.0,0.0,4.47,0.0
5df5b9f661721940c46c3cd3,363.497,0.0045247366329841,4.53978687024344e-05,0.4306580482419918,210.70105681091692,0.0044793387642817,0.3221271081294305,0.2121212121212121,0.0,0.2348484848484848,3.15,0.0,0.0,0.0,16.42,2.0
62ded68be9e12bf448a7ffdb,299.796,4.53978687024344e-05,0.0153519391705901,0.482487069632189,210.7295595951848,-0.0153065413018876,0.32962411115112,0.7196969696969697,0.0,0.3106060606060606,11.26,0.0,0.0,0.1666666666666666,24.08,1.0
61650ba8e42101c561bf7335,520.499,0.0045596514764497,0.0188545797100925,0.6419354083161104,207.7454238627506,-0.0142949282336427,0.0244108711594703,0.3787878787878788,0.0,0.1742424242424242,14.54,0.0,0.0,0.0,41.1,0.0
63e5c56c4ddeee504b9fa17f,745.734,0.2077923299436909,0.3070203880998894,0.3865044757904101,182.5199674247586,-0.0992280581561985,6.32316956281292e-13,0.0681818181818181,0.0075757575757575,0.2575757575757575,2.8,0.0,0.0,0.0,22.18,2.0
63e5ffdf639ebdcf35aacb09,479.701,0.1828041276127036,0.1039565747032293,0.5404415264983026,198.29136163361875,0.0788475529094743,3.128278522724269e-06,0.1212121212121212,0.0,0.2348484848484848,12.01,0.0,0.0,0.1666666666666666,16.57,0.0
61086469e5457fed4f164b8e,615.297,4.53978687024344e-05,4.53978687024344e-05,0.5057130899414645,212.4324514248519,0.0,0.9988485209324388,0.2348484848484848,0.0,0.0757575757575757,24.24,0.0,0.0,0.0,40.61,0.0
5fee456f8929f014481adff9,601.134,0.9999546021312976,4.53978687024344e-05,0.9999546021312976,65.65802841372853,0.9999092042625952,2.4442786116069086e-63,0.6439393939393939,0.0075757575757575,0.9696969696969696,181.59,0.0,0.1666666666666666,0.3333333333333333,27.93,0.0
611401411bf1ede5a4d85bdc,377.541,0.1409440334829116,0.0423144033535003,0.5802040745895236,198.2905502305594,0.0986296301294112,3.1258251037236456e-06,0.0681818181818181,0.0,0.3333333333333333,9.01,0.0,0.0,0.3333333333333333,14.76,0.0
636182d3f52ff78fc3f7de50,467.554,0.0168418657955626,0.0247864920776625,0.5240532967186488,211.38750922396136,-0.0079446262820999,0.5485637040443367,0.5454545454545454,0.0075757575757575,0.2651515151515151,8.37,0.0,0.0,0.1666666666666666,42.12,1.0
63d7a0c6fe36d852418ac97a,377.914,0.1320352865345122,0.0297996338252548,0.7049106308996317,184.50786420576856,0.1022356527092574,4.465116553425961e-12,0.6060606060606061,0.0,0.4545454545454545,7.61,0.0,0.0,0.1666666666666666,32.14,0.0
63d12f8c48b235842187c959,267.097,4.53978687024344e-05,0.0097265979606113,0.4397510407890311,208.9842226551936,-0.0096812000919089,0.0743875549552129,0.8409090909090909,0.0,0.3181818181818182,23.12,0.3333333333333333,0.0,0.3333333333333333,4.68,0.0
5d1ce77cbac9bf001a4954f7,377.692,0.1564819437725188,0.1037331556873652,0.2892686266835745,190.7660220666501,0.0527487880851536,2.064254520524346e-09,0.053030303030303,0.0,0.1666666666666666,2.08,0.0,0.0,0.1666666666666666,10.96,0.0
5ec0aeb3d216ee36d856ead2,386.011,0.0548867245382312,0.0978653985674289,4.53978687024344e-05,176.750638275023,-0.0429786740291976,2.150336841876849e-15,0.0378787878787878,0.0,0.3106060606060606,10.18,0.0,0.0,0.1666666666666666,15.56,0.0
640377e3d569a80850182891,367.567,0.0120425947231954,0.0971494272002734,0.3509324875268816,185.49180547730344,-0.0851068324770779,1.1739154038096348e-11,0.2954545454545454,0.0,0.4393939393939394,1.34,0.0,0.0,0.5,14.03,0.0
611d4519393cabb9a4a46ebd,533.999,0.06319355218203,0.0289474619704836,0.4508990625590532,206.0700462559898,0.0342460902115464,0.0052059735125999,0.0,0.0,0.25,10.82,0.0,0.0,0.1666666666666666,26.7,0.0
5a983a931ade740001b8ea50,450.144,0.0241957667879775,0.0556051126498748,0.7834662248388505,195.17223044949205,-0.0314093458618973,1.518427548025682e-07,0.0227272727272727,0.0,0.4015151515151515,4.93,0.0,0.0,0.1666666666666666,25.42,1.0
64015b86a1764cf737326eb7,433.802,0.0048010140101361,0.0093907009474358,0.5878221590149981,210.1808505866805,-0.0045896869372997,0.209638051415462,0.3712121212121212,0.0,0.2272727272727272,8.48,0.0,0.0,0.0,29.29,0.0
60ce8efd3dc93c8607362691,393.362,0.0731396754288784,4.53978687024344e-05,0.7385558204905234,169.53916500911956,0.0730942775601759,1.736104481316826e-18,0.4090909090909091,0.0,0.7272727272727273,2.62,0.0,0.0,0.5,3.56,2.0
62715bfe8dcc19e21152dce0,499.376,0.0694632807644514,0.0271680489310462,0.7069964470629595,188.46261000875592,0.0422952318334051,2.1648419451061323e-10,0.5757575757575758,0.0,0.3560606060606061,12.86,0.0,0.0,0.0,33.54,1.0
63f807017a338dfff169fea8,626.48,0.1160502568280124,0.2287003250364783,0.33600910034338,159.6670669354305,-0.1126500682084658,9.91351027575252e-23,0.0,0.0,0.1969696969696969,6.55,0.0,0.0,0.1666666666666666,31.38,0.0
63d89eb9781fd5479e5c175a,472.751,4.53978687024344e-05,0.0131723867434725,0.5080958529772148,211.9174874073586,-0.0131269888747701,0.7875517321246327,0.0303030303030303,0.0,0.3939393939393939,9.77,0.0,0.0,0.0,22.24,0.0
5bf0cb0411439b000168edda,355.45,0.0659119546464431,0.0204786060305284,0.4287934677258705,208.13825662848456,0.0454333486159146,0.0348712815270048,0.0681818181818181,0.0,0.4393939393939394,1.54,0.0,0.0,0.5,4.51,1.0
64077ddd11208afe2bec171a,515.264,0.0242280322741953,0.0254169954401307,0.5934676576515211,209.61926935546447,-0.0011889631659354,0.1297646420918789,0.1287878787878787,0.0,0.3257575757575757,7.73,0.0,0.0,0.0,13.17,0.0
5c9bfbfa325c3d001ad360a8,1126.03,4.53978687024344e-05,0.9999546021312976,4.53978687024344e-05,88.66073093829897,-0.9999092042625952,2.1946160728035692e-53,0.1742424242424242,0.0151515151515151,0.9242424242424242,17.97,0.0,0.0,0.5,252.42,1.0
6400f8f41e203f131c68b79f,403.017,0.026891945944634,0.0050032618494717,0.7288091045231957,185.56951027082937,0.0218886840951622,1.2670062055089365e-11,0.3560606060606061,0.0,0.2727272727272727,5.14,0.0,0.0,0.0,44.95,0.0
6401094035971e9972e06328,588.639,0.4081645689817463,0.264190352803472,0.4903577823273367,159.9205901593189,0.1439742161782743,1.2743975582064665e-22,0.0,0.0,0.4015151515151515,10.72,0.0,0.1666666666666666,0.1666666666666666,42.35,0.0
63ecff07b619306f41db42fa,336.266,0.5348870446479825,0.240935275276551,0.1653978333327434,179.5813867221221,0.2939517693714314,3.5030436683694154e-14,0.5833333333333334,0.0,0.4772727272727273,19.63,0.0,0.0,0.6666666666666666,15.41,1.0
604945573fc8844cdd15b9bf,468.997,0.1819702649527701,0.1442485910747359,4.53978687024344e-05,164.77848598692356,0.0377216738780341,1.564580527738933e-20,0.0,0.0,0.3863636363636363,8.12,0.0,0.0,0.0,22.54,0.0
580777dd827ca10001db494b,425.671,0.2059755314590702,0.1651582304018213,0.559102851593934,190.68404011289545,0.0408173010572488,1.9052113930162844e-09,0.0,0.0,0.2272727272727272,4.0,0.0,0.0,0.1666666666666666,19.42,0.0
5ede9b80b8a141131edabbe1,561.119,4.53978687024344e-05,4.53978687024344e-05,0.2140552653169605,176.84284005027612,0.0,2.355064047339586e-15,0.0227272727272727,0.0151515151515151,0.25,26.45,0.0,0.0,0.0,42.65,0.0
6110ac49fa97e0c2c87223a2,519.85,0.0245266610066349,0.0145828000038104,0.3867821068673596,208.28942362415592,0.0099438610028244,0.0399713294446834,0.0151515151515151,0.0227272727272727,0.1742424242424242,8.79,0.0,0.0,0.1666666666666666,10.11,0.0
63bc9e8cd8106f8d94c636d4,372.137,4.53978687024344e-05,0.0339241226076137,0.6975635406772673,205.85283956409063,-0.0338787247389113,0.0042512971559195,0.1893939393939394,0.0,0.5151515151515151,5.64,0.0,0.0,0.0,20.85,1.0
63fac97f0d4e8f6bfd753d90,304.111,0.1490606043647631,4.53978687024344e-05,4.53978687024344e-05,179.51943222748054,0.1490152064960607,3.2956123896448586e-14,0.5833333333333334,0.0,0.5303030303030303,3.02,0.0,0.0,0.0,16.3,0.0
6400e07f37c248e81cbc9d41,476.197,0.0725182129814243,0.4123465507656151,0.3794189682346173,152.97413981774056,-0.3398283377841907,1.3031686828262802e-25,0.0,0.0,0.4242424242424242,4.65,0.0,0.0,0.0,15.64,0.0
63df609cf58947e964792bb6,300.446,0.0018099085518826,4.53978687024344e-05,0.4148093074261645,209.0805835344788,0.0017645106831801,0.081004283323358,0.7045454545454546,0.0,0.3484848484848485,1.9,0.0,0.0,0.1666666666666666,10.91,0.0
6156a0460b95fa57be8312c4,430.376,0.0018394410069236,0.0021775437880503,0.5814941004014529,209.08231973863937,-0.0003381027811266,0.0811285591889776,0.4015151515151515,0.0,0.1439393939393939,13.42,0.0,0.0,0.0,18.6,0.0
63b6e5e23b31a38790ff1ce2,373.681,0.0810925539676168,0.1107490114639805,0.7203370843809115,199.3725400663679,-0.0296564574963637,8.88685387867437e-06,0.1969696969696969,0.0,0.4772727272727273,2.78,0.0,0.0,0.0,13.79,0.0
60fc9ce95a59b3400b38e2a7,548.702,4.53978687024344e-05,0.0902917670920147,0.4399016658518415,187.5751817711939,-0.0902463692233123,9.069973701398477e-11,0.0075757575757575,0.0,0.4242424242424242,9.53,0.0,0.0,0.0,32.83,0.0
6276b88b3b4036b3f0ca289b,461.487,0.1004948047211007,0.0954969054944257,0.1645875233276066,194.54339507825063,0.004997899226675,8.234762922298471e-08,0.303030303030303,0.0075757575757575,0.4924242424242424,4.19,0.0,0.0,0.1666666666666666,28.49,0.0
63034df51d918e1e3b97e5ce,731.497,0.0785877001948464,0.0862680054802774,0.5174354892438896,201.53209068725295,-0.007680305285431,7.08527136256561e-05,0.0151515151515151,0.0075757575757575,0.1818181818181818,18.88,0.0,0.0,0.0,57.7,1.0
63fffd232a889b722046523c,487.525,0.0403233357641825,0.0386081890049418,0.5830659616990668,207.50669528160543,0.0017151467592407,0.0196302013957514,0.0151515151515151,0.0,0.0075757575757575,15.0,0.0,0.0,0.0,44.22,0.0
63d1834e69a637cd32f16634,263.983,4.53978687024344e-05,0.0079673280775879,0.7660143721502579,186.5504526908344,-0.0079219302088855,3.3190422264873335e-11,0.9696969696969696,0.0,0.3787878787878788,4.37,0.0,0.0,0.1666666666666666,3.81,0.0
63d420b1d5b7dc6a3a4c50aa,526.257,0.0084167486588588,0.0144904961210864,0.4733080996776632,210.92010388836167,-0.0060737474622275,0.3837678331261269,0.106060606060606,0.0,0.2651515151515151,16.12,0.0,0.0,0.0,40.02,0.0
63e316f79fdeba5ba50385e1,510.96,0.0716334941282584,0.1140826863918017,0.1558701185796607,174.23592211065238,-0.0424491922635432,1.7979487479255652e-16,0.1439393939393939,0.0,0.303030303030303,14.96,0.0,0.0,0.0,24.44,0.0
5f19fbbb7767270c32464eb5,477.169,0.016503272681703,4.53978687024344e-05,0.5515035060268512,208.3056385797927,0.0164578748130005,0.0405598150277597,0.4242424242424242,0.0,0.4166666666666667,12.15,0.0,0.1666666666666666,0.0,33.8,0.0
63d3fb1c82d319ac2f752d80,448.026,0.0409181319356175,0.0844142547478698,0.54694666603909,203.51343307321065,-0.0434961228122522,0.0004690237773013,0.1666666666666666,0.0,0.5303030303030303,4.4,0.0,0.0,0.0,12.51,0.0
611343092396f1d9ed7018ad,535.206,0.3023575937014589,0.1904041577923932,0.4550082673256585,195.79590197078917,0.1119534359090656,2.78419529808434e-07,0.0151515151515151,0.0151515151515151,0.2196969696969697,7.6,0.0,0.0,0.0,25.62,0.0
60fcd9368e8d2b8740cf9251,785.425,0.0030953958789585,0.0013721255128065,0.5011820756106016,212.3979937167832,0.001723270366152,0.992357639641954,0.0303030303030303,0.0,0.106060606060606,136.78,0.0,0.0,0.1666666666666666,84.44,0.0
641ec1a9d9fe8a0941e39862,376.654,0.1145885496955682,0.0245952154581771,0.6682608215910767,189.52591628092105,0.089993334237391,6.134262329737905e-10,0.2272727272727272,0.0,0.3181818181818182,2.97,0.0,0.0,0.1666666666666666,5.13,0.0
5b608617208f1c000100bdeb,455.84,0.0174948407145642,4.53978687024344e-05,0.7303495220207774,183.22469334804856,0.0174494428458618,1.2646936234884114e-12,0.0378787878787878,0.0,0.4621212121212121,5.88,0.0,0.0,0.8333333333333334,16.71,0.0
63f78c9346da47f7f8f3aef9,297.398,0.171356124783379,0.4517169725888124,0.631537721391193,148.49771415874844,-0.2803608478054333,1.536111832602338e-27,0.2878787878787879,0.0,0.5606060606060606,1.84,0.0,0.0,0.0,7.68,1.0
6320e37620d067c7d322246a,504.959,0.0193770241911714,0.017155907193633,0.4123811247736499,208.8179441444443,0.0022211169975383,0.0641786642435474,0.0833333333333333,0.0,0.3939393939393939,19.45,0.0,0.0,0.1666666666666666,33.46,0.0
63dd3dd2593c92be97d8dbde,348.807,0.9999546021312976,4.53978687024344e-05,0.9999546021312976,75.66110831304692,0.9999092042625952,5.214515637817107e-59,0.5681818181818182,0.0,0.9318181818181818,8.48,0.0,0.0,0.3333333333333333,16.26,0.0
5bfb5784a66aa500019dabef,441.12,0.1768682365439779,0.1102106627013181,0.4291937306532248,177.06268042514807,0.0666575738426597,2.925294368378308e-15,0.0,0.0,0.303030303030303,22.48,0.0,0.0,0.1666666666666666,16.58,0.0
6400caf68d8b75041e36f702,713.165,4.53978687024344e-05,4.53978687024344e-05,0.6062254902159449,206.6662107481116,0.0,0.0090563539903213,0.0757575757575757,0.0454545454545454,0.3257575757575757,26.0,0.0,0.0,0.1666666666666666,13.08,0.0
610c736500a4b33398fef94f,417.421,0.2333529013934271,0.1832401202696234,0.419585372550501,184.6955608940324,0.0501127811238037,5.369509089844528e-12,0.0,0.0,0.1969696969696969,7.6,0.0,0.0,0.3333333333333333,28.3,0.0
63174f52c207f299e8f8dc08,457.17,0.164322702231642,0.1828058680946931,0.3636116644681255,191.5232610390585,-0.018483165863051,4.327598771770621e-09,0.0,0.0,0.2348484848484848,5.19,0.0,0.0,0.0,17.39,0.0
631ce86c7a3ce20f628bae05,463.268,0.1026867118015621,0.0116267088658583,0.478307498121181,199.50159109825535,0.0910600029357038,1.0064428276300456e-05,0.1590909090909091,0.0,0.4166666666666667,3.36,0.0,0.0,0.1666666666666666,14.5,2.0
63f7b890b9c9e7b19a2e9281,349.272,0.0341520995551295,0.1512021352837655,0.6022765192146946,193.00239665475252,-0.117050035728636,1.8341830806398836e-08,0.3939393939393939,0.0,0.2121212121212121,7.74,0.0,0.0,0.0,15.47,0.0
5f507fb3e29c991f68f5879a,408.587,4.53978687024344e-05,4.53978687024344e-05,0.6327671665187095,203.5658375028811,0.0,0.000492946596988,0.0227272727272727,0.0,0.106060606060606,5.74,0.0,0.0,0.0,8.19,0.0
5d69d7e23aed95001b1aa05c,420.282,0.3421880494447719,0.2136618811992991,0.3796229392644531,161.82636214576166,0.1285261682454728,8.415835690780084e-22,0.0227272727272727,0.0,0.4166666666666667,3.7,0.0,0.0,0.1666666666666666,7.7,1.0
5766d2f7fdff7a0001c1285b,438.005,0.9999546021312976,0.0071579412544961,0.8258206983729766,133.87542377150734,0.9927966608768016,7.588213492028641e-34,0.1439393939393939,0.0,0.7196969696969697,84.82,0.0,0.0,0.3333333333333333,7.82,0.0
6127e94c6abf253c484b38b7,356.908,0.6489153548653658,0.6313103499693234,0.5308112334575126,163.06863659718968,0.0176050048960423,2.879515481430867e-21,0.2651515151515151,0.0,0.3636363636363636,4.25,0.0,0.0,0.0,17.44,0.0
6400dc45648545e7ca8f35a6,504.731,4.53978687024344e-05,0.1227921437816129,0.6132586305607833,194.2191400339541,-0.1227467459129105,6.005194287633321e-08,0.1136363636363636,0.0,0.4621212121212121,7.62,0.0,0.0,0.0,19.93,0.0
631e8c52a408a788b7e62e11,379.022,0.4747136617113742,0.1035219085517046,0.9999546021312976,141.37786177362426,0.3711917531596695,1.3088819177814982e-30,0.1969696969696969,0.0151515151515151,0.6439393939393939,2.94,0.0,0.0,0.0,11.94,0.0
5f721a81ee2a860fe028a8a4,926.632,0.0150026018024912,0.9999124391345416,4.53978687024344e-05,108.38227090670894,-0.9849098373320504,7.395334236436156e-45,0.0303030303030303,0.0075757575757575,0.4696969696969697,18.28,0.0,0.0,0.1666666666666666,40.82,1.0
63ea5b93d1c6d38e1f57dcfa,405.089,0.1797654374936116,0.3038677846231757,0.170222288009698,178.81780182344954,-0.124102347129564,1.6507022417088097e-14,0.2954545454545454,0.0,0.4545454545454545,4.88,0.0,0.0,0.5,18.4,1.0
6400d9235287137e7b62fd29,389.938,4.53978687024344e-05,0.0189595856267872,0.6246388381707898,208.4816458676085,-0.0189141877580848,0.0475166390707524,0.2727272727272727,0.0151515151515151,0.3257575757575757,2.58,0.0,0.0,0.1666666666666666,8.35,0.0
63ee5e103b44d07673cc8bd6,295.246,0.1391866934778422,0.0240193846422939,0.3547864457213262,195.01219386692472,0.1151673088355483,1.2995325022855096e-07,0.3712121212121212,0.0,0.3181818181818182,1.33,0.0,0.0,0.5,7.76,1.0
64141beda1cef49212be9b6c,298.977,4.53978687024344e-05,0.0131015302400694,0.6400634236946601,206.9462774472009,-0.013056132371367,0.0117309921221334,0.8787878787878788,0.0,0.2045454545454545,2.63,0.1666666666666666,0.0,0.1666666666666666,11.64,1.0
63210b26bd58960c97b47ddc,507.383,0.0490828432263143,0.1565021672952428,0.8747412397136772,184.5753754971196,-0.1074193240689285,4.77139204377407e-12,0.0454545454545454,0.0,0.2878787878787879,9.05,0.0,0.0,0.1666666666666666,8.74,4.0
6414cd5e294152ef610c1272,480.118,4.53978687024344e-05,0.0044262247131535,0.5684652024168133,210.6894305835536,-0.004380826844451,0.3191125445941001,0.4924242424242424,0.0,0.106060606060606,18.21,0.0,0.0,0.0,15.54,4.0
62acc04d0a7788636b0e9915,470.599,0.0144891891518532,0.0641577622614083,0.2251204936251354,179.1135278591618,-0.049668573109555,2.2092138354635036e-14,0.3484848484848485,0.0,0.5757575757575758,16.72,0.0,0.0,0.3333333333333333,30.19,0.0
61010ed79b9d528dcd376bc7,385.539,0.0572610599824043,0.11984480691726,0.7422430222253938,196.05041475600356,-0.0625837469348556,3.565121578430996e-07,0.696969696969697,0.0075757575757575,0.3787878787878788,8.71,0.0,0.0,0.0,24.15,1.0
63e885e4e1fc973179d56f63,566.653,4.53978687024344e-05,0.0591581442851835,0.6389022287458328,206.97047298840985,-0.0591127464164811,0.0119956733920042,0.0075757575757575,0.0075757575757575,0.2651515151515151,5.48,0.0,0.0,0.1666666666666666,25.03,1.0
63f477547d2302b4346299f4,854.233,4.53978687024344e-05,0.0178572514128928,0.971397085158994,157.67923096411764,-0.0178118535441904,1.3829428312456216e-23,0.1818181818181818,0.0,0.5227272727272727,72.64,0.0,0.0,0.0,124.41,0.0
6111803025c0b80658532a61,420.391,4.53978687024344e-05,4.53978687024344e-05,0.56881847506259,209.98415260091053,0.0,0.1775001463296122,0.0,0.0,0.3863636363636363,4.01,0.0,0.0,0.3333333333333333,6.83,0.0
5efc1d4ee23e2a011ded073e,351.429,4.53978687024344e-05,0.005509414381062,0.523381261437857,212.36418141917312,-0.0054640165123595,0.9832924338892844,0.2954545454545454,0.0,0.4015151515151515,2.76,0.0,0.0,0.0,8.68,1.0
641bb28bd1adb042a01a9d5f,306.311,4.53978687024344e-05,0.0020908302989444,0.5413097280345486,211.7541385193883,-0.0020454324302419,0.709446448942886,0.553030303030303,0.0075757575757575,0.2424242424242424,2.41,0.0,0.0,0.5,5.46,0.0
60fcf7102d7c9907d95a0920,371.53,0.4282543395996567,0.5579045699051578,0.5102555216246417,183.0047873921063,-0.129650230305501,1.0187240738170653e-12,0.1515151515151515,0.0075757575757575,0.3939393939393939,1.78,0.0,0.0,0.3333333333333333,7.77,0.0
63eeaedb26e599e86e8f7929,664.178,0.1079489978884673,0.2135504938036234,0.0524639502626201,163.80728236749044,-0.1056014959151561,5.982753693621673e-21,0.0,0.0,0.25,28.76,0.0,0.1666666666666666,0.0,25.14,0.0
62b33e2a447824fbd0770025,553.928,0.0383040640242363,0.1479463824737348,0.3590852879590996,188.09738870283823,-0.1096423184494985,1.5134440918737843e-10,0.0075757575757575,0.0,0.1363636363636363,7.47,0.0,0.0,0.0,26.41,0.0
63b6cc23f13731158517f900,551.233,0.114797002976205,0.1751947843628823,0.7369005784239978,184.1065000788864,-0.0603977813866773,3.0096455707042225e-12,0.0,0.0,0.2348484848484848,5.87,0.0,0.0,0.0,26.08,1.0
63ced96b01986b01ef133497,521.014,0.1078091716540348,4.53978687024344e-05,0.7069154003499366,170.92779587118685,0.1077637737853324,6.8496775538769196e-18,0.4242424242424242,0.0,0.6060606060606061,15.98,0.0,0.0,0.0,37.02,1.0
63f0fb9941434d10e8e4909b,1222.505,0.1275894499998267,0.0747028772880053,0.5544396647575072,197.57789150685852,0.0528865727118214,1.5684054957596105e-06,0.0,0.0075757575757575,0.3484848484848485,24.77,0.0,1.0,0.3333333333333333,78.76,0.0
5cd10012174fc60016c10ffd,506.296,4.53978687024344e-05,4.53978687024344e-05,0.5000087803721007,212.45751386251143,0.0,1.0,0.0,0.0,0.0303030303030303,7.37,0.0,0.0,0.0,33.69,0.0
641359eb0e2dc93999637e35,860.386,0.0747699040110662,4.53978687024344e-05,0.5372204116834123,194.55202667419147,0.0747245061423638,8.304250560115699e-08,0.0075757575757575,0.0075757575757575,0.2878787878787879,14.53,0.0,0.1666666666666666,0.1666666666666666,75.07,1.0
