PROLIFIC_PID,totalTime,subj2LR_pre,subj2LR_post,subj2p0_4prm,subj2D_4prm,subj2NLL_biasedOC,subj2LRTp_biasedOC,qa:dec_%rt<300,qa:dec_%rt>10000,qa:dec_%Conseqs,qa:dec_instruxDur,qa:frat_%rt<300,qa:frat_%rt>10000,qa:frat_%Conseqs,qa:frat_instruxDur,qa:blurEv
5f2f86864fd821374b4367bc,317.618,0.9999546021312976,4.53978687024344e-05,-0.9999092042625952,0.4949408985523309,160.45283738836767,2.0375747395924288e-24,0.7803030303030303,0.0075757575757575,0.8712121212121212,2.0,0.0,0.0,0.8333333333333334,0.6,0.0
61492ac26b91b5b11ba2c88b,504.727,0.1742166342599225,0.207169226008874,-0.3982220268325996,0.1660098803075579,192.6637768357876,3.1747325231024503e-10,0.0,0.0,0.1590909090909091,7.36,0.0,0.0,0.0,29.62,0.0
60234c1d5a0cf81cba76ce5d,1140.393,4.53978687024344e-05,0.6833536298333204,-0.1601659580507343,0.6466732958952318,207.873436208436,0.0024943456238954,0.0,0.053030303030303,0.1590909090909091,22.99,0.0,0.3333333333333333,0.0,56.12,0.0
6362aca86b740b1ec4cb6efb,635.299,0.1319684951904546,0.0061550573793099,-0.5236293770150875,0.9999546021312976,172.83715072739994,5.5640506578201e-19,0.3712121212121212,0.0075757575757575,0.2045454545454545,1.86,0.0,0.1666666666666666,0.0,65.18,4.0
60fcd2b146529d02f1566012,442.68,0.2156047377221944,0.0156687429605415,-0.4627977525540339,0.9999546021312976,181.4867404980305,3.580382417555538e-15,0.0,0.0,0.3863636363636363,7.45,0.0,0.0,0.3333333333333333,24.14,0.0
63ed12d2c25b08ba24fe8a41,496.667,0.4949976753347083,0.5533710080211736,0.0457097458591795,0.4794094313711189,171.6452343065107,1.6651804073812413e-19,0.0,0.0,0.2196969696969697,6.32,0.0,0.0,0.3333333333333333,16.07,1.0
5d412a9013864b0015b14b31,324.832,0.2551168234094105,4.53978687024344e-05,-0.5113754081590669,0.4713909128502965,207.9151888422913,0.0026108611625781,0.6590909090909091,0.0,0.3484848484848485,4.58,0.0,0.0,0.0,19.13,0.0
63d2bc12a843f8466a8f83e0,546.348,0.9999546021312976,0.9999546021312976,-0.3507257375553999,0.8428780730330905,143.2022026097004,5.702164717361281e-32,0.0075757575757575,0.0,0.4318181818181818,13.8,0.0,0.0,0.0,71.33,1.0
610b416fd4f5d1dcfaa28d7a,465.434,0.8878488395362251,0.8695516669672916,-0.6802208741522398,0.5663726549780914,175.13796992830547,5.718750973539978e-18,0.0,0.0,0.2424242424242424,10.85,0.0,0.0,0.1666666666666666,12.14,0.0
63d9f31dba727de153019798,336.128,4.53978687024344e-05,0.0076753761058365,0.9999092042625952,4.53978687024344e-05,126.63074608743096,3.259435840568272e-39,0.6666666666666666,0.0,0.553030303030303,5.47,0.0,0.0,0.8333333333333334,21.47,0.0
620bdd8ca922fc3f247f6c82,335.259,0.0141110863032488,0.0666321171150709,-0.3686175563685897,4.53978687024344e-05,205.22199553777548,0.0001441120160779,0.2575757575757575,0.0,0.2651515151515151,3.28,0.1666666666666666,0.0,0.1666666666666666,5.62,0.0
62ec219e5f3634408fb35580,462.284,0.076945261478066,0.0767874952710524,0.2939332437632072,0.9999546021312976,201.58647655070035,3.157060955689114e-06,0.1893939393939394,0.0,0.3863636363636363,10.25,0.0,0.0,0.0,29.29,0.0
594936ad4152bf0001bfd5cd,407.559,0.6063846138726815,0.6492567093938351,0.0238966529107302,0.8661567753747683,173.79280288500516,1.4642031857447896e-18,0.0,0.0,0.3181818181818182,6.83,0.0,0.0,0.0,10.92,0.0
63d842d3e9626bd5fe5c17b1,675.732,0.0943842985907234,4.53978687024344e-05,0.8957865098930606,0.9999546021312976,200.573966099586,1.1005636274483328e-06,0.803030303030303,0.0,0.7121212121212122,9.1,0.0,0.0,0.0,47.24,1.0
631bc422eec20143118ad66b,316.584,0.4394680747707096,0.0582075205735277,0.4698233915027423,4.53978687024344e-05,163.25022822123208,3.4339004213852734e-23,0.8560606060606061,0.0,0.5151515151515151,6.89,0.0,0.0,0.5,4.68,1.0
58016c9f551314000145af58,471.173,0.0306243675004623,0.0470231881821158,-0.0298860417065018,4.53978687024344e-05,207.4866685654676,0.0016364597294617,0.5909090909090909,0.0,0.5378787878787878,7.46,0.0,0.0,0.1666666666666666,21.06,2.0
63d1c10210ce566ce71616e8,419.72,0.0057253865831917,0.0951395734484774,0.0007752204032427,0.2514758007078,210.52651441854792,0.0500859214396217,0.4166666666666667,0.0,0.1439393939393939,5.71,0.0,0.0,0.1666666666666666,26.35,0.0
5e55e83cc65ccb5ed547cb04,622.936,0.0489859575996948,4.53978687024344e-05,-0.0521693876004036,0.1048063639063158,209.81130401595848,0.0217084692217712,0.0227272727272727,0.0,0.0227272727272727,45.04,0.0,0.0,0.1666666666666666,50.17,0.0
63e5b3e89a3823139cb9d35e,335.92,0.1818280582588601,0.1149683574384531,0.7367186003271098,0.1610678020553902,184.7898840676185,1.0284718423557705e-13,0.803030303030303,0.0,0.7424242424242424,7.36,0.0,0.0,0.1666666666666666,6.21,1.0
6400ea4cec0b310140841b2d,438.28,0.0138141964925957,0.6454434975996166,-0.3674292774664525,0.7121080346878654,198.9235275067466,1.988195906813796e-07,0.2272727272727272,0.0,0.2272727272727272,10.95,0.0,0.0,0.0,15.38,0.0
6352b3c968388ef86f3556db,360.793,0.335646518359413,4.53978687024344e-05,0.9999092042625952,0.1844761323778915,156.69488912300744,4.593808846994933e-26,0.1439393939393939,0.0,0.4318181818181818,2.11,0.0,0.0,0.0,8.86,0.0
63dc7b5bf451a34177b66c66,459.587,0.5517785730439646,0.1540499747158556,-0.5606757303154204,0.8754497887966566,180.29691317244323,1.06966060681024e-15,0.2045454545454545,0.0,0.3787878787878788,8.47,0.0,0.0,0.0,19.5,0.0
63d881ab484805569b553bd8,533.905,4.53978687024344e-05,0.1181860602447046,0.1801073606578689,0.3608194647791183,208.3906000104626,0.0044011798730981,0.1287878787878787,0.0,0.1136363636363636,4.48,0.0,0.0,0.0,28.24,0.0
63d43dc4b4b7a0e426a381cd,534.733,0.2105221235870298,0.120500346459996,-0.0435778762108721,4.53978687024344e-05,190.9712837084882,5.618442342767227e-11,0.0,0.0,0.3257575757575757,8.24,0.0,0.0,0.3333333333333333,19.36,0.0
5e7abb2c6c89e4000a180b4a,526.602,0.4347747313196271,4.53978687024344e-05,-0.5658202518717712,0.9999546021312976,137.0820307131368,1.2020918548014475e-34,0.0,0.0,0.4545454545454545,11.27,0.0,0.0,0.1666666666666666,30.92,0.0
63d42c21dc6f4d60e34cc337,503.41,4.53978687024344e-05,4.53978687024344e-05,0.4142962482465024,0.0683928138035558,192.05617825772464,1.7043300232709047e-10,0.1893939393939394,0.0,0.1666666666666666,11.15,0.0,0.0,0.1666666666666666,33.53,0.0
62f6bc18e456bdf4bc90dd7b,1462.01,0.0685446404425849,0.0765342448170307,-0.1282213137933022,0.2486303327954438,209.47533930289185,0.0147932085920954,0.4015151515151515,0.0227272727272727,0.5454545454545454,22.21,0.0,0.0,0.1666666666666666,297.74,1.0
632aaef27780d596dc7e0a9f,667.598,0.4373148648807903,0.5526608665040005,-0.2336527338052892,0.832979939800372,186.7818455809657,7.815622098498822e-13,0.0,0.0,0.2575757575757575,18.27,0.0,0.0,0.0,29.2,0.0
63d6873b65a6170d64a652f6,568.048,0.3074909163622667,4.53978687024344e-05,0.7963639142267862,0.0116974223245853,152.5662623084115,7.142947474489386e-28,0.0075757575757575,0.0151515151515151,0.4924242424242424,6.47,0.0,0.3333333333333333,0.0,37.95,0.0
633fa968afc8d3d2c0d8745c,449.022,0.0021597121062003,4.53978687024344e-05,0.0464489425142373,4.53978687024344e-05,212.0739556195204,0.3884789595733086,0.1439393939393939,0.0,0.2651515151515151,12.07,0.0,0.0,0.0,10.57,0.0
5c3161130cfe9a00012f71ff,282.039,0.0962735370983672,0.0206600554280856,0.3523251270627354,4.53978687024344e-05,182.5465959147932,1.0508784495446351e-14,0.7954545454545454,0.0,0.5909090909090909,2.79,0.0,0.0,0.1666666666666666,2.4,0.0
5f1f3581b5cf3e103cc545c9,689.277,0.320296455264247,0.0033065106780481,-0.195882521632157,0.7369749613972769,194.77734448634604,2.773247998254681e-09,0.0,0.0075757575757575,0.2424242424242424,10.55,0.0,0.0,0.1666666666666666,20.34,1.0
63d42387aba51e699ab9ce5c,283.1,0.0380218982037673,4.53978687024344e-05,0.2958831662914811,0.2023044682353415,201.33747714850904,2.4355196762125985e-06,0.6590909090909091,0.0075757575757575,0.0681818181818181,2.88,0.1666666666666666,0.0,0.0,4.94,0.0
5fa935b3d330fa0429da624a,389.613,0.5984985627326945,0.3455723804726473,0.9999092042625952,0.1776207442501022,179.84233746951514,6.743184133364594e-16,0.0075757575757575,0.0,0.2348484848484848,2.54,0.0,0.0,0.0,5.89,0.0
63d97863bc1e08294519edd8,384.577,0.2742942814761362,0.0012893132863812,-0.9999092042625952,4.53978687024344e-05,180.9070475736465,1.987299260799085e-15,0.2348484848484848,0.0,0.6666666666666666,4.38,0.0,0.0,0.0,17.37,0.0
60fefd59226b2b1d87bc36db,802.65,0.1770881870706091,4.53978687024344e-05,0.1756098245581356,4.53978687024344e-05,185.09983500290352,1.4098338915626833e-13,0.0151515151515151,0.0303030303030303,0.3106060606060606,20.0,0.0,0.1666666666666666,0.1666666666666666,223.45,0.0
5f5691fb24d1090e6bcdf1ec,443.622,0.2127490690758054,0.4549355830032422,-0.123974445915951,0.5233890634574432,198.98135106757636,2.1107819326661415e-07,0.1363636363636363,0.0,0.1590909090909091,9.91,0.0,0.0,0.1666666666666666,33.45,0.0
5d5606cd4171ec00182e2b15,326.668,0.3760918587843405,4.53978687024344e-05,0.0931891353821228,0.0293127368071802,183.8578345594944,3.9851681088806366e-14,0.7727272727272727,0.0075757575757575,0.7121212121212122,5.8,0.1666666666666666,0.0,0.3333333333333333,4.92,1.0
6162341a644c08d5cca4b7bb,481.351,0.1707328362244767,4.53978687024344e-05,-0.2223845192835466,0.0996649640978956,202.9571754630923,1.322858071835978e-05,0.0303030303030303,0.0,0.2575757575757575,4.06,0.0,0.0,0.1666666666666666,31.98,0.0
6400de8f305c51d03c2a9a0e,380.175,4.53978687024344e-05,0.4559342705975229,-0.135834027037799,0.9971893484096264,195.32906678320663,4.8880846574149175e-09,0.2424242424242424,0.0,0.1818181818181818,1.94,0.0,0.0,0.0,8.9,0.0
5b184f9768a5ed0001734190,720.175,0.0814826861733932,4.53978687024344e-05,-0.1417744243525449,0.5873851390707102,209.76256969498945,0.0205274857826532,0.0151515151515151,0.0,0.2196969696969697,214.37,0.0,0.0,0.5,41.08,0.0
56b8de29e1d0a200051517f8,412.837,0.1543557367422471,0.1611503479645124,-0.0526315943135674,0.8085791871492146,204.04935921289484,4.168920124331672e-05,0.0,0.0,0.6893939393939394,9.92,0.0,0.0,0.1666666666666666,15.4,0.0
63fba157c9ebcb0ba6397872,377.702,0.8285257948909001,0.8021282722751724,0.0487347894982317,0.2065159824869781,194.74480690107472,2.682120098898337e-09,0.303030303030303,0.0,0.3333333333333333,2.81,0.0,0.0,0.3333333333333333,10.03,0.0
63e802622f8052bd67d6c5f0,381.973,0.2168045386530945,4.53978687024344e-05,0.6920915136061727,0.4014862097597293,193.58869688972385,8.190552217775101e-10,0.0151515151515151,0.0,0.2954545454545454,5.63,0.0,0.0,0.0,11.98,0.0
63d413840c9c512ac3dfc533,343.548,0.1298785903280579,0.2253052895437524,0.9999092042625952,4.53978687024344e-05,139.5476986915293,1.438442563504849e-33,0.1212121212121212,0.0,0.6363636363636364,1.12,0.0,0.0,0.0,8.36,0.0
63ed15bed4665c62d9e6dbb2,1424.679,0.301991132141251,0.0899419348033358,0.4094770105847518,0.7078116251476303,209.07888052127737,0.0094600313749823,0.8484848484848485,0.0,0.5075757575757576,922.96,0.0,0.0,0.0,159.6,0.0
63e1f5009f56fcb831963f19,690.201,0.0367348188127703,4.53978687024344e-05,0.1116534933468784,0.3632898678764634,210.35600490325044,0.0409133782189139,0.3106060606060606,0.0227272727272727,0.2272727272727272,33.06,0.0,0.0,0.1666666666666666,74.28,0.0
5c4e31b37065de00011f795d,1070.254,4.53978687024344e-05,4.53978687024344e-05,-0.9999092042625952,0.9999546021312976,103.66349952232989,3.073388422664719e-49,0.0,0.0606060606060606,0.7424242424242424,65.57,0.0,0.1666666666666666,0.6666666666666666,53.38,0.0
572041d6fd3a5200093c1295,311.041,0.1303485917996051,0.4862273478117204,0.5759875290203147,0.5136447030401711,206.16884625935344,0.0003953768057379,0.6818181818181818,0.0,0.6515151515151515,2.0,0.0,0.0,0.1666666666666666,11.1,0.0
63d41088860131e49a85cfac,440.54,0.0372117117565567,0.0854499293275192,0.2315989469526711,4.53978687024344e-05,196.39030654419187,1.4561084417071449e-08,0.0833333333333333,0.0,0.1590909090909091,17.55,0.0,0.0,0.0,18.78,0.0
6400e1e1c539ed3882af8d8f,886.013,0.2699221588881587,0.0528539123385021,-0.9999092042625952,0.9019248176820298,168.95085790988844,1.0907717231647352e-20,0.0,0.0,0.3257575757575757,23.12,0.0,0.0,0.0,112.34,1.0
63f2e107c4d0bc684b99d2c6,405.341,0.1007261203436385,0.1125938896684699,0.2355402173372367,0.6765781113389486,208.30170280223209,0.0039903450961217,0.2954545454545454,0.0,0.6287878787878788,3.21,0.0,0.0,0.8333333333333334,17.66,0.0
5f43ef4041bb5f11a27aa07e,541.79,0.0589664339372854,0.0174916678137244,0.4146499610274714,0.8544559631919948,206.68508961560156,0.000687984587888,0.0151515151515151,0.0,0.2196969696969697,17.05,0.0,0.1666666666666666,0.1666666666666666,40.69,0.0
5dbf692c2a1dd63f64ef5ae4,506.952,0.2718260435224776,4.53978687024344e-05,-0.9999092042625952,0.9999546021312976,112.87727566753033,3.222161045035377e-45,0.3106060606060606,0.0,0.6363636363636364,8.44,0.0,0.0,0.5,40.78,0.0
5fd8025bcfda8b1165a0b16e,531.762,0.5769425130765635,0.7616920392298548,0.1394353478119741,0.6365433115406832,188.54085003276973,4.69612555871905e-12,0.0151515151515151,0.0,0.1666666666666666,11.18,0.0,0.0,0.1666666666666666,22.04,0.0
60fd933d5461857048f9e74c,439.649,0.0662423448444158,4.53978687024344e-05,0.4048579001841601,0.0195212689051365,187.49319168768744,1.6135436832020769e-12,0.25,0.0,0.3106060606060606,7.17,0.0,0.0,0.0,21.11,0.0
60f75a701ac4cfc5c17cceb7,528.771,0.1234297017777134,0.2009050714630123,-0.266869549875027,0.4454042850727597,204.5487547146869,7.062241005556904e-05,0.0,0.0,0.3712121212121212,7.42,0.0,0.0,0.1666666666666666,17.54,0.0
5e87900b524dca41065df104,336.545,4.53978687024344e-05,0.0480287775032388,0.2471505721959483,0.4927750647619479,205.51237360391556,0.0001962281141577,0.5909090909090909,0.0151515151515151,0.0757575757575757,3.13,0.6666666666666666,0.0,0.6666666666666666,12.15,0.0
5edc0583f16dff0c806bdbb6,420.414,0.1706386235344316,0.0084664040715118,0.7894148090426376,4.53978687024344e-05,152.02779150671918,4.150588023113699e-28,0.3712121212121212,0.0075757575757575,0.5833333333333334,1.59,0.0,0.0,0.3333333333333333,3.62,0.0
608d0831835bd8f85ac9237e,583.844,0.0031759154817071,0.0433222832573473,0.3016675812629255,0.3183513974877037,202.1372198443084,5.609082500339284e-06,0.0984848484848484,0.0,0.0909090909090909,18.75,0.0,0.0,0.0,45.17,0.0
6108027a71236aa28a407666,439.409,0.2860583500688307,0.0664600963857848,-0.3393420154643015,0.3023287930317295,201.159705951352,2.0239248500235267e-06,0.0,0.0,0.3181818181818182,2.01,0.0,0.0,0.5,9.82,0.0
6005fd9c8bbd67931607e518,422.877,4.53978687024344e-05,4.53978687024344e-05,0.8339765737654043,4.53978687024344e-05,149.04182288845786,2.04648087381591e-29,0.2878787878787879,0.0,0.7727272727272727,5.68,0.0,0.0,0.1666666666666666,13.49,0.0
5ee71ce25f11c84a3e909b09,579.666,0.0831960947116229,0.1325623361843162,-0.257316826455037,0.4745021705945626,208.5407560120949,0.0051955119522821,0.1818181818181818,0.0075757575757575,0.4545454545454545,3.62,0.0,0.0,0.0,18.43,0.0
5ec0d47ecf12be4ea2754516,433.187,0.1361748732830648,0.086762728802939,0.3950449551533437,0.201007838712112,195.20085530116668,4.284692384329047e-09,0.5984848484848485,0.0,0.4166666666666667,3.24,0.0,0.0,0.3333333333333333,6.51,0.0
63e5be4daa8fac2e51d4fe91,336.715,0.2620265871376026,4.53978687024344e-05,-0.9445970200260256,0.1611004459200571,184.12812460897928,5.2459978064206597e-14,0.1818181818181818,0.0,0.3636363636363636,4.02,0.0,0.0,0.0,10.02,0.0
60ff4339f5ffb265d16b144f,460.942,0.0702797734816577,4.53978687024344e-05,-0.0884952388546915,0.5208850268281847,210.9318392807846,0.0818423526110048,0.3484848484848485,0.0,0.0681818181818181,15.28,0.0,0.1666666666666666,0.0,35.83,1.0
63ea4e8c0e9a66f5843ed4ac,277.195,0.5195712129383557,4.53978687024344e-05,0.2740936183012956,4.53978687024344e-05,189.13903469816103,8.646079627482031e-12,0.6212121212121212,0.0,0.7727272727272727,2.14,0.1666666666666666,0.0,0.8333333333333334,5.87,1.0
6361769fee0c219b0f1cc480,396.633,4.53978687024344e-05,0.0210035374405153,-0.8559014155149087,7.589496315598391e-05,155.32964921285566,1.1590242003202107e-26,0.1515151515151515,0.0,0.4318181818181818,5.05,0.0,0.0,0.8333333333333334,18.58,0.0
63d13b44f511eff0aef876f2,349.689,0.768612620208369,0.9050509912640798,0.0585825204823415,0.8858165826127109,165.6589928969849,3.913685922995122e-22,0.1515151515151515,0.0,0.4848484848484848,7.25,0.0,0.0,0.0,20.17,0.0
61021c2ad3b0633be797eddf,587.894,0.1785837360210756,4.53978687024344e-05,-0.1469073171986725,0.4720165712598217,207.1766790265532,0.0011692903077222,0.0,0.0075757575757575,0.0151515151515151,15.36,0.0,0.0,0.0,78.61,0.0
5fe354a2e44df4fb4634bbc3,397.853,0.1531264274019467,0.0286553372204743,0.3681634045458501,0.3431353870059396,199.26336667817867,2.826337311885832e-07,0.1136363636363636,0.0,0.3484848484848485,12.01,0.0,0.0,0.0,29.4,0.0
5d5a48a67ca41f0001e97f8b,407.271,4.53978687024344e-05,0.0110625510052533,-0.2783963578009032,4.53978687024344e-05,204.1849688836373,4.809719935192302e-05,0.2575757575757575,0.0,0.1666666666666666,16.33,0.0,0.0,0.1666666666666666,10.74,0.0
5d9303bbc400a90018821b13,351.945,0.2123584425441829,0.1329083652766722,-0.9999092042625952,0.5507207691334701,180.1781369921373,9.481662722355344e-16,0.3863636363636363,0.0,0.4090909090909091,9.2,0.0,0.0,0.0,16.86,1.0
63f77d4f671167ec16eee15c,414.47,0.0531448484698352,0.1242613415625916,0.0499352625240421,0.3557112991881704,209.3644403568596,0.0130469826764537,0.1212121212121212,0.0,0.1969696969696969,4.34,0.0,0.0,0.0,20.32,0.0
63e576170eb086a90644efb4,371.285,0.7452535685517866,0.8337763858371492,0.9999092042625952,0.4278573636838751,176.69346931838757,2.7660265787326578e-17,0.0833333333333333,0.0,0.4924242424242424,2.48,0.0,0.0,0.3333333333333333,15.7,1.0
60d2d061fd054556769ca306,373.885,0.3992058666612482,0.3172231853428718,0.7226999565308418,0.3139380247062326,196.2002143802587,1.1973469758000553e-08,0.1742424242424242,0.0,0.4318181818181818,6.09,0.0,0.0,0.1666666666666666,3.03,0.0
5fb7c9fa2be0a83d8f8913b8,368.783,0.0162177363911597,4.53978687024344e-05,-0.5785721701439724,4.53978687024344e-05,188.91981399586004,6.912875672774023e-12,0.0075757575757575,0.0,0.3939393939393939,2.27,0.0,0.0,0.1666666666666666,13.56,0.0
63bda65b774a91e291c5b1a8,603.434,0.0407470540272382,4.53978687024344e-05,0.2576807398079008,0.0292245647174682,200.7423284659688,1.311038840123478e-06,0.0984848484848484,0.0,0.3409090909090909,10.94,0.0,0.0,0.0,40.09,0.0
63e857fe022e159687d56f41,387.508,4.53978687024344e-05,4.53978687024344e-05,0.9999092042625952,4.53978687024344e-05,73.66910092488396,2.5630634164458462e-62,0.7954545454545454,0.0,0.9621212121212122,9.46,0.0,0.0,0.0,4.25,0.0
5bb94dea3ea7ed00017cb109,458.949,0.2472482273570721,4.53978687024344e-05,-0.2687217564310852,0.6408747835450637,184.91930274398493,1.1732290707022994e-13,0.0,0.0,0.0833333333333333,5.46,0.0,0.0,0.1666666666666666,24.73,0.0
63d73bfc8765da5b8a06f465,889.495,0.1053809749648726,4.53978687024344e-05,0.1448105604882701,0.4216076696040055,204.86040927925924,9.82109351736854e-05,0.0,0.0075757575757575,0.0833333333333333,31.51,0.0,0.1666666666666666,0.1666666666666666,75.31,0.0
628419137c4c3ded72e4874d,493.129,0.1573318092372275,0.0802412035866517,0.206484265324645,0.7607877353050723,208.6393597233364,0.0057952547602636,0.0,0.0,0.2575757575757575,7.07,0.0,0.0,0.3333333333333333,11.61,0.0
63e711bb284d2bc894a057a6,737.706,0.8087727512405091,0.5292478434835692,0.6905602974423914,0.6351040340938078,185.98651666432676,3.476659947465621e-13,0.0,0.0,0.1363636363636363,12.1,0.0,0.0,0.1666666666666666,37.88,0.0
60ed200c728ab881912aac11,501.282,0.5400204907213483,0.0493678710109153,-0.3666432283945653,0.3887847848635057,196.3803624416385,1.44127848223145e-08,0.053030303030303,0.0,0.5227272727272727,31.63,0.0,0.0,0.0,22.43,0.0
63d7ddc0c07dd5787084df8e,418.351,0.1073511960004304,0.0589701610516425,-0.2162901514930384,0.652938010219385,204.6520944263104,7.877696651778657e-05,0.106060606060606,0.0,0.4393939393939394,3.12,0.0,0.0,0.1666666666666666,11.49,0.0
60fd9e6a8312b735fef884d4,729.271,0.0341742332755306,0.1079939584023686,0.2829030981296223,0.2013941471591362,200.9300269426836,1.5936410922851416e-06,0.0,0.0,0.0681818181818181,16.35,0.0,0.0,0.0,51.99,0.0
5e03f8517f08edece67a3137,720.008,0.1190585231463249,0.074785122360071,0.352819114333575,4.53978687024344e-05,187.811760127466,2.232650676009196e-12,0.0303030303030303,0.0227272727272727,0.3333333333333333,38.71,0.0,0.0,0.0,32.73,0.0
61282ca83be28773ac7c421f,961.663,0.6727807077886464,0.8570491143859217,-0.4549212068888733,0.3861257363913283,189.28700575058923,1.0055676571354392e-11,0.0,0.0075757575757575,0.4015151515151515,98.18,0.0,0.1666666666666666,0.1666666666666666,58.62,0.0
6310ceffa120ca2c1fbe1d92,625.906,0.0734510698537929,4.53978687024344e-05,0.5339590668890588,0.0823239063441956,188.0879296261792,2.958808036609966e-12,0.0,0.0,0.1893939393939394,14.62,0.0,0.0,0.5,29.84,0.0
62d78737dcea82e9f96b957c,519.214,4.53978687024344e-05,4.53978687024344e-05,0.4331410885627302,4.53978687024344e-05,190.36191105916657,3.0140062607516386e-11,0.5075757575757576,0.0,0.3181818181818182,9.77,0.0,0.0,0.0,35.27,0.0
63d865b3e3e28b34ec2ed45c,330.253,0.0186557378567166,4.53978687024344e-05,0.7731067320866278,0.9999546021312976,174.4346002463818,2.8046391877158094e-18,0.5984848484848485,0.0,0.5681818181818182,5.4,0.6666666666666666,0.0,0.8333333333333334,14.03,0.0
60fcd5602ff7c8f0866ecd0c,372.939,0.0192480686196009,4.53978687024344e-05,-0.9999092042625952,0.9999546021312976,117.29235306978072,2.724840474097785e-43,0.2727272727272727,0.0,0.4090909090909091,5.38,0.0,0.0,0.1666666666666666,15.42,0.0
631699e51577c995252cf3fc,253.921,0.0227485645012352,4.53978687024344e-05,0.7651379552029138,4.53978687024344e-05,159.14477006206278,5.441636781676611e-25,0.3787878787878788,0.0,0.2575757575757575,0.91,0.3333333333333333,0.0,0.0,1.63,0.0
62d06d1b651d6922f62fab9b,398.975,4.53978687024344e-05,0.0820012931633371,0.0367260797125681,4.53978687024344e-05,208.94871671896937,0.0081775369773368,0.5984848484848485,0.0,0.3636363636363636,2.77,0.0,0.0,0.1666666666666666,29.35,0.0
627ea14463f25dce42e73d51,453.763,0.1994275989167935,0.0203582286278226,0.3507890319936626,0.3254321419307126,199.86405844419863,5.266987496572412e-07,0.4015151515151515,0.0,0.2424242424242424,3.45,0.0,0.1666666666666666,0.1666666666666666,13.11,2.0
5fcecd70db3ccb1a7f9331c9,476.486,0.2305184959240456,0.0517824689855468,-0.017416167656568,0.2082435552828051,196.4257109427876,1.5101599647519643e-08,0.0075757575757575,0.0,0.4924242424242424,11.5,0.0,0.0,0.3333333333333333,44.44,0.0
6338c2127eed17193a7a4d32,424.33,0.0151404779444502,4.53978687024344e-05,0.0591171657320475,4.53978687024344e-05,210.91886829963863,0.0805448912473467,0.5757575757575758,0.0,0.1818181818181818,18.34,0.0,0.0,0.0,24.42,0.0
60aeef267e494909058ef34e,418.209,0.1152331302345613,0.0676551600628289,-0.0246423146448385,0.4622528305179981,211.2999291127415,0.1300631476749,0.5454545454545454,0.0,0.1363636363636363,8.8,0.0,0.0,0.0,16.39,1.0
63ed1fa5c88ecae92bf0c920,510.975,0.8037689257383958,0.7463992711116691,-0.9999092042625952,0.4063033176733661,169.44839526998027,1.804077416213404e-20,0.0,0.0,0.4621212121212121,5.83,0.0,0.0,0.0,23.41,2.0
63d7457dae12d98a8ebd18f6,464.53,0.0188057703842568,4.53978687024344e-05,0.2801956232185303,0.9999546021312976,208.32989184833644,0.0041162113294896,0.0227272727272727,0.0,0.4015151515151515,8.2,0.0,0.0,0.1666666666666666,25.02,0.0
602b3ed14ae791260d6d12c5,330.088,4.53978687024344e-05,4.53978687024344e-05,-0.9999092042625952,0.9999546021312976,123.65809093843342,1.6399190624387903e-40,0.1969696969696969,0.0,0.5757575757575758,1.64,0.0,0.0,0.1666666666666666,11.96,0.0
63d71e67dd0fcccd3cc745b0,478.435,0.0283197264438382,0.0045808952153688,0.6819848829957571,4.53978687024344e-05,169.98101545878188,3.0918321663333345e-20,0.2878787878787879,0.0,0.4393939393939394,12.26,0.0,0.1666666666666666,0.3333333333333333,19.43,6.0
63e573b546bc72bbe9bffc5f,549.771,0.2247795555704982,0.2556404721157395,-0.1508526719750292,0.2386618778054983,197.326270768278,3.819380699404325e-08,0.0,0.0,0.1515151515151515,14.08,0.0,0.0,0.0,25.47,1.0
60f08e2a0d6d27ff93244345,377.922,0.0253953342597963,0.0687796011622855,0.1341286016444185,0.2151003056234779,206.749051763426,0.0007370132418168,0.4015151515151515,0.0,0.2121212121212121,11.96,0.0,0.0,0.1666666666666666,21.08,0.0
5d42abf3c9acd700010c41df,365.708,0.3232934499057439,0.1133516182640613,0.5936551990676995,0.4824018201704487,203.63457428931315,2.6938795347283657e-05,0.3106060606060606,0.0,0.1893939393939394,8.22,0.5,0.0,0.1666666666666666,11.62,0.0
5d5af711bb10640001afd133,465.404,0.0653406270710003,0.1057482626161942,0.9999092042625952,0.8781570208159171,171.28515957166098,1.156694847463415e-19,0.0984848484848484,0.0,0.4318181818181818,7.29,0.0,0.0,0.1666666666666666,11.6,0.0
6150e9017c1b2aa8bf683c32,666.802,0.0345683275661749,4.53978687024344e-05,0.20257782641164,0.999846855161874,211.09790198230223,0.1006126671889765,0.0075757575757575,0.0,0.0378787878787878,21.4,0.0,0.1666666666666666,0.0,38.97,0.0
60beba435afc451476fa7781,363.729,0.2159398833467898,0.0028246499594841,0.4711191308622429,0.3716267647014971,200.9775353032206,1.6743867492822474e-06,0.1439393939393939,0.0,0.2878787878787879,7.75,0.0,0.0,0.0,11.17,0.0
63d1b93d9abc8c4b40e2d92f,458.719,0.193599030499374,4.53978687024344e-05,-0.0811049067042958,0.3692247519323269,204.28725701073245,5.357842445555243e-05,0.1136363636363636,0.0075757575757575,0.1590909090909091,4.16,0.0,0.0,0.1666666666666666,13.54,9.0
63652b3ed1f35f8e04325845,515.411,4.53978687024344e-05,0.0348297861333302,-0.2766552511326972,0.5582265434554682,204.22739048706973,5.029846136017106e-05,0.2878787878787879,0.0075757575757575,0.0984848484848484,19.81,0.0,0.0,0.0,57.27,0.0
63dab0380b8791f9560fd329,419.069,0.1972297651579723,0.0394108533939847,-0.0201573958305223,0.5451978978850017,195.02675778225708,3.582940445706247e-09,0.0681818181818181,0.0,0.2727272727272727,3.8,0.0,0.0,0.3333333333333333,8.37,3.0
63d80b500adef5b476e289a4,349.97,4.53978687024344e-05,4.53978687024344e-05,0.9999092042625952,4.53978687024344e-05,59.67984582474035,2.053945562617908e-68,0.3333333333333333,0.0,0.9924242424242424,2.15,0.0,0.0,0.6666666666666666,15.12,0.0
5f48dab70aa4ce3aa1914003,455.614,0.2493537250352212,0.1392927089953315,0.0627952536965152,0.4250449208213094,188.2122649213279,3.3588031996596358e-12,0.0075757575757575,0.0,0.2878787878787879,28.78,0.0,0.0,0.1666666666666666,20.28,0.0
6400d9993ddcc2436a9f2e1a,338.756,0.5212018187818688,0.9999546021312976,-0.1862258521233779,0.7451576371399978,203.5838508091105,2.553965628151638e-05,0.5075757575757576,0.0,0.2803030303030303,7.85,0.0,0.0,0.0,5.78,1.0
63cff34d33a9948e3b0b28d6,394.457,0.1308544663815317,4.53978687024344e-05,0.6080617638219699,0.0200027907131447,173.0594969855194,6.968640830348014e-19,0.0,0.0,0.4924242424242424,6.77,0.0,0.0,0.0,12.01,0.0
63e55887d67a5c7e32a678fa,361.036,0.1599073350624561,0.0310175451681019,0.6072897811547024,4.53978687024344e-05,181.2158499830174,2.7192419392721867e-15,0.2727272727272727,0.0,0.1666666666666666,4.72,0.0,0.0,0.5,16.88,1.0
63d81e2fb6c8f0da25fea602,503.534,0.0437533958324808,4.53978687024344e-05,0.5294156606716229,0.0002796095120587,182.17764908511484,7.223367918809119e-15,0.2727272727272727,0.0,0.2424242424242424,12.85,0.0,0.0,0.0,42.29,0.0
6400da061dc90debed65731b,487.098,0.2953555755875057,0.0564393204840751,-0.3964686107934515,0.3834789815204211,204.5176379613304,6.833745626638387e-05,0.4545454545454545,0.0,0.25,21.99,0.0,0.0,0.0,39.5,0.0
610189e61b2d3520eea21de6,401.78,0.372151191178049,0.0753796028089178,0.9999092042625952,4.53978687024344e-05,150.62282207756908,1.0069917807048975e-28,0.0303030303030303,0.0,0.4924242424242424,12.03,0.0,0.0,0.1666666666666666,13.25,0.0
5fa5a899f2b7600f72104ad1,318.016,0.0587751420018914,0.5316019734491682,0.9801599159320502,4.53978687024344e-05,160.8948358958161,3.1833966412203173e-24,0.3787878787878788,0.0,0.4318181818181818,2.54,0.0,0.0,0.1666666666666666,6.46,0.0
5e223f4219295951f846dd16,465.802,0.0230911266928614,4.53978687024344e-05,0.4378917526956787,0.313266866216085,192.7071823119593,3.3190464953646385e-10,0.1818181818181818,0.0075757575757575,0.3636363636363636,2.29,0.0,0.0,0.3333333333333333,13.86,0.0
5df1133b99b28201e0a1181c,335.147,0.0864664974150617,0.1070725683989784,0.164405848532364,0.1800083746292602,201.7073232197449,3.581050978803981e-06,0.3409090909090909,0.0,0.0984848484848484,3.82,0.0,0.0,0.0,9.52,0.0
60fd738c235e974993ad455c,500.611,0.3960689674739174,0.0066964064706056,0.4516444544421958,0.7470454701191028,186.4573482909683,5.615706713254352e-13,0.053030303030303,0.0,0.303030303030303,10.52,0.0,0.1666666666666666,0.1666666666666666,27.41,0.0
63b6ef9027eb90f292852ee4,510.67,0.4593279923743211,0.6286543313349106,0.0409757744916003,0.5390628679979217,167.6065661446015,2.8018669353410678e-21,0.0,0.0,0.303030303030303,5.51,0.0,0.0,0.0,66.93,1.0
5e2cd786dc63ca2ff798a0ca,499.076,0.0507982167473118,0.00481402709037,-0.2619283527129039,4.53978687024344e-05,211.18282982557776,0.111987372750381,0.1439393939393939,0.0227272727272727,0.4848484848484848,1.8,0.0,0.0,0.1666666666666666,3.63,0.0
5bbc4bd1f83ac60001fe665e,455.817,0.2839147977421576,0.0912828671591878,0.056821232124655,0.4242476446066299,191.75121122505152,1.2474554180261768e-10,0.0,0.0,0.25,5.68,0.0,0.0,0.0,16.1,0.0
64013f9fa92a5dd2d30c5575,597.098,4.53978687024344e-05,0.0480797309362768,-0.0148794714746914,0.9999546021312976,211.61771861034384,0.1981210121004444,0.0378787878787878,0.0,0.3181818181818182,16.65,0.0,0.0,0.8333333333333334,36.78,0.0
63ea6fc5092518554c9b8111,401.278,0.0560521826827836,0.0437727993646809,-0.3175560884899785,0.9999546021312976,192.3715243434474,2.353648986992441e-10,0.0303030303030303,0.0,0.4318181818181818,5.6,0.0,0.0,0.1666666666666666,30.6,0.0
63bb98852cdc67dece8adb8e,461.593,0.3444187156328592,0.0281782347941121,-0.4140662576069284,0.6026348360565157,188.85523988256656,6.472056390157478e-12,0.0227272727272727,0.0,0.1515151515151515,4.28,0.0,0.0,0.0,26.28,0.0
5c59d8105bbd810001fb26de,812.213,0.053516112126519,0.0310707002697432,0.3971351946318489,4.53978687024344e-05,187.90803194291053,2.4629175539848598e-12,0.5984848484848485,0.0227272727272727,0.2272727272727272,15.99,0.0,0.1666666666666666,0.1666666666666666,32.28,0.0
55d86f3569dbc30012b6869f,402.148,0.2506862774471284,0.0858748221836276,-0.1939695488231791,0.4452257715354647,205.89494043593405,0.0002950235140571,0.0909090909090909,0.0,0.3409090909090909,2.0,0.0,0.0,0.1666666666666666,16.39,0.0
63d1401242635aaffe867c4c,582.214,0.5384087465785746,0.2876913712202681,0.9999092042625952,0.4027651083066973,169.83619991268887,2.6705486250694562e-20,0.0,0.0,0.3560606060606061,16.17,0.0,0.0,0.0,27.76,0.0
63bd81516745e78ee7f50f7f,480.843,4.53978687024344e-05,4.53978687024344e-05,0.5230530660006041,4.53978687024344e-05,181.76828439259288,4.765697448458283e-15,0.0909090909090909,0.0,0.5,3.91,0.0,0.0,0.3333333333333333,30.53,1.0
6362406ab7caf5fc96bb61c8,662.277,4.53978687024344e-05,0.0120438980562975,-0.3596050962622149,0.9999546021312976,196.32073063489705,1.3554678901363261e-08,0.0909090909090909,0.0,0.25,8.49,0.0,0.0,0.1666666666666666,33.42,1.0
5c9432caec114b0001419276,598.505,4.53978687024344e-05,0.0184853210617067,-0.1413775912052018,4.53978687024344e-05,210.6600987291185,0.0587823283087569,0.0833333333333333,0.0,0.0833333333333333,9.29,0.0,0.0,0.1666666666666666,85.89,0.0
60bafed1d4e636dce6350863,394.952,0.3863446669672959,0.2909775708760522,-0.3626005695339485,0.7467864733662364,187.00410188589152,9.80188059472834e-13,0.2575757575757575,0.0,0.3787878787878788,4.47,0.0,0.0,0.1666666666666666,20.72,1.0
63b82398bbe6a599972413ad,540.142,0.4918029880222423,0.6885583454327197,0.1106820455820671,0.9999546021312976,162.87980652463176,2.3622079568619986e-23,0.0,0.0,0.4090909090909091,3.34,0.0,0.0,0.5,18.09,0.0
608590825d295c858cbe7fa9,399.734,0.0134193587588042,4.53978687024344e-05,0.1192615190487356,0.4399673140375439,210.4470670666269,0.0455684880846313,0.1363636363636363,0.0,0.3560606060606061,4.83,0.0,0.0,0.0,31.57,1.0
6400d916e410c86255a45836,404.563,0.5193408065207564,0.103294735394704,-0.4522516480532569,4.53978687024344e-05,178.57571583035806,1.8652374034108836e-16,0.1818181818181818,0.0,0.4848484848484848,4.86,0.0,0.0,0.0,17.55,1.0
63f794e7d8d24753edbbb136,707.574,0.7266715981256094,0.5462566907613894,0.9999092042625952,0.1749102349283431,152.58512183883082,7.2800665937449965e-28,0.0,0.0,0.5151515151515151,28.07,0.0,0.0,0.3333333333333333,50.44,0.0
5b9b422307c6960001614c35,590.323,0.2396052494022237,0.1382001322355783,0.680903208693127,4.53978687024344e-05,163.49303738408577,4.388255692250345e-23,0.0454545454545454,0.0,0.4318181818181818,31.98,0.0,0.0,0.1666666666666666,41.86,0.0
5adfcb03f6b58c0001fa9083,641.596,0.2188742887916368,4.53978687024344e-05,-0.1548829189864814,0.7521945999750932,199.2500932127036,2.787757207691101e-07,0.053030303030303,0.0,0.4015151515151515,204.61,0.0,0.0,0.3333333333333333,15.95,0.0
5ba863a346de410001ecfb2a,588.623,0.5265435795968562,0.5309597090069904,0.3808118001135263,0.4310406026926799,198.92970087514811,2.000935716384398e-07,0.0454545454545454,0.0151515151515151,0.25,5.57,0.0,0.0,0.0,20.4,0.0
63d80cb1ba40ad04c1edd4db,463.444,0.4589231312302494,0.0499861925092319,0.9999092042625952,0.8462466322481821,187.05345077051507,1.0307368555949169e-12,0.0,0.0,0.4318181818181818,8.06,0.0,0.0,0.0,16.66,0.0
560ce65601c38a0012769e20,724.853,0.0455564125705351,0.0298378030726975,0.2082788768933892,0.8933642337952211,209.22809830919616,0.0111867190941593,0.0,0.0,0.1742424242424242,18.12,0.0,0.0,0.0,32.7,0.0
63ed0065eb23ac3ee1726453,311.008,0.0263042863910721,0.0183281341094813,-0.0679680816511671,4.53978687024344e-05,210.92724447482908,0.0813801830627914,0.5454545454545454,0.0,0.0909090909090909,2.63,0.1666666666666666,0.0,0.0,13.92,0.0
5f514708067fba172909261a,585.209,0.0793222156018169,0.0361327866613551,0.0838298010768705,0.1120513513298082,205.45115184353827,0.0001838534359376,0.1212121212121212,0.0227272727272727,0.1818181818181818,4.21,0.0,0.0,0.0,17.56,0.0
60599946259dc97d30e2001f,422.716,0.0898053551919104,0.5423933985645922,0.114471946233823,0.6028735071678849,207.82638090049093,0.0023693408563869,0.0378787878787878,0.0,0.1363636363636363,9.39,0.0,0.0,0.1666666666666666,12.8,0.0
610063614e6ba35532307dda,462.776,0.5466868034667668,0.7661070435709252,-0.273623948638328,0.8943685146338539,168.99426783099508,1.1397213088685867e-20,0.0,0.0,0.2272727272727272,7.78,0.0,0.0,0.0,11.06,0.0
63f7becf2322a5ba95aad1dc,448.721,4.53978687024344e-05,0.0929622530388894,0.3914579770492679,4.53978687024344e-05,191.38008883103532,8.534044496268823e-11,0.5303030303030303,0.0,0.4015151515151515,14.41,0.0,0.0,0.1666666666666666,46.91,0.0
5e6fdd81478ec45b2420b83d,280.962,4.53978687024344e-05,0.0353103213422415,0.0058436326227762,0.9999546021312976,211.52580942213285,0.1749521148203374,0.5909090909090909,0.0,0.1818181818181818,3.96,0.3333333333333333,0.0,0.1666666666666666,5.13,0.0
5d7850851841fc0001e9c64d,348.343,0.1722727485722767,4.53978687024344e-05,-0.005589953555974,0.4899744644059346,196.5107785686237,1.6483916702420382e-08,0.0303030303030303,0.0,0.1136363636363636,2.93,0.0,0.0,0.0,9.32,0.0
5a2846ceb4a5de00011af418,450.729,0.2593827068886749,0.3310197467462768,-0.0115593538608546,0.5438114862468759,198.41901635800983,1.180028485769079e-07,0.0075757575757575,0.0,0.1818181818181818,14.19,0.0,0.0,0.0,27.66,0.0
611f9bb3dcada21890ed9af0,703.775,0.5680074126317965,0.124525894791801,-0.4220989301172544,0.6622579316685603,183.0135652195752,1.6891425697845372e-14,0.0,0.0075757575757575,0.2954545454545454,26.36,0.0,0.0,0.0,54.56,0.0
64057cd2806cfdca58f0de34,409.082,0.2439722992585669,4.53978687024344e-05,-0.107483323639728,0.4531167477923712,187.88809560877132,2.4133584113798e-12,0.0,0.0,0.0681818181818181,4.1,0.0,0.0,0.0,17.42,0.0
63d80145d2f0da3ee6a8d523,312.621,4.53978687024344e-05,4.53978687024344e-05,0.9999092042625952,4.53978687024344e-05,90.66575211688186,6.583655343691801e-55,0.8257575757575758,0.0,0.8333333333333334,7.19,0.0,0.0,0.0,5.8,0.0
636570d91a49a6d6cbcbc854,755.416,0.0145330558508099,0.1337130227568713,0.0674518417084968,0.1193470897864642,205.1042414325065,0.0001271797967716,0.0227272727272727,0.0,0.0833333333333333,44.74,0.0,0.0,0.0,84.76,1.0
6143e0914f93b50419ba30ab,276.559,0.0320492760924809,4.53978687024344e-05,0.4169706479801669,0.9999546021312976,204.09913174954423,4.393484296821523e-05,0.7575757575757576,0.0,0.1893939393939394,2.78,0.0,0.0,0.1666666666666666,2.14,1.0
5d2a49241d8d930001c263a7,506.116,0.0176465334704398,4.53978687024344e-05,0.281967546477148,0.9999546021312976,208.06326667751028,0.0030705336088001,0.0303030303030303,0.0,0.1515151515151515,4.0,0.0,0.0,0.0,14.93,0.0
5c2a9b55867f660001af0515,323.088,0.0970664990430557,4.53978687024344e-05,-0.0530944050771472,0.9999546021312976,191.00308198110585,5.8040884777709125e-11,0.2272727272727272,0.0,0.1742424242424242,4.11,0.0,0.0,0.1666666666666666,9.49,0.0
5de8887aa2db898017debf1a,412.356,4.53978687024344e-05,0.0157409685480862,0.2604497632473619,0.9999546021312976,205.60845296797305,0.0002173628791255,0.1515151515151515,0.0,0.053030303030303,4.69,0.0,0.0,0.0,14.78,0.0
62b500cfbf7d382239502ad0,431.513,4.53978687024344e-05,4.53978687024344e-05,0.9999092042625952,4.53978687024344e-05,59.67758060829453,2.0492831015003726e-68,0.4393939393939394,0.0,0.9924242424242424,7.66,0.0,0.1666666666666666,0.8333333333333334,9.43,0.0
610075c1ef04d1f734032f69,530.987,0.3384302667271934,4.53978687024344e-05,0.9999092042625952,0.2709517517895772,178.7818065204174,2.2989359030230103e-16,0.0454545454545454,0.0,0.3333333333333333,18.34,0.0,0.0,0.0,34.69,0.0
6362c4beb39ee39d15890c5c,391.352,4.53978687024344e-05,0.045680559481219,0.4126579018178613,0.385254562708311,194.1120781459892,1.400991018963215e-09,0.6363636363636364,0.0,0.4545454545454545,16.75,0.0,0.0,0.1666666666666666,16.76,2.0
571144323d47e800096358d9,339.781,0.9999546021312976,0.7754860777458935,0.9999092042625952,0.1930300782354653,172.04295550384688,2.490388523007647e-19,0.4090909090909091,0.0,0.4469696969696969,5.42,0.0,0.0,0.1666666666666666,20.51,2.0
63614cab87b22b72231c66e0,673.436,0.0319873391644053,0.0070335134100305,-0.0904682320995037,4.53978687024344e-05,211.36696396720623,0.1418586460888442,0.8181818181818182,0.0378787878787878,0.2424242424242424,0.96,0.6666666666666666,0.0,0.3333333333333333,3.9,0.0
63ea79021f0c43def6174042,491.865,4.53978687024344e-05,4.53978687024344e-05,0.9999092042625952,4.53978687024344e-05,59.67556605452012,2.0451454683759167e-68,0.8106060606060606,0.0,0.9924242424242424,87.27,0.0,0.0,0.1666666666666666,1.41,8.0
63e554b7631c8ec3ce069e32,430.31,0.0340234252549251,0.0426978465424687,0.8123339168782406,0.6609107645154577,179.14231713137133,3.3141144559751227e-16,0.4166666666666667,0.0,0.3712121212121212,14.54,0.0,0.0,0.8333333333333334,24.87,1.0
55c694e3fdf99b6c4f28595f,369.558,4.53978687024344e-05,4.53978687024344e-05,0.9999092042625952,4.53978687024344e-05,59.675341448786725,2.044684675175522e-68,0.3409090909090909,0.0,0.9924242424242424,2.09,0.0,0.0,0.0,11.84,0.0
61103c2b7810420e5f23f437,619.351,0.0492977112289984,0.1278612177072073,-0.5065991861133362,0.346524273215912,200.84523912130908,1.459115170757689e-06,0.053030303030303,0.0151515151515151,0.3863636363636363,4.04,0.0,0.0,0.0,28.48,0.0
640415971520c41606ca4389,383.871,0.2477488273804292,0.144299807453378,-0.9999092042625952,0.7722680353924752,185.3514294892173,1.8212660260676333e-13,0.2878787878787879,0.0,0.2727272727272727,8.34,0.3333333333333333,0.0,0.8333333333333334,16.62,0.0
628dec55823f672331c68577,421.873,0.3101663971523485,0.2056094117720212,-0.9407103272400036,0.6164289011353928,181.59145879141363,3.982187024960138e-15,0.2196969696969697,0.0,0.3787878787878788,2.83,0.0,0.0,0.0,15.53,0.0
5fc70f3bd255c10f0b2346ba,645.567,0.2307999698239526,0.0413148894325028,-0.591488376634037,0.502253438786793,191.7952217978248,1.304910784900028e-10,0.0,0.0075757575757575,0.2045454545454545,20.68,0.0,0.1666666666666666,0.0,34.88,1.0
6404fb7b9a7b3cfb4179d185,554.982,0.6117348944894264,0.7426548088826965,0.9999092042625952,0.9999546021312976,144.03918662695588,1.3247716271204594e-31,0.0,0.0,0.5151515151515151,7.94,0.0,0.0,0.8333333333333334,24.42,0.0
64023a98627b1116180dff0b,475.009,0.0547573200092922,0.1184451406519732,0.1960396004805145,0.470062484965948,209.58398066386133,0.0167379234463866,0.0075757575757575,0.0,0.0378787878787878,1.16,0.0,0.0,0.0,17.16,0.0
609e15bbf246a639a4123518,582.176,0.3237018886664919,0.0824977121684306,0.9146842227404894,0.7736760741248965,192.4340457201264,2.5092361225191236e-10,0.1969696969696969,0.0,0.4242424242424242,5.95,0.0,0.0,0.0,12.9,0.0
63e5513398583a335b2a8bdd,666.464,0.029512643600127,0.0850879717304044,-0.0465277296942729,4.53978687024344e-05,205.17108236153783,0.0001365289245689,0.0,0.0075757575757575,0.1439393939393939,17.34,0.0,0.0,0.1666666666666666,36.21,1.0
63d55208f472dc9178329bcb,316.599,0.1111473959056825,4.53978687024344e-05,0.1075085607751962,0.4825267209848597,208.1881855599148,0.0035218490645933,0.6287878787878788,0.0,0.4166666666666667,2.12,0.0,0.0,0.0,8.85,0.0
5c09a1171907db0001602601,382.356,0.4605307690762378,0.8361334539436508,-0.9999092042625952,0.9480556343130904,168.1657271292543,4.9312268714264235e-21,0.1666666666666666,0.0,0.4848484848484848,4.64,0.0,0.0,0.1666666666666666,21.64,0.0
5f2e0b28c642b31678638a21,410.927,0.5015163111354293,0.8576112297658011,-0.0789713021468861,0.8468551692631926,177.53645404977735,6.501357413052495e-17,0.0227272727272727,0.0,0.3106060606060606,2.74,0.0,0.0,0.0,7.6,0.0
5e654e2055e480000dcd002a,490.008,4.53978687024344e-05,4.53978687024344e-05,0.9999092042625952,4.53978687024344e-05,69.67296720924195,4.646640317342391e-64,0.2727272727272727,0.0,0.9015151515151516,7.16,0.0,0.0,0.5,13.14,2.0
63e7ac6bcbc2e035cbeadf8a,499.904,0.2105071960680455,0.0408537414906028,0.6326143255347378,0.2893579671259593,189.01480877977932,7.616563755059024e-12,0.0833333333333333,0.0075757575757575,0.4393939393939394,9.71,0.0,0.0,0.1666666666666666,29.22,0.0
613107a0c7fc3a96a54c7693,385.516,0.0886643637569503,4.53978687024344e-05,-0.9999092042625952,0.9999546021312976,136.11283904961098,4.5319357877972697e-35,0.0075757575757575,0.0,0.3712121212121212,3.65,0.0,0.0,0.0,13.69,0.0
612fbc37af2136fe81fc71a9,463.703,0.0574186415380384,0.0860658867637686,0.4182398194447863,0.9999546021312976,204.720179209248,8.466090962489385e-05,0.2954545454545454,0.0,0.5833333333333334,23.25,0.0,0.0,0.0,36.0,0.0
640feb5e49b723bcfaad6437,530.569,0.4940504604171824,0.5328383014985697,-0.3123717861348183,0.5467864371495184,194.5686359831907,2.238331362942342e-09,0.0,0.0,0.3712121212121212,15.58,0.0,0.0,0.1666666666666666,20.65,0.0
63d7a91b72bdcca4f3a683e8,392.199,0.3979546003104605,0.143265672536765,0.4635005019909675,0.4633654205888793,190.5732658419913,3.7405621898471796e-11,0.2575757575757575,0.0,0.3181818181818182,3.99,0.0,0.0,0.1666666666666666,5.52,0.0
6108114eaacc3458294b244c,416.859,0.6906760049598573,0.0779919033632589,0.4184338809093852,0.0276316091558215,195.20862268749048,4.319025996062532e-09,0.1590909090909091,0.0,0.3863636363636363,7.59,0.0,0.0,0.0,13.25,2.0
63d418d4229ed6c0712ce5bb,414.594,0.275584155871773,0.0381631072584751,0.4505016943525946,0.6717065197361267,195.6734531803112,6.9644799062053984e-09,0.0606060606060606,0.0075757575757575,0.1969696969696969,1.43,0.0,0.0,0.0,6.94,0.0
640132934d00561d78518c4c,469.493,0.4450547388269532,0.0846330188689317,0.0290849362827692,0.3370216127956851,199.02164057475204,2.2006468988460827e-07,0.3181818181818182,0.0,0.1515151515151515,11.67,0.0,0.0,0.1666666666666666,45.79,0.0
63f791692fa22034babcdda1,409.446,0.5438141762789552,0.1049443686969811,-0.021901939704596,0.4548503019236377,208.8144910269204,0.0070404238230862,0.5075757575757576,0.0,0.2045454545454545,20.87,0.0,0.0,0.0,21.44,0.0
5ee8f9a309471c0d46a6d247,737.15,4.53978687024344e-05,0.087801608919648,-0.0867876009405479,0.5164909128398484,211.05468751655323,0.0953151406793583,0.2196969696969697,0.0075757575757575,0.2651515151515151,8.06,0.0,0.0,0.3333333333333333,8.88,0.0
5f9873550513db147c9d2958,405.394,0.9999546021312976,0.6878665986716961,-0.5660713029433397,0.2985049002126286,166.04135379531198,5.759552837749926e-22,0.0757575757575757,0.0,0.4242424242424242,2.65,0.0,0.0,0.0,13.66,1.0
63614ad63aec6bcf8a045124,515.891,4.53978687024344e-05,0.0280502441278095,0.2297425055321953,0.9999546021312976,207.603341231929,0.0018578582752209,0.3409090909090909,0.0,0.4166666666666667,13.23,0.0,0.0,0.1666666666666666,38.89,0.0
63e51ddb19fccd05514c629c,392.513,4.53978687024344e-05,0.3482349906174732,0.3196728144109453,0.4071674330290367,200.0520301426924,6.400962205246179e-07,0.2575757575757575,0.0,0.303030303030303,4.12,0.3333333333333333,0.0,0.0,0.5,1.0
63fe38bfab28b75385783fba,339.49,0.3334534073365786,4.53978687024344e-05,-0.8981553365306146,0.4007606562914395,205.58658195573184,0.0002123586200645,0.2727272727272727,0.0,0.5075757575757576,5.03,0.0,0.0,0.1666666666666666,13.19,0.0
5c75dbce7d36140017c53257,446.775,0.6917186115448357,0.8783849252039815,0.2106591216752096,0.4472495348607773,165.37914474558494,2.9497195669463392e-22,0.0303030303030303,0.0,0.3181818181818182,3.47,0.0,0.0,0.5,32.67,0.0
62c5e680e4a4b4648606d756,401.176,0.5579309731920529,0.9999546021312976,-0.9999092042625952,0.9999546021312976,164.48088639445663,1.1902798902358097e-22,0.0454545454545454,0.0,0.3863636363636363,8.0,0.0,0.1666666666666666,0.1666666666666666,11.26,0.0
5dd03c5486c8861300974102,517.771,0.5483443011933437,0.4194306450286053,0.9999092042625952,0.2518437818581236,184.32922028000152,6.436649585098797e-14,0.0378787878787878,0.0,0.1893939393939394,13.27,0.0,0.0,0.0,26.1,0.0
63eafad399e87039254d1078,343.054,0.1528754222067888,0.0623390665375507,0.2069130131917749,0.06901225638151,190.17772289524123,2.4970204291684596e-11,0.4393939393939394,0.0,0.4242424242424242,2.04,0.0,0.0,0.0,10.98,2.0
60a3128cb035414bb4588090,417.718,4.53978687024344e-05,0.06421322256419,0.2071246659553458,4.53978687024344e-05,202.66141924921232,9.70425704747883e-06,0.25,0.0075757575757575,0.1136363636363636,3.06,0.0,0.1666666666666666,0.0,30.83,0.0
63b6c76ff03d438cd09b8c56,561.068,0.3360279565434846,0.0557375830781491,-0.2173657413942369,0.6119954624051606,192.35189434766025,2.3068199966300808e-10,0.0,0.0,0.1742424242424242,9.7,0.0,0.0,0.0,30.11,0.0
6400ed09421b2727c2f7c553,615.465,4.53978687024344e-05,4.53978687024344e-05,0.9999092042625952,4.53978687024344e-05,129.65496167846624,6.82721178961127e-38,0.0151515151515151,0.0,0.5378787878787878,28.22,0.0,0.0,0.0,42.89,0.0
62a74b5136555a52d4911cac,459.407,0.3030882866963916,0.0274383988026323,0.9999092042625952,0.5744561528960667,194.83685230744496,2.9480075463989355e-09,0.3257575757575757,0.0,0.6212121212121212,8.0,0.0,0.0,0.3333333333333333,18.34,0.0
6400f80179f04251a962fd22,447.48,0.3163541896293073,0.2376437470258062,-0.5167872643934197,0.1714100746066838,179.3656474967811,4.1569872815320992e-16,0.0075757575757575,0.0,0.3636363636363636,2.62,0.0,0.0,0.5,13.6,0.0
5fa9fffcf843322ce7456283,467.02,0.5868658839391082,0.2281482875090642,0.1521681269666217,0.7545667886833272,191.68461391393836,1.1652918300201164e-10,0.0075757575757575,0.0,0.2575757575757575,4.14,0.0,0.0,0.0,15.24,0.0
60cd717e463162435e3b7d46,266.003,0.251562488120954,0.362098047519406,0.6117926147600234,0.0720710156672489,176.96437006908886,3.640116270077485e-17,0.6893939393939394,0.0,0.5378787878787878,4.2,0.0,0.0,0.0,4.67,0.0
60c837327440575481e333ce,1021.801,0.0045827343843995,0.0045609472844894,-0.2518474356712726,4.53978687024344e-05,206.38299860031867,0.000497340153964,0.3712121212121212,0.0227272727272727,0.25,1.58,0.0,0.0,0.0,143.22,0.0
63d69e4d6648b39324fdf0ad,356.718,0.0228815795362768,0.0393437741202177,0.730722340043064,4.53978687024344e-05,163.34336700367018,3.77260104568685e-23,0.4318181818181818,0.0,0.7651515151515151,6.91,0.0,0.0,0.3333333333333333,13.8,0.0
63153455849b153d56dd81db,793.491,0.0474538818017581,0.0932585033669969,0.2367954867718684,0.4734488458069405,207.983836803682,0.002814573923837,0.3560606060606061,0.0,0.1818181818181818,10.2,0.0,0.0,0.0,36.45,0.0
63fe39cd075bd5283fad495d,352.073,0.896811315539335,0.7921382522210663,-0.4976529651658303,0.3276988320407803,166.82953550507986,1.277423468459381e-21,0.2196969696969697,0.0,0.4621212121212121,2.34,0.0,0.0,0.3333333333333333,7.68,0.0
5971640e7ec240000170cb69,302.689,4.53978687024344e-05,4.53978687024344e-05,0.9999092042625952,4.53978687024344e-05,76.67299576925443,5.2245896400954585e-61,0.7272727272727273,0.0,0.8636363636363636,1.76,0.0,0.0,0.1666666666666666,12.93,0.0
610745dee13497549c9d6fba,516.205,0.2570415715772826,0.3406085754877214,-0.7980460508729144,0.9999546021312976,158.85425282273405,4.0588246262112648e-25,0.0,0.0,0.2575757575757575,5.37,0.0,0.0,0.0,40.72,0.0
63615888b5606b24a845f73e,438.849,4.53978687024344e-05,4.53978687024344e-05,0.9999092042625952,4.53978687024344e-05,101.66248865832571,4.117813602198107e-50,0.5378787878787878,0.0,0.6590909090909091,41.59,0.0,0.0,0.8333333333333334,21.43,0.0
6063a00c6fd08d0a972382a4,515.727,0.0952488594552513,4.53978687024344e-05,0.4347434981967417,0.9202857142224926,202.6031631672947,9.130183440050424e-06,0.0,0.0075757575757575,0.1439393939393939,6.07,0.0,0.0,0.5,25.81,0.0
62f94c417a55be0afc4c5a4b,502.501,4.608650812769045e-05,0.0100009791364617,0.1850896661151502,4.53978687024344e-05,207.6497711864372,0.0019541988253764,0.1893939393939394,0.0,0.2196969696969697,20.72,0.0,0.0,0.0,33.22,3.0
605fb0818ad4067b3d99ece0,496.031,0.5593096680905478,4.53978687024344e-05,-0.7064704698872415,0.8465361806301386,165.89098633629305,4.947626077386812e-22,0.0,0.0,0.303030303030303,9.67,0.0,0.0,0.0,31.17,0.0
63d40528f7676637efbd18eb,364.305,0.2631279210337709,0.2022577167154084,0.966196976696174,0.5116916487092006,199.9874422612992,5.986086223030535e-07,0.3106060606060606,0.0,0.2121212121212121,2.92,0.0,0.0,0.1666666666666666,14.85,0.0
5f934f7fdc89a111b5712011,438.316,4.53978687024344e-05,4.53978687024344e-05,-0.5496918700611899,0.9999546021312976,179.0868437655798,3.1327405997493584e-16,0.1287878787878787,0.0,0.2727272727272727,5.94,0.0,0.0,0.0,15.32,0.0
5ecbd383243b3438410dae19,494.369,0.030372211550617,4.53978687024344e-05,0.0255421185739617,4.53978687024344e-05,209.661861543368,0.0182928352199353,0.0909090909090909,0.0,0.0757575757575757,12.05,0.0,0.1666666666666666,0.0,39.7,2.0
63d7a9346e833b93500723d4,494.206,0.4150820659162959,4.53978687024344e-05,0.8773331138600329,4.53978687024344e-05,139.04761909369654,8.694523992107871e-34,0.106060606060606,0.0,0.6893939393939394,22.52,0.0,0.0,0.3333333333333333,29.76,0.0
63d40583fbdb78bfb9b0d3a4,390.252,0.3238686738945792,0.4505953034893459,0.0664007208012995,0.9999546021312976,167.14248604010683,1.7527147653375348e-21,0.0681818181818181,0.0,0.303030303030303,5.94,0.0,0.0,0.0,13.02,1.0
63d7d7b654e057b287d2bd9b,403.239,0.0653776243635212,0.1355529199068421,0.1796074921523731,0.7580378383682549,207.75673919364883,0.0021958938238908,0.1515151515151515,0.0,0.1287878787878787,5.11,0.0,0.0,0.0,8.96,0.0
614fe09fec9ce4a2a415476d,305.289,4.53978687024344e-05,4.53978687024344e-05,0.9999092042625952,4.53978687024344e-05,67.6721045231493,6.239848633700109e-65,0.5681818181818182,0.0,0.9772727272727272,2.88,0.0,0.0,0.8333333333333334,6.92,0.0
63ced2da9cad1ae3f98ce914,591.697,4.53978687024344e-05,4.53978687024344e-05,0.9999092042625952,4.53978687024344e-05,98.66329887920762,2.0248138284266056e-51,0.3863636363636363,0.0,0.8257575757575758,7.15,0.0,0.0,0.1666666666666666,194.31,0.0
60429021c960ed190edaedca,424.247,0.0019339725173617,0.419321966196316,0.2320470963841201,0.9999546021312976,198.30424992474184,1.0480653706805757e-07,0.5909090909090909,0.0,0.4318181818181818,9.59,0.0,0.0,0.1666666666666666,26.96,0.0
63f58712a2c1bd62fa7bb352,403.846,0.1136373724720919,0.032305037874478,0.9999092042625952,0.7648642320368453,172.84919551411082,5.63230976408264e-19,0.0151515151515151,0.0,0.2878787878787879,7.03,0.0,0.0,0.0,21.21,0.0
5e7fb4743c00ce69510024fb,602.785,4.53978687024344e-05,4.53978687024344e-05,0.9999092042625952,4.53978687024344e-05,97.66474126442004,7.427384585674083e-52,0.0,0.0,0.8636363636363636,14.36,0.0,0.0,0.3333333333333333,26.94,1.0
63d13b5ec81c77c3030c51c5,303.035,0.0472293757372586,4.53978687024344e-05,0.6512852722829483,0.2113186084114175,177.77406113296811,8.272536257043093e-17,0.8636363636363636,0.0075757575757575,0.1515151515151515,1.6,0.5,0.0,0.1666666666666666,4.58,0.0
63d17cf704d2d7053d56b962,265.33,0.0053540737419479,4.53978687024344e-05,0.0445859464854352,0.9999546021312976,212.36482196808407,0.6873538442505607,0.7651515151515151,0.0,0.0606060606060606,8.27,0.6666666666666666,0.0,0.6666666666666666,8.46,1.0
63d007388da4ef5b301762f9,469.448,0.032962164876694,4.53978687024344e-05,0.3200280256045074,0.6969823794134106,205.9132867100379,0.0003008595077633,0.2121212121212121,0.0,0.1590909090909091,10.48,0.0,0.0,0.1666666666666666,20.11,0.0
63d53c6bc368b9fa8d33f4cf,384.387,0.0742344028283624,0.0105963794895545,-0.349783594129658,4.53978687024344e-05,209.4094543007249,0.0137286921983456,0.7196969696969697,0.0,0.5454545454545454,7.49,0.0,0.0,0.1666666666666666,29.39,0.0
63ea6e6d78fced1e97a149c8,865.582,0.0243269290169507,4.53978687024344e-05,-0.0336532680500394,0.2817673849167758,212.2616699590129,0.5439493459436233,0.8939393939393939,0.0,0.3181818181818182,1.6,1.0,0.0,0.8333333333333334,2.44,0.0
62dc4a5fef307ee53c61afcc,555.965,0.0016151023793467,0.0129066555323645,-0.4347036454212949,4.53978687024344e-05,194.18737015193184,1.5135076200506611e-09,0.3939393939393939,0.0,0.3484848484848485,70.67,0.0,0.0,0.1666666666666666,14.71,0.0
63356ce6be65e7962bfc424d,519.621,0.2511393179776848,0.2835822043146109,0.0911288929428317,0.3073407348580952,199.37536574450056,3.173930747923708e-07,0.0303030303030303,0.0,0.3939393939393939,6.96,0.0,0.1666666666666666,0.0,14.69,1.0
63ee59dc6e5fbabca14d3d16,476.035,0.1376112124393306,4.53978687024344e-05,0.1283460253715502,0.3246472341776486,198.8479772337064,1.8387149207557435e-07,0.0757575757575757,0.0,0.2878787878787879,7.43,0.0,0.0,0.0,13.23,1.0
63d428eb946e85527cfdf058,334.689,0.0097221527923978,4.53978687024344e-05,0.5869462941706196,4.53978687024344e-05,175.6442958601787,9.551856696624933e-18,0.3863636363636363,0.0,0.1666666666666666,4.25,0.0,0.0,0.0,6.99,0.0
63f79204eb27c9dc523185d9,591.457,0.3178181826989218,0.3136534840611734,-0.008123797892408,0.4417122871788034,197.32937770402765,3.831636882942167e-08,0.0,0.0,0.3257575757575757,17.92,0.0,0.1666666666666666,0.3333333333333333,31.96,0.0
5aea7d94a110a00001f7e50e,372.263,0.1974821496598572,0.0268838598962681,0.9999092042625952,4.53978687024344e-05,132.20800647404457,8.90711969972429e-37,0.5681818181818182,0.0,0.7803030303030303,7.7,0.0,0.0,0.3333333333333333,12.02,0.0
63daf5a89c63648ec34664fb,478.793,4.53978687024344e-05,0.0622064771733603,0.2049300148709993,0.5983708915687465,208.02892837481755,0.0029570976901739,0.0,0.0,0.6287878787878788,7.57,0.0,0.0,0.3333333333333333,18.61,0.0
636598a7a571403968d03bf2,457.806,0.2234904056499019,0.2893472049865627,-0.0682404636897259,4.53978687024344e-05,165.1277989183188,2.2881758514995927e-22,0.1439393939393939,0.0,0.6742424242424242,6.28,0.0,0.0,0.0,15.18,0.0
59aae1188cef7d00011f8884,479.683,0.7014865968241897,0.6693462692655759,0.849275992956777,0.5608570880196715,186.4111053759172,5.357336451476404e-13,0.0378787878787878,0.0,0.1363636363636363,11.9,0.0,0.0,0.0,35.75,0.0
63f969ceb2a0b028aa612b33,457.381,0.4260112521625443,0.343077698468298,0.3595520764206488,0.7980667033264508,197.7981088944104,6.214332298340969e-08,0.0075757575757575,0.0,0.5151515151515151,1.0,0.0,0.0,0.3333333333333333,20.95,0.0
63ed9dbc1c7838ffcbb42142,395.168,0.2548536706055653,4.53978687024344e-05,0.9999092042625952,0.3321623190930164,190.8021159027979,4.7262267311494696e-11,0.0833333333333333,0.0,0.4545454545454545,1.75,0.0,0.0,0.0,6.74,0.0
615e68b3f55d1cf5f6defc2a,533.578,0.1638653980830338,0.1517040064082361,0.9999092042625952,0.0542983302691111,179.25216041406085,3.704837057173917e-16,0.1363636363636363,0.0,0.1818181818181818,15.9,0.0,0.0,0.3333333333333333,33.12,0.0
63ead665638c8546d8c3a962,370.244,0.3770813427766258,4.53978687024344e-05,0.9111309145615752,0.7642367412604161,176.29409047778168,1.8452658276057405e-17,0.1515151515151515,0.0,0.4545454545454545,13.35,0.0,0.0,0.0,17.14,0.0
63feb6ae378e8efd6fd318b6,472.462,0.2770433510923464,4.53978687024344e-05,0.6970206715366827,4.53978687024344e-05,138.18204630018982,3.637641466081335e-34,0.5833333333333334,0.0,0.8636363636363636,16.86,0.0,0.0,0.1666666666666666,16.7,0.0
5c4275e526217400018bf1b4,373.593,0.3765492263694494,0.0390902395634628,-0.7063944822353311,0.7206157787112123,177.44188113018308,5.906902237420286e-17,0.0833333333333333,0.0,0.3409090909090909,2.4,0.0,0.0,0.0,9.68,1.0
5b65f7935c431c000127ae5f,502.21,0.6670376181237441,0.0694014158571966,-0.9999092042625952,0.9999546021312976,173.39692196126356,9.806484700173012e-19,0.0303030303030303,0.0,0.1969696969696969,4.42,0.0,0.0,0.3333333333333333,21.99,1.0
60ff5fb6cbf1bb7de9bf2801,531.78,4.53978687024344e-05,0.0009213425971046,0.1082266691426725,0.999954602130817,210.95758824786495,0.084485309003848,0.4696969696969697,0.0,0.25,24.5,0.0,0.0,0.0,37.7,0.0
5783d80d275be60001358349,560.421,0.8036810279346768,4.53978687024344e-05,0.9999092042625952,0.4150061541429128,163.83580582347054,6.203694431330037e-23,0.0454545454545454,0.0075757575757575,0.4090909090909091,4.54,0.0,0.0,0.0,37.52,0.0
63dafeda84d9a5e684adb6be,378.621,0.0173986224389713,0.0291996420917184,0.0794672218178609,0.9999546021312976,211.6186438197047,0.1983718057859443,0.0,0.0,0.0378787878787878,1.59,0.0,0.0,0.1666666666666666,12.46,0.0
63f796a016e377d12cff50f1,634.057,0.4567365052307635,0.7605896456019359,0.9999092042625952,0.4658801618634153,162.91528108378327,2.448369787984178e-23,0.0151515151515151,0.0,0.5227272727272727,26.26,0.0,0.1666666666666666,0.1666666666666666,39.58,0.0
61038afee6aa0fcfbf968e56,553.496,4.53978687024344e-05,0.0029535988634312,-0.451403491835795,0.9999546021312976,188.5874903390765,4.924966393421067e-12,0.0757575757575757,0.0,0.3636363636363636,22.74,0.0,0.0,0.0,37.81,1.0
63eaa9f8f0637c961dcfc277,496.73,0.2070152582646803,4.53978687024344e-05,-0.0468876534980555,0.7531353409338576,201.8783232201704,4.280468943366265e-06,0.0,0.0,0.3863636363636363,8.82,0.0,0.0,0.3333333333333333,10.96,0.0
63ead6f452e11793b2f8dab8,828.857,4.53978687024344e-05,0.0666114231736524,0.9999092042625952,4.53978687024344e-05,112.12045259583768,1.5060344739969086e-45,0.4696969696969697,0.0,0.6666666666666666,9.35,0.0,0.0,0.1666666666666666,46.49,0.0
63f7eb4fd0c75f760998818c,424.568,0.019754085168423,0.091656743680391,-0.1096134526490948,0.5001642193713353,210.33380529976893,0.039856138802065,0.1363636363636363,0.0,0.2272727272727272,2.16,0.0,0.0,0.1666666666666666,16.31,0.0
63d18e630e39bc97ef16152b,549.542,0.0391447278237194,0.0508301212627879,-0.3955254670781328,4.53978687024344e-05,206.52717648823165,0.0005805731944051,0.0,0.0,0.2272727272727272,15.47,0.0,0.0,0.0,30.48,0.0
6400df3b4bd1fb13b52727fe,391.232,0.1623646909770124,0.0657744737297065,0.9999092042625952,0.9478694015032412,195.7360873754141,7.427801009915096e-09,0.25,0.0075757575757575,0.5833333333333334,39.65,0.0,0.0,0.1666666666666666,12.79,0.0
62e19208352cd518d7b2f085,567.797,0.6754399036205276,0.5355607137090743,-0.9999092042625952,0.9999546021312976,146.96084549013227,2.5138711357848483e-30,0.0,0.0,0.4166666666666667,62.19,0.0,0.0,0.0,22.89,0.0
63f77927711e9d061dbec33c,416.182,0.314089023976246,0.1546978718682918,0.6978483724542044,0.3260826415702111,190.17498977690715,2.4900584857981604e-11,0.1136363636363636,0.0,0.3560606060606061,12.54,0.0,0.0,0.3333333333333333,13.05,0.0
5e535a49ac9ed13700f62def,1356.559,0.4345515850291029,0.5952926567679104,0.1218470765888559,0.794599321269566,185.10065054874056,1.4110044780094461e-13,0.0757575757575757,0.0075757575757575,0.2272727272727272,18.17,0.0,0.0,0.5,516.31,0.0
63fd6f98e4a77457f1b36b9a,759.811,0.0791513457984486,0.0454871906772641,0.1782190773088625,0.9999546021312976,206.3835476043596,0.000497633074423,0.0,0.0075757575757575,0.1363636363636363,15.53,0.0,0.1666666666666666,0.1666666666666666,34.36,0.0
5d1b0776e1c05200018b582d,861.694,4.53978687024344e-05,4.53978687024344e-05,0.2365181781345233,4.539787153542253e-05,205.31516049430644,0.0001591037102702,0.0454545454545454,0.0,0.053030303030303,13.66,0.0,0.0,0.8333333333333334,31.06,1.0
5c5f525806006e0001db95d2,943.97,0.4046886937918811,0.4374438654274884,-0.9999092042625952,0.687067811949643,188.015459781771,2.748036625490645e-12,0.0303030303030303,0.0,0.4015151515151515,1.27,0.0,0.0,0.0,6.08,0.0
60ae62a5004d7bdf5428bb95,995.674,0.5603902466340794,0.4208580169119342,-0.3291262167460971,0.6035099541124186,175.8418418901034,1.1668629209906808e-17,0.0681818181818181,0.0,0.4621212121212121,22.65,0.0,0.1666666666666666,0.0,109.56,0.0
63dc7c4191d5e30193f1db36,407.845,0.209617641285696,0.0125566672992103,0.7178506619815606,0.8784688287875416,194.32770121560557,1.7479278736244771e-09,0.3560606060606061,0.0,0.8484848484848485,9.36,0.0,0.0,0.3333333333333333,10.14,0.0
5b1a3fa488ee7400012aef74,963.018,0.9999546021312976,0.9999546021312976,0.9999092042625952,0.445409100002415,129.16954200853763,4.189610779571431e-38,0.0,0.0303030303030303,0.3560606060606061,87.54,0.0,0.0,0.3333333333333333,44.55,0.0
582009dd87f6b90001f13e40,380.932,0.0915525527633173,4.53978687024344e-05,-0.1580567855209124,0.5920143719078641,206.5536841730247,0.0005973425705055,0.4621212121212121,0.0,0.4772727272727273,6.27,0.0,0.0,0.0,16.55,0.0
5722c95274e7ff0011a6f011,413.637,0.5990183974085499,0.480838511959301,-0.9136913985050878,0.6231586410618497,178.9864173187198,2.82927567957866e-16,0.1818181818181818,0.0,0.5227272727272727,2.99,0.0,0.0,0.0,21.43,0.0
6340d2fa46f2d707e146b63b,451.886,0.5445482975068223,0.9170281441088768,-0.1024693786416619,0.7844998118355757,179.81162375854737,6.536234043602594e-16,0.0378787878787878,0.0,0.3257575757575757,4.44,0.0,0.0,0.0,7.81,0.0
610940bbdb7795c3be364375,311.084,0.0773312862425,0.7934131033131332,-0.0923370471498139,0.4878363879353709,207.90062137555688,0.002569594261524,0.3181818181818182,0.0,0.4848484848484848,1.67,0.0,0.0,0.3333333333333333,11.59,1.0
633471b7c7b5fa52a0a407a7,337.246,0.0737939356250234,0.0974893608854642,-0.2621036541809619,0.721264041261705,204.26616437122155,5.239895732449059e-05,0.4545454545454545,0.0,0.2424242424242424,2.78,0.0,0.0,0.0,8.75,0.0
5f4000a47ed89c0e7f2e3760,357.542,0.5545214654805691,4.53978687024344e-05,-0.9999092042625952,0.9999546021312976,164.81299819401315,1.6648003431871205e-22,0.106060606060606,0.0,0.4469696969696969,2.15,0.0,0.0,0.3333333333333333,15.26,1.0
62fd76d3f0824c29d4b1e6bd,407.726,0.2536637691025744,4.53978687024344e-05,-0.1214795782028816,0.9999546021312976,190.1206883255418,2.355696508727918e-11,0.5,0.0,0.5151515151515151,12.9,0.0,0.0,0.0,29.93,0.0
5d3bcf190e510a001b3df200,372.097,0.0258943960655596,4.53978687024344e-05,0.2399199684027846,0.9999546021312976,209.9439999490779,0.025294522343861,0.3333333333333333,0.0,0.1287878787878787,3.19,0.0,0.0,0.0,8.77,1.0
63f68fcc9f84b736270f0e8e,315.623,0.0484826248961136,4.53978687024344e-05,-0.1926987094083085,0.9397144956156992,202.8657116200027,1.2019439897413754e-05,0.4242424242424242,0.0,0.4090909090909091,2.27,0.6666666666666666,0.0,0.8333333333333334,8.02,0.0
60fdbd3afcd943b7119d6f4a,477.442,0.3749562787339592,0.447358596680332,-0.1790472891831607,0.5202457367256147,191.580734460189,1.0478119839816295e-10,0.0075757575757575,0.0,0.2121212121212121,2.76,0.0,0.0,0.0,19.62,0.0
63d40e3588ba6ef2a3ce7c37,373.972,0.3707665647663217,4.53978687024344e-05,0.1168133439551242,4.53978687024344e-05,172.15000703627646,2.775374843264629e-19,0.6136363636363636,0.0,0.5757575757575758,12.24,0.0,0.0,0.5,19.03,1.0
5d13e3e6e51708001a43fa66,489.085,0.1421848364869236,0.0117171998964411,-0.5338375650807788,0.9999546021312976,177.52752765668555,6.442780385794749e-17,0.0833333333333333,0.0,0.4848484848484848,36.4,0.0,0.0,0.1666666666666666,21.03,0.0
5f932e6a3ceaf50d5768745b,267.685,0.1128223948931923,0.0999997068856205,-0.1098828452810394,0.2810120830338469,207.3003766761429,0.0013369108984387,0.5378787878787878,0.0,0.2424242424242424,5.27,0.0,0.0,0.0,5.42,0.0
62951043176ada9a9de2faa4,359.587,0.3910123939356027,0.1859706098788247,0.1784461264838839,0.4115223051470391,205.2844791803733,0.00015400070559,0.0681818181818181,0.0,0.1818181818181818,4.14,0.0,0.0,0.1666666666666666,8.5,0.0
63d82d20ed2b67b4f77f1fc7,408.135,0.3484480122820036,4.53978687024344e-05,0.3294355475166357,0.5093373466392338,210.353455445968,0.0407904798120399,0.5454545454545454,0.0,0.6212121212121212,38.72,0.5,0.0,0.8333333333333334,16.32,1.0
6108cd48a97ffccb0e7e518c,570.882,0.1229338703340344,0.1737249159411097,0.4930935969931844,0.5837285779719009,196.28533029540372,1.3069669793618025e-08,0.0454545454545454,0.0075757575757575,0.2272727272727272,6.79,0.0,0.0,0.1666666666666666,23.17,0.0
63d85999228b7d6b636dd96c,603.39,4.53978687024344e-05,0.0057796952447718,0.9053671914632986,4.53978687024344e-05,142.09841663905976,1.8762252224191048e-32,0.3181818181818182,0.0909090909090909,0.3636363636363636,7.04,0.1666666666666666,0.0,0.8333333333333334,7.96,0.0
5fb3d39a2ceaab00087faddb,386.115,0.139847601421304,0.272998859446233,0.3326524581470105,4.53978687024344e-05,180.9990340513585,2.181865858600925e-15,0.3787878787878788,0.0,0.4469696969696969,7.79,0.0,0.0,0.1666666666666666,19.03,0.0
63d13bce0971871b9ff88f56,287.899,4.53978687024344e-05,0.0546654676403294,-0.0093804787615697,0.7187139126395521,211.76374299985767,0.242824226063489,0.6818181818181818,0.0,0.5151515151515151,3.15,0.0,0.0,0.0,6.52,1.0
63d7a8a2591096e22405d64a,290.262,0.0223485253560608,0.0393434071293108,-0.1775549777593768,4.53978687024344e-05,210.28444268072747,0.0376066858608327,0.7272727272727273,0.0,0.4166666666666667,1.6,0.0,0.0,0.8333333333333334,2.36,0.0
63d7edbef6596097994e730e,357.48,4.53978687024344e-05,4.53978687024344e-05,-0.9999092042625952,0.9999546021312976,91.6666941272376,1.798657042966931e-54,0.2651515151515151,0.0,0.6363636363636364,8.32,0.0,0.0,0.8333333333333334,15.62,0.0
60761cf3cc35a2a9b127b414,347.764,0.8337316251984608,0.1594383202997111,0.0470453852254633,0.0943732989560236,194.5626631928142,2.224648883842575e-09,0.0757575757575757,0.0,0.3863636363636363,2.41,0.0,0.0,0.1666666666666666,6.63,0.0
63cedc8a97a0bb604736baea,311.637,0.0034216694314778,0.0021066444665437,-0.1525666110391786,4.53978687024344e-05,210.09827216944717,0.0302493628056599,0.6136363636363636,0.0,0.2272727272727272,3.89,0.0,0.0,0.1666666666666666,11.18,0.0
63f93d2de413ad49cf0dbff1,439.845,0.0360738214609509,0.0409718646162572,0.0182592466463877,0.9889871237272572,208.64112892907076,0.0058066378569456,0.0,0.0,0.3409090909090909,3.59,0.0,0.0,0.1666666666666666,9.78,0.0
61006f43a84b82fb439d7cba,443.581,0.3549450072949454,0.1138715971972537,0.9999092042625952,0.0027940994671548,172.98154534026153,6.43983923535438e-19,0.0681818181818181,0.0,0.2727272727272727,5.14,0.0,0.0,0.3333333333333333,13.98,0.0
63ed4bdcb1977e991fe4f095,378.558,0.0252532156246071,4.53978687024344e-05,0.9999092042625952,0.9999546021312976,155.7863659830446,1.8371983509445242e-26,0.4242424242424242,0.0,0.5757575757575758,6.35,0.0,0.0,0.0,23.52,2.0
63ea4164c5b33a0d13129c84,305.572,4.53978687024344e-05,4.53978687024344e-05,0.9999092042625952,4.53978687024344e-05,59.67571461146558,2.045450299621665e-68,0.1515151515151515,0.0,0.9924242424242424,1.1,0.0,0.0,0.8333333333333334,2.02,0.0
613e002e81f4b2409b531dbd,687.321,4.53978687024344e-05,0.1283733505935438,0.0361956565238008,0.6841827398050078,210.9812731183088,0.0869979906180498,0.0151515151515151,0.0,0.1742424242424242,13.29,0.0,0.1666666666666666,0.3333333333333333,27.7,0.0
63f3a6b6d4c4d564638f38ca,340.398,0.3456260991742665,0.261810295738541,-0.4779192714067616,0.6792066261680908,173.8198647341531,1.5048823171599312e-18,0.053030303030303,0.0,0.4166666666666667,5.03,0.0,0.0,0.3333333333333333,16.15,1.0
55e7221441988f000b75cc7a,576.794,0.0254339705012106,0.1648825580255105,0.2620411906787263,0.9999546021312976,201.42236151903091,2.660710057054283e-06,0.0378787878787878,0.0,0.5909090909090909,8.32,0.0,0.0,0.1666666666666666,24.49,0.0
6400f1783058946c2b4780cd,468.982,0.057809748328138,0.0024606697333246,0.6839980525853124,0.9999546021312976,196.94088070569228,2.5672260151748613e-08,0.2272727272727272,0.0,0.0833333333333333,9.01,0.0,0.0,0.1666666666666666,31.47,1.0
5fd6ebe9b77a3d65df0c0674,579.694,0.2334939536204424,4.53978687024344e-05,-0.2643445417635097,0.9999546021312976,159.54915694847026,8.18420530971862e-25,0.0984848484848484,0.0,0.3863636363636363,20.89,0.0,0.0,0.1666666666666666,32.7,0.0
60cfdcfdf8a3c6c42dad17d3,284.209,0.1355835838023623,4.53978687024344e-05,0.2417839711368057,0.4234296380821479,204.8536811110081,9.751353637952532e-05,0.5984848484848485,0.0,0.4621212121212121,1.9,0.0,0.0,0.1666666666666666,12.42,0.0
5c95a379a314c70012bbd4bf,460.817,0.158701419957447,0.073904766217992,0.1262954272493248,0.6860366284369133,203.25742803108045,1.8125597390438888e-05,0.0833333333333333,0.0,0.3257575757575757,11.53,0.0,0.0,0.1666666666666666,24.44,0.0
63e55908254a436361a6787b,311.503,0.7606999837551401,0.424151070858314,-0.1779076873373596,0.2212711598535257,168.45311270207435,6.593993446112631e-21,0.2272727272727272,0.0,0.6060606060606061,2.02,0.0,0.0,0.8333333333333334,4.66,0.0
62aa4aba6960dfb1b61f7583,435.648,0.3376034918690042,0.2392043093756125,0.1378355859490816,0.9999546021312976,172.2221874603443,2.985722253489957e-19,0.2196969696969697,0.0,0.7121212121212122,5.05,0.0,0.0,0.1666666666666666,8.61,0.0
63dcc00d97b599698e60a1a6,583.619,0.0004417340218459,4.53978687024344e-05,0.3372143012604014,4.539826015360309e-05,198.43913248582385,1.204817854473493e-07,0.5606060606060606,0.0,0.3106060606060606,14.32,0.0,0.0,0.0,20.53,3.0
63bef4ddef5b4d7295effbbd,320.975,4.53978687024344e-05,0.0221534456357695,0.2372372414853321,4.53978687024344e-05,203.94741616048051,3.744333284561534e-05,0.696969696969697,0.0,0.4545454545454545,1.5,0.0,0.0,0.1666666666666666,7.78,0.0
5f5834134283933a1c3b42d0,492.639,0.5278353013709736,0.2064779384651123,-0.9999092042625952,0.8555398120993091,156.7015129787626,4.6246085909310485e-26,0.1590909090909091,0.0,0.5075757575757576,17.75,0.0,0.0,0.0,36.61,0.0
6092dea4efd6d61350f0fdbf,382.153,0.2459647655142985,0.1930829836816814,-0.4116891318037323,0.124110240270407,196.96160711367529,2.622645902177832e-08,0.0833333333333333,0.0,0.3863636363636363,2.79,0.0,0.0,0.0,8.94,0.0
60fcdd3be2ae9576df065728,436.738,4.53978687024344e-05,0.0221348687603005,0.1339300803660463,0.9999546021312976,210.7804024667357,0.0679936313196766,0.053030303030303,0.0,0.1742424242424242,6.7,0.0,0.0,0.1666666666666666,15.58,1.0
63ea4301f63c1d26f0ff83e9,391.848,4.53978687024344e-05,0.0264951274212781,0.0653556106428796,4.53978687024344e-05,210.9959718917765,0.0885979581530759,0.0454545454545454,0.0,0.303030303030303,3.02,0.0,0.0,0.0,16.75,0.0
63bd8be8f8c532da7bb5431e,511.136,4.53978687024344e-05,4.53978687024344e-05,0.9999092042625952,4.53978687024344e-05,98.66314896787388,2.0245089864373108e-51,0.2651515151515151,0.0,0.5833333333333334,14.02,0.0,0.0,0.0,38.69,0.0
63b6be60f23fd8e0399f668c,477.424,0.0951660346562568,4.53978687024344e-05,0.1026403364012096,0.6604652640383754,211.0171520079291,0.0909597849179592,0.4848484848484848,0.0,0.1515151515151515,23.15,0.0,0.0,0.0,46.51,0.0
63f3a7e45f338798fd025d99,382.881,0.2256455033421151,0.1154996658230067,0.9999092042625952,0.5102162422759772,204.9598334438328,0.0001091216971671,0.4469696969696969,0.0,0.4924242424242424,3.16,0.0,0.0,0.0,17.56,0.0
6105338a15c74e8435e95c71,370.891,0.2944460250453268,0.0504339272917403,-0.0225299967787799,0.9999546021312976,179.6712259784526,5.668236389390941e-16,0.5984848484848485,0.0,0.1212121212121212,5.61,0.0,0.0,0.3333333333333333,22.77,0.0
63d7a6a997f03198526a1941,633.993,0.0289959960637858,0.0034015002342382,0.1714722898620673,0.8764117565092995,211.0992129507229,0.1007783173359386,0.2196969696969697,0.0,0.1212121212121212,14.04,0.0,0.0,0.5,29.5,0.0
631b428359f449b8159625f8,554.047,4.53978687024344e-05,4.53978687024344e-05,0.9999092042625952,4.53978687024344e-05,59.674295898513,2.0425410272927637e-68,0.1969696969696969,0.0075757575757575,0.9924242424242424,15.08,0.0,0.0,0.0,28.44,0.0
631381096e95278a3f97fed4,676.432,0.0436615990713224,0.6212526048726793,0.0566545796973789,0.6606065887672166,208.3045002923314,0.0040026590891371,0.2651515151515151,0.0,0.1666666666666666,52.3,0.0,0.0,0.0,47.81,0.0
6144bf2539bc8f85335af4be,525.09,0.1702982467645404,4.53978687024344e-05,-0.0409131070197803,0.3040014955120388,192.84157602230945,3.8088689353145775e-10,0.0,0.0,0.1893939393939394,11.85,0.0,0.0,0.0,29.82,0.0
63f049c2d78b2bc822a16dac,534.309,0.4608154123996885,0.2261291922476785,-0.9999092042625952,0.9999546021312976,150.23244948731906,6.79428294722733e-29,0.0075757575757575,0.0,0.4393939393939394,21.24,0.0,0.0,0.1666666666666666,28.72,1.0
63d1819e544fa53e891614ec,537.832,0.0091059928233093,4.53978687024344e-05,-0.1407412153214198,0.9999546021312976,208.85721720484133,0.0073836900484394,0.3636363636363636,0.0,0.4090909090909091,17.47,0.0,0.0,0.0,13.49,0.0
63ea63669423c84daf2c5dbd,768.074,0.1793885398678822,0.0431723739575756,0.889538577016574,0.4642295791075672,200.2443234615733,7.814844876778317e-07,0.4848484848484848,0.0151515151515151,0.4318181818181818,52.93,0.0,0.0,0.3333333333333333,14.94,1.0
63f791c69ca73d3460eeb2d9,710.366,0.7498872116735343,0.1479158450679066,-0.9999092042625952,0.8116040288150568,155.60428804003146,1.5289584185546034e-26,0.0227272727272727,0.0,0.4696969696969697,11.42,0.0,0.0,0.0,16.77,0.0
60fd80b85dd6b22f66d16822,360.863,0.0256163622280997,0.056529276951403,0.2506195949961147,4.53978687024344e-05,199.25245906590865,2.794594831449393e-07,0.25,0.0,0.0606060606060606,3.84,0.0,0.0,0.0,15.2,0.0
5ad2c8334d061300011b1985,389.372,4.53978687024344e-05,4.53978687024344e-05,0.9999092042625952,4.53978687024344e-05,96.6660422896732,2.7242140532797106e-52,0.5303030303030303,0.0,0.7803030303030303,4.39,0.0,0.0,0.0,11.73,1.0
63d9f41910c61f3eb102079f,600.368,0.3390037213370704,4.53978687024344e-05,-0.4084536129885109,0.968985033409898,186.25550618632536,4.572192333161539e-13,0.0151515151515151,0.0,0.3181818181818182,11.21,0.0,0.0,0.0,42.81,0.0
570fa921f895a7000f38ca6f,463.548,0.7215534571992757,0.7358619491482202,0.5200778321332484,4.53978687024344e-05,186.33626446891355,4.964145378803845e-13,0.3484848484848485,0.0,0.553030303030303,5.12,0.0,0.0,0.0,16.57,0.0
63d404f4eaf69448ef9e09e6,495.974,0.3732444432677045,4.53978687024344e-05,0.9999092042625952,0.1196087011200665,165.9885491147567,5.460269547425308e-22,0.0,0.0075757575757575,0.2272727272727272,4.38,0.0,0.3333333333333333,0.0,18.72,3.0
63d000d62878aa92b833c5fc,483.007,4.53978687024344e-05,0.0473071512712331,0.1218606895769929,0.5356745293369558,210.80864820482017,0.0703724070341982,0.4848484848484848,0.0,0.2651515151515151,8.65,0.0,0.0,0.3333333333333333,77.0,0.0
63212cf14928ea89262e9f24,584.922,4.53978687024344e-05,0.0287092850699563,0.570740358363649,0.9999546021312976,182.94526218390791,1.5758508801374266e-14,0.3333333333333333,0.0075757575757575,0.4166666666666667,45.04,0.0,0.0,0.3333333333333333,27.12,3.0
5c047357d30e3200016dd9fa,337.164,0.5453783868003353,4.53978687024344e-05,-0.1393296367018944,0.9999546021312976,152.47166071936476,6.493146641010643e-28,0.3863636363636363,0.0,0.7272727272727273,1.67,0.0,0.1666666666666666,0.3333333333333333,14.53,0.0
61509f0576598bbf74387211,325.773,0.341252642460375,0.2216962209480772,-0.4004990665165119,0.6097861312836256,183.1996406351677,2.040852675258572e-14,0.25,0.0,0.2651515151515151,1.93,0.0,0.0,0.0,4.47,0.0
5df5b9f661721940c46c3cd3,363.497,0.0157584648856153,4.53978687024344e-05,-0.1563850289431088,0.2198654600356747,210.55758202929317,0.0519789914949075,0.2121212121212121,0.0,0.2348484848484848,3.15,0.0,0.0,0.0,16.42,2.0
62ded68be9e12bf448a7ffdb,299.796,0.0101646866025752,0.0285880776423952,-0.0430212936501482,0.9999546021312976,210.80624067631956,0.0701662200136554,0.7196969696969697,0.0,0.3106060606060606,11.26,0.0,0.0,0.1666666666666666,24.08,1.0
61650ba8e42101c561bf7335,520.499,0.2022545621780099,4.53978687024344e-05,0.3064554595928024,0.3514917363262301,204.89697781473717,0.0001020901228353,0.3787878787878788,0.0,0.1742424242424242,14.54,0.0,0.0,0.0,41.1,0.0
63e5c56c4ddeee504b9fa17f,745.734,0.6494051014812608,0.3281469488073907,-0.8555186337385776,0.6173164995671692,186.36309054115964,5.101645706600868e-13,0.0681818181818181,0.0075757575757575,0.2575757575757575,2.8,0.0,0.0,0.0,22.18,2.0
63e5ffdf639ebdcf35aacb09,479.701,0.3141690549800441,0.2381244976432139,0.1429353469291985,0.2697929648113845,197.7983233130352,6.215707725892837e-08,0.1212121212121212,0.0,0.2348484848484848,12.01,0.0,0.0,0.1666666666666666,16.57,0.0
61086469e5457fed4f164b8e,615.297,0.0091692129497187,4.53978687024344e-05,-0.0174373071063416,4.53978687024344e-05,212.361959257084,0.6821726606881775,0.2348484848484848,0.0,0.0757575757575757,24.24,0.0,0.0,0.0,40.61,0.0
5fee456f8929f014481adff9,601.134,4.53978687024344e-05,4.53978687024344e-05,0.9999092042625952,4.53978687024344e-05,65.67038794350738,8.372938077824168e-66,0.6439393939393939,0.0075757575757575,0.9696969696969696,181.59,0.0,0.1666666666666666,0.3333333333333333,27.93,0.0
611401411bf1ede5a4d85bdc,377.541,0.1716726110684977,4.53978687024344e-05,0.117788508869435,0.0869774524697367,197.93659820764208,7.169362023229752e-08,0.0681818181818181,0.0,0.3333333333333333,9.01,0.0,0.0,0.3333333333333333,14.76,0.0
636182d3f52ff78fc3f7de50,467.554,0.0449374394870299,0.0353325412043973,0.0638603160213215,0.594316285623837,211.4203385968364,0.152113078626286,0.5454545454545454,0.0075757575757575,0.2651515151515151,8.37,0.0,0.0,0.1666666666666666,42.12,1.0
63d7a0c6fe36d852418ac97a,377.914,0.1753281835208303,0.1115731194847489,0.4725829567691295,4.53978687024344e-05,184.3153375944296,6.346393737949004e-14,0.6060606060606061,0.0,0.4545454545454545,7.61,0.0,0.0,0.1666666666666666,32.14,0.0
63d12f8c48b235842187c959,267.097,4.53978687024344e-05,0.1770901746442687,-0.1245826459763993,0.8734691772913287,208.29733171426213,0.0039711815568425,0.8409090909090909,0.0,0.3181818181818182,23.12,0.3333333333333333,0.0,0.3333333333333333,4.68,0.0
5d1ce77cbac9bf001a4954f7,377.692,0.2262049770170442,0.1108176119286875,-0.427373406857535,0.424597628705178,197.5569554873543,4.845339622810856e-08,0.053030303030303,0.0,0.1666666666666666,2.08,0.0,0.0,0.1666666666666666,10.96,0.0
5ec0aeb3d216ee36d856ead2,386.011,0.0759980904795806,0.2147996626004454,-0.9745316715549872,0.7463982609369658,174.23913720924915,2.300923555591286e-18,0.0378787878787878,0.0,0.3106060606060606,10.18,0.0,0.0,0.1666666666666666,15.56,0.0
640377e3d569a80850182891,367.567,0.2170353256544615,0.0099296745382382,-0.284543683990592,0.9999546021312976,184.72431167296355,9.620940219137987e-14,0.2954545454545454,0.0,0.4393939393939394,1.34,0.0,0.0,0.5,14.03,0.0
611d4519393cabb9a4a46ebd,533.999,0.1431002169386411,4.53978687024344e-05,-0.0032121535678658,0.399958543488514,204.38233134205623,5.923520657408076e-05,0.0,0.0,0.25,10.82,0.0,0.0,0.1666666666666666,26.7,0.0
5a983a931ade740001b8ea50,450.144,0.4405207406023876,0.4011608936635752,0.641695947625861,0.2345977925599723,194.2040749092345,1.5396730752446032e-09,0.0227272727272727,0.0,0.4015151515151515,4.93,0.0,0.0,0.1666666666666666,25.42,1.0
64015b86a1764cf737326eb7,433.802,0.004717216223047,0.0324190500893544,0.1700215863599226,0.7384036707218541,210.06586998938457,0.0291307667520627,0.3712121212121212,0.0,0.2272727272727272,8.48,0.0,0.0,0.0,29.29,0.0
60ce8efd3dc93c8607362691,393.362,4.53978687024344e-05,4.53978687024344e-05,0.6351394503232788,4.539796009749201e-05,170.2134885562736,3.911498009716408e-20,0.4090909090909091,0.0,0.7272727272727273,2.62,0.0,0.0,0.5,3.56,2.0
62715bfe8dcc19e21152dce0,499.376,0.1611074597916449,4.53978687024344e-05,0.413748432977024,0.0722333217016226,185.969114543444,3.415597955597661e-13,0.5757575757575758,0.0,0.3560606060606061,12.86,0.0,0.0,0.0,33.54,1.0
63f807017a338dfff169fea8,626.48,0.2876535040018615,4.53978687024344e-05,-0.7706313931154156,0.7222636558553943,166.18517493783372,6.660544344360888e-22,0.0,0.0,0.1969696969696969,6.55,0.0,0.0,0.1666666666666666,31.38,0.0
63d89eb9781fd5479e5c175a,472.751,0.0169023126876766,0.0110197425229126,0.0329978628633593,0.9999546021312976,211.9023842292919,0.2971723305004776,0.0303030303030303,0.0,0.3939393939393939,9.77,0.0,0.0,0.0,22.24,0.0
5bf0cb0411439b000168edda,355.45,0.0243544901785366,0.0967889590608683,-0.0887137838581986,4.53978687024344e-05,208.5196986814706,0.0050758578948586,0.0681818181818181,0.0,0.4393939393939394,1.54,0.0,0.0,0.5,4.51,1.0
64077ddd11208afe2bec171a,515.264,0.0934995382985503,0.0655210060050103,0.2616055669613077,0.452151658213104,209.37450883538492,0.0131963797058875,0.1287878787878787,0.0,0.3257575757575757,7.73,0.0,0.0,0.0,13.17,0.0
5c9bfbfa325c3d001ad360a8,1126.03,4.53978687024344e-05,4.53978687024344e-05,-0.9999092042625952,0.9999546021312976,88.66711453440533,8.850405588455496e-56,0.1742424242424242,0.0151515151515151,0.9242424242424242,17.97,0.0,0.0,0.5,252.42,1.0
6400f8f41e203f131c68b79f,403.017,0.0265846930798026,4.53978687024344e-05,0.4942885952283375,4.53978687024344e-05,185.4876595378825,2.0921591567758785e-13,0.3560606060606061,0.0,0.2727272727272727,5.14,0.0,0.0,0.0,44.95,0.0
6401094035971e9972e06328,588.639,0.6863515966199156,0.3335561696820601,0.31775558414993,0.3795325513834492,170.66730154523697,6.190486942713625e-20,0.0,0.0,0.4015151515151515,10.72,0.0,0.1666666666666666,0.1666666666666666,42.35,0.0
63ecff07b619306f41db42fa,336.266,0.5943022102944857,0.8857066630749153,-0.955634542423738,0.2045833556019651,176.17194554432808,1.6304166093783838e-17,0.5833333333333334,0.0,0.4772727272727273,19.63,0.0,0.0,0.6666666666666666,15.41,1.0
604945573fc8844cdd15b9bf,468.997,0.1642125096841431,0.6695970465309765,-0.9999092042625952,0.4695679895592576,172.62130418860164,4.471960792492064e-19,0.0,0.0,0.3863636363636363,8.12,0.0,0.0,0.0,22.54,0.0
580777dd827ca10001db494b,425.671,0.2984464025794978,0.8467844983506114,0.1737145692574444,0.3716423168967179,192.371337126112,2.3531978999071124e-10,0.0,0.0,0.2272727272727272,4.0,0.0,0.0,0.1666666666666666,19.42,0.0
5ede9b80b8a141131edabbe1,561.119,4.53978687024344e-05,0.0088328580318064,-0.5711723377513567,0.9998312822011276,176.82909261860448,3.173660298311429e-17,0.0227272727272727,0.0151515151515151,0.25,26.45,0.0,0.0,0.0,42.65,0.0
6110ac49fa97e0c2c87223a2,519.85,0.0469028289617035,0.0375938368614056,-0.2356320526601779,0.4581719747694873,208.32134914304024,0.0040776465606273,0.0151515151515151,0.0227272727272727,0.1742424242424242,8.79,0.0,0.0,0.1666666666666666,10.11,0.0
63bc9e8cd8106f8d94c636d4,372.137,4.53978687024344e-05,0.2457883738498757,0.4357310511061074,0.9536735265528142,197.23308852553248,3.4694962969297926e-08,0.1893939393939394,0.0,0.5151515151515151,5.64,0.0,0.0,0.0,20.85,1.0
63fac97f0d4e8f6bfd753d90,304.111,0.1087025988068729,0.0695383341698378,-0.9999092042625952,4.53978687024344e-05,189.85634493059396,1.7983047291990556e-11,0.5833333333333334,0.0,0.5303030303030303,3.02,0.0,0.0,0.0,16.3,0.0
6400e07f37c248e81cbc9d41,476.197,0.3233094925607666,0.3347245374586131,-0.4976217293243627,0.9999546021312976,159.24324883737978,6.010252263794958e-25,0.0,0.0,0.4242424242424242,4.65,0.0,0.0,0.0,15.64,0.0
63df609cf58947e964792bb6,300.446,4.53978687024344e-05,0.012193830624778,-0.1623010112812208,0.6462555277524745,209.0601938747767,0.009263942750995,0.7045454545454546,0.0,0.3484848484848485,1.9,0.0,0.0,0.1666666666666666,10.91,0.0
6156a0460b95fa57be8312c4,430.376,0.0506470994685692,4.53978687024344e-05,0.1473661821558436,0.3464507812043749,208.76730456524203,0.0066802168465751,0.4015151515151515,0.0,0.1439393939393939,13.42,0.0,0.0,0.0,18.6,0.0
63b6e5e23b31a38790ff1ce2,373.681,0.3245621099144323,0.0343098362774877,0.985190466990688,0.4942899336135456,193.60881554973383,8.36125520844046e-10,0.1969696969696969,0.0,0.4772727272727273,2.78,0.0,0.0,0.0,13.79,0.0
60fc9ce95a59b3400b38e2a7,548.702,0.1223728247422771,0.1212230700505455,-0.1219356447643383,0.9999546021312976,188.25799557584887,3.5191669809698208e-12,0.0075757575757575,0.0,0.4242424242424242,9.53,0.0,0.0,0.0,32.83,0.0
6276b88b3b4036b3f0ca289b,461.487,0.5917682351085091,4.53978687024344e-05,-0.9999092042625952,0.79939881957342,178.8367983798449,2.4308305698199507e-16,0.303030303030303,0.0075757575757575,0.4924242424242424,4.19,0.0,0.0,0.1666666666666666,28.49,0.0
63034df51d918e1e3b97e5ce,731.497,0.2050654040179816,4.53978687024344e-05,-0.0547197922396479,0.4206755385496005,201.37815571679764,2.540945054460412e-06,0.0151515151515151,0.0075757575757575,0.1818181818181818,18.88,0.0,0.0,0.0,57.7,1.0
63fffd232a889b722046523c,487.525,0.0293662452182298,0.4380438509634199,0.124072737498869,0.3318350345524044,203.9481337600681,3.747164681950327e-05,0.0151515151515151,0.0,0.0075757575757575,15.0,0.0,0.0,0.0,44.22,0.0
63d1834e69a637cd32f16634,263.983,0.0075709624748841,0.0128894025850303,0.5685530052333261,0.9999355364251522,186.2984542165656,4.77661776925649e-13,0.9696969696969696,0.0,0.3787878787878788,4.37,0.0,0.0,0.1666666666666666,3.81,0.0
63d420b1d5b7dc6a3a4c50aa,526.257,0.0177945222201491,0.0275672246452393,-0.0486114081489165,0.7113283009609567,210.94170552630337,0.0828443508863071,0.106060606060606,0.0,0.2651515151515151,16.12,0.0,0.0,0.0,40.02,0.0
63e316f79fdeba5ba50385e1,510.96,0.1944134741518761,4.53978687024344e-05,-0.8113908223638611,0.8134276189362644,173.04989598352594,6.901234076223577e-19,0.1439393939393939,0.0,0.303030303030303,14.96,0.0,0.0,0.0,24.44,0.0
5f19fbbb7767270c32464eb5,477.169,0.3408766052743974,0.2120922854142771,0.0497116827680987,0.2677689471895542,205.2661735974659,0.0001510349011021,0.4242424242424242,0.0,0.4166666666666667,12.15,0.0,0.1666666666666666,0.0,33.8,0.0
63d3fb1c82d319ac2f752d80,448.026,0.2242907870711593,4.53978687024344e-05,0.2710416021547031,0.7264373794155503,198.9630710781012,2.071230833628551e-07,0.1666666666666666,0.0,0.5303030303030303,4.4,0.0,0.0,0.0,12.51,0.0
611343092396f1d9ed7018ad,535.206,0.4376749372657127,0.5598158693856508,-0.1333076431636062,0.323839688018946,197.28963281848857,3.677780393544584e-08,0.0151515151515151,0.0151515151515151,0.2196969696969697,7.6,0.0,0.0,0.0,25.62,0.0
60fcd9368e8d2b8740cf9251,785.425,0.0012910482739131,0.0218220356368484,0.0142570970957653,0.5095486116747147,212.30142517402888,0.5910171909761985,0.0303030303030303,0.0,0.106060606060606,136.78,0.0,0.0,0.1666666666666666,84.44,0.0
641ec1a9d9fe8a0941e39862,376.654,0.2128794653410529,4.53978687024344e-05,0.3557548997783433,4.53978687024344e-05,187.33929894002247,1.379302471661733e-12,0.2272727272727272,0.0,0.3181818181818182,2.97,0.0,0.0,0.1666666666666666,5.13,0.0
5b608617208f1c000100bdeb,455.84,0.0291879842643821,4.53978687024344e-05,0.4972997504658663,4.53978687024344e-05,183.11820554423815,1.8787114980705043e-14,0.0378787878787878,0.0,0.4621212121212121,5.88,0.0,0.0,0.8333333333333334,16.71,0.0
63f78c9346da47f7f8f3aef9,297.398,0.3265441143121371,0.3967814527634416,0.313445564557985,0.956057127387148,163.64158528780882,5.098618756829418e-23,0.2878787878787879,0.0,0.5606060606060606,1.84,0.0,0.0,0.0,7.68,1.0
6320e37620d067c7d322246a,504.959,0.0847320680227738,4.53978687024344e-05,0.1105309971568884,0.8805149087267369,206.79604946114176,0.0007752755047964,0.0833333333333333,0.0,0.3939393939393939,19.45,0.0,0.0,0.1666666666666666,33.46,0.0
63dd3dd2593c92be97d8dbde,348.807,4.53978687024344e-05,4.53978687024344e-05,0.9999092042625952,4.53978687024344e-05,75.67328853886175,1.915593327573971e-61,0.5681818181818182,0.0,0.9318181818181818,8.48,0.0,0.0,0.3333333333333333,16.26,0.0
5bfb5784a66aa500019dabef,441.12,0.7010585874467233,4.53978687024344e-05,-0.1095527360716915,0.3963896538459025,180.18525180133744,9.550386095165828e-16,0.0,0.0,0.303030303030303,22.48,0.0,0.0,0.1666666666666666,16.58,0.0
6400caf68d8b75041e36f702,713.165,4.53978687024344e-05,0.0741242900898115,0.2110014260970627,0.3162377466409488,205.5958551539019,0.0002144660685862,0.0757575757575757,0.0454545454545454,0.3257575757575757,26.0,0.0,0.0,0.1666666666666666,13.08,0.0
610c736500a4b33398fef94f,417.421,0.341369237253355,0.1874505710568047,-0.1067425931875938,0.4613237726702512,193.12570701635093,5.095861090569659e-10,0.0,0.0,0.1969696969696969,7.6,0.0,0.0,0.3333333333333333,28.3,0.0
63174f52c207f299e8f8dc08,457.17,0.4680998408787357,0.082203479019005,-0.285708129380667,0.5389678901524554,192.244723952658,2.0671234101012108e-10,0.0,0.0,0.2348484848484848,5.19,0.0,0.0,0.0,17.39,0.0
631ce86c7a3ce20f628bae05,463.268,0.1389669168494963,0.0069406941919411,-0.0947736367423884,4.53978687024344e-05,198.88458696831984,1.90968804371413e-07,0.1590909090909091,0.0,0.4166666666666667,3.36,0.0,0.0,0.1666666666666666,14.5,2.0
63f7b890b9c9e7b19a2e9281,349.272,0.2193324976690246,4.53978687024344e-05,0.173728977244197,0.848064616401539,192.2368303183537,2.0504876876833278e-10,0.3939393939393939,0.0,0.2121212121212121,7.74,0.0,0.0,0.0,15.47,0.0
5f507fb3e29c991f68f5879a,408.587,0.02718209293066,4.53978687024344e-05,0.454628613221387,0.9999546021312976,202.5602842397543,8.729536587841982e-06,0.0227272727272727,0.0,0.106060606060606,5.74,0.0,0.0,0.0,8.19,0.0
5d69d7e23aed95001b1aa05c,420.282,0.4025005754403526,0.3167375795719231,-0.3157483559097955,0.186076982441994,170.48439129218073,5.1447075595001574e-20,0.0227272727272727,0.0,0.4166666666666667,3.7,0.0,0.0,0.1666666666666666,7.7,1.0
5766d2f7fdff7a0001c1285b,438.005,0.0008978110744116,0.0059207370750642,0.9879412975010138,4.684380587586913e-05,134.60085216951333,9.895336567380386e-36,0.1439393939393939,0.0,0.7196969696969697,84.82,0.0,0.0,0.3333333333333333,7.82,0.0
6127e94c6abf253c484b38b7,356.908,0.797307228308279,0.9999546021312976,0.1122072530109012,0.495571389073706,169.7559595487713,2.4623686161559886e-20,0.2651515151515151,0.0,0.3636363636363636,4.25,0.0,0.0,0.0,17.44,0.0
6400dc45648545e7ca8f35a6,504.731,0.1553983388974323,4.53978687024344e-05,0.1968701986711638,0.9999546021312976,195.8162818292573,8.066367761641291e-09,0.1136363636363636,0.0,0.4621212121212121,7.62,0.0,0.0,0.0,19.93,0.0
631e8c52a408a788b7e62e11,379.022,0.2615782647335948,0.2431335626293113,0.9999092042625952,4.53978687024344e-05,143.58908072139704,8.418959524377454e-32,0.1969696969696969,0.0151515151515151,0.6439393939393939,2.94,0.0,0.0,0.0,11.94,0.0
5f721a81ee2a860fe028a8a4,926.632,4.53978687024344e-05,4.53978687024344e-05,-0.9999092042625952,0.9999546021312976,108.65731986682886,4.639986873830009e-47,0.0303030303030303,0.0075757575757575,0.4696969696969697,18.28,0.0,0.0,0.1666666666666666,40.82,1.0
63ea5b93d1c6d38e1f57dcfa,405.089,0.368254684386536,0.5325336658118296,-0.836842108135022,0.745438585238009,183.35569318173972,2.3917147835637684e-14,0.2954545454545454,0.0,0.4545454545454545,4.88,0.0,0.0,0.5,18.4,1.0
6400d9235287137e7b62fd29,389.938,0.0244233429542806,0.0776964374121994,0.242367007907793,0.6075195932683453,208.02603205534984,0.0029477266220025,0.2727272727272727,0.0151515151515151,0.3257575757575757,2.58,0.0,0.0,0.1666666666666666,8.35,0.0
63ee5e103b44d07673cc8bd6,295.246,0.1212943569606085,0.1276624150253306,-0.3210208428777248,4.53978687024344e-05,195.1298652943501,3.98329464450588e-09,0.3712121212121212,0.0,0.3181818181818182,1.33,0.0,0.0,0.5,7.76,1.0
64141beda1cef49212be9b6c,298.977,0.0055170806489187,0.0208953695516058,0.2688944841485956,0.9999546021312976,206.8419128755372,0.0008145496951038,0.8787878787878788,0.0,0.2045454545454545,2.63,0.1666666666666666,0.0,0.1666666666666666,11.64,1.0
63210b26bd58960c97b47ddc,507.383,0.375717779510878,4.53978687024344e-05,0.9999092042625952,0.5431113785194099,175.22476086160023,6.244346802059249e-18,0.0454545454545454,0.0,0.2878787878787879,9.05,0.0,0.0,0.1666666666666666,8.74,4.0
6414cd5e294152ef610c1272,480.118,4.53978687024344e-05,0.0143412862126937,0.1378581483928234,0.9999546021312976,210.5801108814796,0.0533990308819155,0.4924242424242424,0.0,0.106060606060606,18.21,0.0,0.0,0.0,15.54,4.0
62acc04d0a7788636b0e9915,470.599,0.2367167630427805,4.53978687024344e-05,-0.5194907028113374,0.9999546021312976,178.22088451430113,1.301463024226937e-16,0.3484848484848485,0.0,0.5757575757575758,16.72,0.0,0.0,0.3333333333333333,30.19,0.0
61010ed79b9d528dcd376bc7,385.539,0.1753119909402995,0.2008862388747815,0.5573586580853473,0.5768293312001955,197.8080685336637,6.278543254900677e-08,0.696969696969697,0.0075757575757575,0.3787878787878788,8.71,0.0,0.0,0.0,24.15,1.0
63e885e4e1fc973179d56f63,566.653,0.0882152295709774,0.0094734187697951,0.4039028100418385,0.9999546021312976,206.0701871166881,0.0003557742395956,0.0075757575757575,0.0075757575757575,0.2651515151515151,5.48,0.0,0.0,0.1666666666666666,25.03,1.0
63f477547d2302b4346299f4,854.233,0.0225635055730225,4.53978687024344e-05,0.9999092042625952,0.9999546021312976,156.84175138246155,5.327424594785386e-26,0.1818181818181818,0.0,0.5227272727272727,72.64,0.0,0.0,0.0,124.41,0.0
6111803025c0b80658532a61,420.391,4.53978687024344e-05,4.53978687024344e-05,0.1373470572509525,4.53978687024344e-05,209.9817377785338,0.0264228450292756,0.0,0.0,0.3863636363636363,4.01,0.0,0.0,0.3333333333333333,6.83,0.0
5efc1d4ee23e2a011ded073e,351.429,0.0035063309969432,0.0081066707597284,0.0417221006948671,0.9999546021312976,212.3567570436574,0.6730156816039479,0.2954545454545454,0.0,0.4015151515151515,2.76,0.0,0.0,0.0,8.68,1.0
641bb28bd1adb042a01a9d5f,306.311,4.53978687024344e-05,0.0074654580764912,0.0837785813127274,0.9999546021312976,211.7147969137058,0.2266097763766804,0.553030303030303,0.0075757575757575,0.2424242424242424,2.41,0.0,0.0,0.5,5.46,0.0
60fcf7102d7c9907d95a0920,371.53,0.6010340098041405,0.8036467814214556,-0.0252802682978035,0.5946041414968628,184.34193431216576,6.520433893606223e-14,0.1515151515151515,0.0075757575757575,0.3939393939393939,1.78,0.0,0.0,0.3333333333333333,7.77,0.0
63eeaedb26e599e86e8f7929,664.178,0.2149887776225978,0.0663180881912682,-0.9999092042625952,0.809545333481936,171.17513765629172,1.0348335785739188e-19,0.0,0.0,0.25,28.76,0.0,0.1666666666666666,0.0,25.14,0.0
62b33e2a447824fbd0770025,553.928,0.2377379383039813,0.0516768920937035,-0.4413056344374433,0.8921857039690032,186.6484651200057,6.822625541842341e-13,0.0075757575757575,0.0,0.1363636363636363,7.47,0.0,0.0,0.0,26.41,0.0
63b6cc23f13731158517f900,551.233,0.361023607591871,4.53978687024344e-05,0.5614791117894096,0.5862066164173474,187.9184662885184,2.489260693723206e-12,0.0,0.0,0.2348484848484848,5.87,0.0,0.0,0.0,26.08,1.0
63ced96b01986b01ef133497,521.014,4.53978687024344e-05,0.010056980185817,0.6055764511754611,4.53978687024344e-05,172.70008415843336,4.843189809994699e-19,0.4242424242424242,0.0,0.6060606060606061,15.98,0.0,0.0,0.0,37.02,1.0
63f0fb9941434d10e8e4909b,1222.505,0.3035822627007627,4.53978687024344e-05,-0.0636031490315052,0.2231083702333214,198.04495333731572,8.018061176548322e-08,0.0,0.0075757575757575,0.3484848484848485,24.77,0.0,1.0,0.3333333333333333,78.76,0.0
5cd10012174fc60016c10ffd,506.296,4.53978687024344e-05,0.2197171908883763,0.1059062207724792,0.6876615654038499,202.2754676601626,6.480819666981981e-06,0.0,0.0,0.0303030303030303,7.37,0.0,0.0,0.0,33.69,0.0
641359eb0e2dc93999637e35,860.386,0.0727754131184023,0.1390088698645042,0.1143333918077211,4.53978687024344e-05,195.3147223373097,4.8165540761661575e-09,0.0075757575757575,0.0075757575757575,0.2878787878787879,14.53,0.0,0.1666666666666666,0.1666666666666666,75.07,1.0
