PROLIFIC_PID,totalTime,subjLR,subjSM,subjNLL,subjLRTp,qa:dec_%rt<300,qa:dec_%rt>10000,qa:dec_%Conseqs,qa:dec_instruxDur,qa:frat_%rt<300,qa:frat_%rt>10000,qa:frat_%Conseqs,qa:frat_instruxDur,qa:blurEv
5f2f86864fd821374b4367bc,317.618,0.7168196729234685,5.0,209.59624370788106,0.016973406785225777,0.7803030303030303,0.007575757575757576,0.8712121212121212,2.0,0.0,0.0,0.8333333333333334,0.6,0.0
61492ac26b91b5b11ba2c88b,504.727,0.030776622885236526,0.2,189.8268774659623,1.744994154219133e-11,0.0,0.0,0.1590909090909091,7.36,0.0,0.0,0.0,29.62,0.0
60234c1d5a0cf81cba76ce5d,1140.393,0.9999546021312976,5.0,211.04283753557084,0.09391614703854845,0.0,0.05303030303030303,0.1590909090909091,22.99,0.0,0.3333333333333333,0.0,56.12,0.0
6362aca86b740b1ec4cb6efb,635.299,0.0659912621525576,0.845660814729883,207.14546588708313,0.001130462530157389,0.3712121212121212,0.007575757575757576,0.20454545454545456,1.86,0.0,0.16666666666666666,0.0,65.18,4.0
60fcd2b146529d02f1566012,442.68,0.006257405623455114,0.2,209.98605167033998,0.02655511612807214,0.0,0.0,0.38636363636363635,7.45,0.0,0.0,0.3333333333333333,24.14,0.0
63ed12d2c25b08ba24fe8a41,496.667,0.19793150878205307,0.28168799024300417,125.83828520836406,1.468951681224397e-39,0.0,0.0,0.2196969696969697,6.32,0.0,0.0,0.3333333333333333,16.07,1.0
5d412a9013864b0015b14b31,324.832,0.2228482327288598,5.0,211.86443751911793,0.2808992859260405,0.6590909090909091,0.0,0.3484848484848485,4.58,0.0,0.0,0.0,19.13,0.0
62ec219e5f3634408fb35580,462.284,0.08022073004435706,1.2396269623961995,207.2115057468459,0.001214208714792373,0.1893939393939394,0.0,0.38636363636363635,10.25,0.0,0.0,0.0,29.29,0.0
594936ad4152bf0001bfd5cd,407.559,0.4652879380307797,1.212103346171425,183.74506675614015,3.553406308559301e-14,0.0,0.0,0.3181818181818182,6.83,0.0,0.0,0.0,10.92,0.0
63d842d3e9626bd5fe5c17b1,675.732,0.11736729019863998,5.0,212.27748705407802,0.5617781647233404,0.803030303030303,0.0,0.7121212121212122,9.1,0.0,0.0,0.0,47.24,1.0
631bc422eec20143118ad66b,316.584,0.009722456860456244,0.2,207.58092670062643,0.001813086065298869,0.8560606060606061,0.0,0.5151515151515151,6.89,0.0,0.0,0.5,4.68,1.0
58016c9f551314000145af58,471.173,0.14146604610313837,5.0,211.96847452746164,0.32853600777221337,0.5909090909090909,0.0,0.5378787878787878,7.46,0.0,0.0,0.16666666666666666,21.06,2.0
63d1c10210ce566ce71616e8,419.72,0.0036180415173963057,0.2,211.35688369651967,0.14001070604725527,0.4166666666666667,0.0,0.14393939393939395,5.71,0.0,0.0,0.16666666666666666,26.35,0.0
5e55e83cc65ccb5ed547cb04,622.936,0.006284120446083684,0.2,211.04460340319244,0.09412319882449341,0.022727272727272728,0.0,0.022727272727272728,45.04,0.0,0.0,0.16666666666666666,50.17,0.0
63e5b3e89a3823139cb9d35e,335.92,0.09171136998945385,1.139060869409829,206.26389794000008,0.00043773577809190115,0.803030303030303,0.0,0.7424242424242424,7.36,0.0,0.0,0.16666666666666666,6.21,1.0
6400ea4cec0b310140841b2d,438.28,0.014681758783718642,0.33927772708217346,207.34264771637567,0.001399606745601332,0.22727272727272727,0.0,0.22727272727272727,10.95,0.0,0.0,0.0,15.38,0.0
6352b3c968388ef86f3556db,360.793,0.03613346231671768,0.2,169.69848149929584,2.323298250393698e-20,0.14393939393939395,0.0,0.4318181818181818,2.11,0.0,0.0,0.0,8.86,0.0
63dc7b5bf451a34177b66c66,459.587,0.07750282048427662,0.5673380252162278,196.08879129432708,1.0676401537850011e-08,0.20454545454545456,0.0,0.3787878787878788,8.47,0.0,0.0,0.0,19.5,0.0
63d881ab484805569b553bd8,533.905,0.00039673698734053996,0.2,212.4369022205592,0.8938507233175488,0.12878787878787878,0.0,0.11363636363636363,4.48,0.0,0.0,0.0,28.24,0.0
63d43dc4b4b7a0e426a381cd,534.733,0.43374523830669437,5.0,211.25645755416969,0.12300035585600425,0.0,0.0,0.32575757575757575,8.24,0.0,0.0,0.3333333333333333,19.36,0.0
5e7abb2c6c89e4000a180b4a,526.602,0.07153409860943943,0.2,136.1779763549503,4.838999130751162e-35,0.0,0.0,0.45454545454545453,11.27,0.0,0.0,0.16666666666666666,30.92,0.0
63d42c21dc6f4d60e34cc337,503.41,0.004621721991488704,0.2,211.2658620995531,0.12449139146618658,0.1893939393939394,0.0,0.16666666666666666,11.15,0.0,0.0,0.16666666666666666,33.53,0.0
62f6bc18e456bdf4bc90dd7b,1462.01,0.9999546021312976,4.852440895463275,207.23860742065347,0.00125036876583253,0.4015151515151515,0.022727272727272728,0.5454545454545454,22.21,0.0,0.0,0.16666666666666666,297.74,1.0
632aaef27780d596dc7e0a9f,667.598,0.4503987140647821,1.8587510627473833,198.95782609291774,2.060020384149475e-07,0.0,0.0,0.25757575757575757,18.27,0.0,0.0,0.0,29.2,0.0
63d6873b65a6170d64a652f6,568.048,0.012949319658615868,0.2,204.30764849506363,5.474406160165098e-05,0.007575757575757576,0.015151515151515152,0.49242424242424243,6.47,0.0,0.3333333333333333,0.0,37.95,0.0
633fa968afc8d3d2c0d8745c,449.022,4.5397868702434395e-05,5.0,212.44676678256187,1.0,0.14393939393939395,0.0,0.26515151515151514,12.07,0.0,0.0,0.0,10.57,0.0
5c3161130cfe9a00012f71ff,282.039,0.01168983332567379,0.2,200.32046325709973,8.457711412334826e-07,0.7954545454545454,0.0,0.5909090909090909,2.79,0.0,0.0,0.16666666666666666,2.4,0.0
5f1f3581b5cf3e103cc545c9,689.277,0.027071122385469295,0.2,196.59545501239575,1.7985746574597394e-08,0.0,0.007575757575757576,0.24242424242424243,10.55,0.0,0.0,0.16666666666666666,20.34,1.0
63d42387aba51e699ab9ce5c,283.1,7.77450055644923e-05,0.2,212.4456075139893,0.9841664051373883,0.6590909090909091,0.007575757575757576,0.06818181818181818,2.88,0.16666666666666666,0.0,0.0,4.94,0.0
5fa935b3d330fa0429da624a,389.613,0.38912469157379087,1.720178701584505,199.4740333143046,3.515494694376177e-07,0.007575757575757576,0.0,0.23484848484848486,2.54,0.0,0.0,0.0,5.89,0.0
63d97863bc1e08294519edd8,384.577,4.5397868702434395e-05,5.0,212.4460950691306,1.0,0.23484848484848486,0.0,0.6666666666666666,4.38,0.0,0.0,0.0,17.37,0.0
60fefd59226b2b1d87bc36db,802.65,0.011475655838828966,0.2,206.42221373377328,0.0005187075047302744,0.015151515151515152,0.030303030303030304,0.3106060606060606,20.0,0.0,0.16666666666666666,0.16666666666666666,223.45,0.0
5f5691fb24d1090e6bcdf1ec,443.622,0.24374257654426335,1.5132597957872078,199.8716556142148,5.308649485536734e-07,0.13636363636363635,0.0,0.1590909090909091,9.91,0.0,0.0,0.16666666666666666,33.45,0.0
5d5606cd4171ec00182e2b15,326.668,4.5397868702434395e-05,5.0,212.44582277880332,1.0,0.7727272727272727,0.007575757575757576,0.7121212121212122,5.8,0.16666666666666666,0.0,0.3333333333333333,4.92,1.0
6162341a644c08d5cca4b7bb,481.351,0.005538967040630249,0.2,211.65365400946632,0.20814227489439432,0.030303030303030304,0.0,0.25757575757575757,4.06,0.0,0.0,0.16666666666666666,31.98,0.0
6400de8f305c51d03c2a9a0e,380.175,0.5444143433851313,3.65663010740039,208.4265495261195,0.004579319305550408,0.24242424242424243,0.0,0.18181818181818182,1.94,0.0,0.0,0.0,8.9,0.0
5b184f9768a5ed0001734190,720.175,0.001519637975114669,0.2,212.28781677799685,0.5740364247246402,0.015151515151515152,0.0,0.2196969696969697,214.37,0.0,0.0,0.5,41.08,0.0
56b8de29e1d0a200051517f8,412.837,0.2863601874629924,3.9399900142740596,210.83619940393285,0.07277874288725898,0.0,0.0,0.6893939393939394,9.92,0.0,0.0,0.16666666666666666,15.4,0.0
63fba157c9ebcb0ba6397872,377.702,0.9382325902604643,3.107632332802492,201.32200000609555,2.39657043759665e-06,0.30303030303030304,0.0,0.3333333333333333,2.81,0.0,0.0,0.3333333333333333,10.03,0.0
63e802622f8052bd67d6c5f0,381.973,0.01983255689900541,0.2,199.4195400006249,3.322533746090917e-07,0.015151515151515152,0.0,0.29545454545454547,5.63,0.0,0.0,0.0,11.98,0.0
63d413840c9c512ac3dfc533,343.548,0.11894588030520375,0.9047006696171219,200.72851823741544,1.2923496581779771e-06,0.12121212121212122,0.0,0.6363636363636364,1.12,0.0,0.0,0.0,8.36,0.0
63ed15bed4665c62d9e6dbb2,1424.679,0.18270920292292542,4.419521942309503,211.37337108363946,0.1430474591513802,0.8484848484848485,0.0,0.5075757575757576,922.96,0.0,0.0,0.0,159.6,0.0
63e1f5009f56fcb831963f19,690.201,0.0012030916828401374,0.2,212.35628752571137,0.6722048687961446,0.3106060606060606,0.022727272727272728,0.22727272727272727,33.06,0.0,0.0,0.16666666666666666,74.28,0.0
5c4e31b37065de00011f795d,1070.254,0.5262505600321449,3.2974089039252914,207.39998827391287,0.0014894410930297514,0.0,0.06060606060606061,0.7424242424242424,65.57,0.0,0.16666666666666666,0.6666666666666666,53.38,0.0
572041d6fd3a5200093c1295,311.041,0.7124435827082694,5.0,211.13302573222722,0.1051555706870352,0.6818181818181818,0.0,0.6515151515151515,2.0,0.0,0.0,0.16666666666666666,11.1,0.0
63d41088860131e49a85cfac,440.54,4.5397868702434395e-05,5.0,212.44637639253912,1.0,0.08333333333333333,0.0,0.1590909090909091,17.55,0.0,0.0,0.0,18.78,0.0
6400e1e1c539ed3882af8d8f,886.013,0.050207154991474524,0.8112343897458252,207.35933805511965,0.0014251739817738086,0.0,0.0,0.32575757575757575,23.12,0.0,0.0,0.0,112.34,1.0
63f2e107c4d0bc684b99d2c6,405.341,0.30173753941811504,3.356956789899266,209.37719383886497,0.013236516301827223,0.29545454545454547,0.0,0.6287878787878788,3.21,0.0,0.0,0.8333333333333334,17.66,0.0
5f43ef4041bb5f11a27aa07e,541.79,0.19225470869412475,3.458447315342068,210.75018369189266,0.0655435803206578,0.015151515151515152,0.0,0.2196969696969697,17.05,0.0,0.16666666666666666,0.16666666666666666,40.69,0.0
5dbf692c2a1dd63f64ef5ae4,506.952,0.030453906048894794,0.2,169.90551362043624,2.8644993035945664e-20,0.3106060606060606,0.0,0.6363636363636364,8.44,0.0,0.0,0.5,40.78,0.0
5fd8025bcfda8b1165a0b16e,531.762,0.4919744275888336,1.4293889210619541,190.0067041864276,2.0967924569488248e-11,0.015151515151515152,0.0,0.16666666666666666,11.18,0.0,0.0,0.16666666666666666,22.04,0.0
60fd933d5461857048f9e74c,439.649,0.007124096261101048,0.2,209.08851556341622,0.009562793006254202,0.25,0.0,0.3106060606060606,7.17,0.0,0.0,0.0,21.11,0.0
60f75a701ac4cfc5c17cceb7,528.771,0.09650937399458265,0.6315873705936436,202.61635516727978,9.25712059310566e-06,0.0,0.0,0.3712121212121212,7.42,0.0,0.0,0.16666666666666666,17.54,0.0
5e87900b524dca41065df104,336.545,4.5397868702434395e-05,5.0,212.44640359578653,1.0,0.5909090909090909,0.015151515151515152,0.07575757575757576,3.13,0.6666666666666666,0.0,0.6666666666666666,12.15,0.0
5edc0583f16dff0c806bdbb6,420.414,0.030161849867393446,0.2,168.07764119893275,4.5110479003963574e-21,0.3712121212121212,0.007575757575757576,0.5833333333333334,1.59,0.0,0.0,0.3333333333333333,3.62,0.0
608d0831835bd8f85ac9237e,583.844,0.015635434947692244,5.0,212.4253193557429,0.8395955103480193,0.09848484848484848,0.0,0.09090909090909091,18.75,0.0,0.0,0.0,45.17,0.0
6108027a71236aa28a407666,439.409,0.0485881435178154,0.36954713001224054,201.73636909570982,3.691203100583107e-06,0.0,0.0,0.3181818181818182,2.01,0.0,0.0,0.5,9.82,0.0
6005fd9c8bbd67931607e518,422.877,0.0034141502378495867,0.2,211.85293151435357,0.27618935054440485,0.2878787878787879,0.0,0.7727272727272727,5.68,0.0,0.0,0.16666666666666666,13.49,0.0
5ee71ce25f11c84a3e909b09,579.666,0.1163857217824357,2.2319626431246835,210.56775366677644,0.052615116484960575,0.18181818181818182,0.007575757575757576,0.45454545454545453,3.62,0.0,0.0,0.0,18.43,0.0
5ec0d47ecf12be4ea2754516,433.187,0.009728780394166726,0.2,206.8729903672422,0.0008422994623874312,0.5984848484848485,0.0,0.4166666666666667,3.24,0.0,0.0,0.3333333333333333,6.51,0.0
63e5be4daa8fac2e51d4fe91,336.715,0.10311759983237878,0.6962281645657654,194.29369284304033,1.6879769470272552e-09,0.18181818181818182,0.0,0.36363636363636365,4.02,0.0,0.0,0.0,10.02,0.0
60ff4339f5ffb265d16b144f,460.942,0.0024285506080321184,0.2,212.05257916141363,0.37517556079175907,0.3484848484848485,0.0,0.06818181818181818,15.28,0.0,0.16666666666666666,0.0,35.83,1.0
63ea4e8c0e9a66f5843ed4ac,277.195,4.5397868702434395e-05,5.0,212.44618577198497,1.0,0.6212121212121212,0.0,0.7727272727272727,2.14,0.16666666666666666,0.0,0.8333333333333334,5.87,1.0
6361769fee0c219b0f1cc480,396.633,4.5397868702434395e-05,5.0,212.4458500658244,1.0,0.15151515151515152,0.0,0.4318181818181818,5.05,0.0,0.0,0.8333333333333334,18.58,0.0
63d13b44f511eff0aef876f2,349.689,0.548391850416211,1.2105171141410387,176.30496426587206,1.865713678499917e-17,0.15151515151515152,0.0,0.48484848484848486,7.25,0.0,0.0,0.0,20.17,0.0
61021c2ad3b0633be797eddf,587.894,0.004283812211225802,0.2,211.8061635841164,0.258032631067339,0.0,0.007575757575757576,0.015151515151515152,15.36,0.0,0.0,0.0,78.61,0.0
5fe354a2e44df4fb4634bbc3,397.853,0.02968420367181089,0.3844493126399265,203.9626803440263,3.8050267107748744e-05,0.11363636363636363,0.0,0.3484848484848485,12.01,0.0,0.0,0.0,29.4,0.0
5d5a48a67ca41f0001e97f8b,407.271,0.0022944498645747005,0.2,212.23624229568725,0.5173743296205566,0.25757575757575757,0.0,0.16666666666666666,16.33,0.0,0.0,0.16666666666666666,10.74,0.0
5d9303bbc400a90018821b13,351.945,0.0807011517979502,0.5563137151393717,188.00841167487516,2.7283573995887357e-12,0.38636363636363635,0.0,0.4090909090909091,9.2,0.0,0.0,0.0,16.86,1.0
63f77d4f671167ec16eee15c,414.47,0.09191529912787565,2.047265678184573,210.53658964304842,0.05069172818957165,0.12121212121212122,0.0,0.19696969696969696,4.34,0.0,0.0,0.0,20.32,0.0
63e576170eb086a90644efb4,371.285,0.6819906482589192,1.4828973155542007,184.64737545034058,8.896571414587668e-14,0.08333333333333333,0.0,0.49242424242424243,2.48,0.0,0.0,0.3333333333333333,15.7,1.0
60d2d061fd054556769ca306,373.885,0.38877746114914613,2.391359329527467,204.5992696075233,7.4496630567124e-05,0.17424242424242425,0.0,0.4318181818181818,6.09,0.0,0.0,0.16666666666666666,3.03,0.0
5fb7c9fa2be0a83d8f8913b8,368.783,0.0005465611368342399,0.2,212.41723429646075,0.8110742935170718,0.007575757575757576,0.0,0.3939393939393939,2.27,0.0,0.0,0.16666666666666666,13.56,0.0
63d83eafdd418ada3528719e,,,,,,,,,,,,,,
63bda65b774a91e291c5b1a8,603.434,0.0006170844972087104,0.2,212.42429340025643,0.8356836985587727,0.09848484848484848,0.0,0.3409090909090909,10.94,0.0,0.0,0.0,40.09,0.0
63e857fe022e159687d56f41,387.508,0.0134847165551323,0.2,203.76110875582424,3.0774225270649574e-05,0.7954545454545454,0.0,0.9621212121212122,9.46,0.0,0.0,0.0,4.25,0.0
5bb94dea3ea7ed00017cb109,458.949,0.03445647589697435,0.2,176.7451504928601,2.91478875165047e-17,0.0,0.0,0.08333333333333333,5.46,0.0,0.0,0.16666666666666666,24.73,0.0
63d73bfc8765da5b8a06f465,889.495,0.01222227909804646,0.2,206.6582403957578,0.0006683983148822278,0.0,0.007575757575757576,0.08333333333333333,31.51,0.0,0.16666666666666666,0.16666666666666666,75.31,0.0
628419137c4c3ded72e4874d,493.129,0.005713817935066223,0.2,211.46945859544041,0.16229709035724396,0.0,0.0,0.25757575757575757,7.07,0.0,0.0,0.3333333333333333,11.61,0.0
63e711bb284d2bc894a057a6,737.706,0.5311628347691496,1.4695660829868302,189.51286477975358,1.2663247868957201e-11,0.0,0.0,0.13636363636363635,12.1,0.0,0.0,0.16666666666666666,37.88,0.0
60ed200c728ab881912aac11,501.282,0.6335222286117921,2.562994193530282,202.4730181547696,7.967824746340555e-06,0.05303030303030303,0.0,0.5227272727272727,31.63,0.0,0.0,0.0,22.43,0.0
63d7ddc0c07dd5787084df8e,418.351,0.015385515591487665,0.2,205.16813071798262,0.000136101829746824,0.10606060606060606,0.0,0.4393939393939394,3.12,0.0,0.0,0.16666666666666666,11.49,0.0
60fd9e6a8312b735fef884d4,729.271,0.032134508677956405,0.7914920703800622,210.19333635898874,0.03379715769315956,0.0,0.0,0.06818181818181818,16.35,0.0,0.0,0.0,51.99,0.0
5e03f8517f08edece67a3137,720.008,0.005060945121367675,0.2,211.1874575529819,0.11264654146411084,0.030303030303030304,0.022727272727272728,0.3333333333333333,38.71,0.0,0.0,0.0,32.73,0.0
61282ca83be28773ac7c421f,961.663,0.6850009232719259,1.7912387948332356,191.83180117327885,1.3546755606100181e-10,0.0,0.007575757575757576,0.4015151515151515,98.18,0.0,0.16666666666666666,0.16666666666666666,58.62,0.0
6310ceffa120ca2c1fbe1d92,625.906,4.5397868702434395e-05,5.0,212.4468847863487,1.0,0.0,0.0,0.1893939393939394,14.62,0.0,0.0,0.5,29.84,0.0
62d78737dcea82e9f96b957c,519.214,0.0008219268118895903,0.2,212.3886076843146,0.7351965746851239,0.5075757575757576,0.0,0.3181818181818182,9.77,0.0,0.0,0.0,35.27,0.0
63d865b3e3e28b34ec2ed45c,330.253,0.001980143194737587,0.2,212.0758257585732,0.389674535820394,0.5984848484848485,0.0,0.5681818181818182,5.4,0.6666666666666666,0.0,0.8333333333333334,14.03,0.0
60fcd5602ff7c8f0866ecd0c,372.939,0.012064621765342448,0.2,206.51598522029815,0.0005736368009373016,0.2727272727272727,0.0,0.4090909090909091,5.38,0.0,0.0,0.16666666666666666,15.42,0.0
631699e51577c995252cf3fc,253.921,0.005929511215412325,0.2,210.6570620559295,0.058567766522547984,0.3787878787878788,0.0,0.25757575757575757,0.91,0.3333333333333333,0.0,0.0,1.63,0.0
62d06d1b651d6922f62fab9b,398.975,0.0020936631669512124,0.2,212.27076683300413,0.5540705548713729,0.5984848484848485,0.0,0.36363636363636365,2.77,0.0,0.0,0.16666666666666666,29.35,0.0
627ea14463f25dce42e73d51,453.763,0.011725232223115913,0.2,205.2990892091404,0.00015640980097042577,0.4015151515151515,0.0,0.24242424242424243,3.45,0.0,0.16666666666666666,0.16666666666666666,13.11,2.0
5fcecd70db3ccb1a7f9331c9,476.486,0.026765509436354747,0.2,195.43910017076908,5.4733587951648645e-09,0.007575757575757576,0.0,0.49242424242424243,11.5,0.0,0.0,0.3333333333333333,44.44,0.0
6338c2127eed17193a7a4d32,424.33,4.5397868702434395e-05,5.0,212.44644922109404,1.0,0.5757575757575758,0.0,0.18181818181818182,18.34,0.0,0.0,0.0,24.42,0.0
60aeef267e494909058ef34e,418.209,0.09707579624159289,2.6504256929209826,211.40731685624485,0.14953624983651276,0.5454545454545454,0.0,0.13636363636363635,8.8,0.0,0.0,0.0,16.39,1.0
63ed1fa5c88ecae92bf0c920,510.975,0.4685058184507644,0.8657329262495946,168.6022880730025,7.667542977048421e-21,0.0,0.0,0.4621212121212121,5.83,0.0,0.0,0.0,23.41,2.0
63d7457dae12d98a8ebd18f6,464.53,0.0005109968538421362,0.2,212.42798084530787,0.8502459352624001,0.022727272727272728,0.0,0.4015151515151515,8.2,0.0,0.0,0.16666666666666666,25.02,0.0
602b3ed14ae791260d6d12c5,330.088,0.7051622499359081,5.0,209.84046124368587,0.022448470513896934,0.19696969696969696,0.0,0.5757575757575758,1.64,0.0,0.0,0.16666666666666666,11.96,0.0
63d71e67dd0fcccd3cc745b0,478.435,4.5397868702434395e-05,5.0,212.44666673622586,1.0,0.2878787878787879,0.0,0.4393939393939394,12.26,0.0,0.16666666666666666,0.3333333333333333,19.43,6.0
63e573b546bc72bbe9bffc5f,549.771,0.06415647115956367,0.33414313293834097,195.99835100621,9.727778785975813e-09,0.0,0.0,0.15151515151515152,14.08,0.0,0.0,0.0,25.47,1.0
60f08e2a0d6d27ff93244345,377.922,0.008740679824023073,0.2,209.24071094045408,0.011346746490139245,0.4015151515151515,0.0,0.21212121212121213,11.96,0.0,0.0,0.16666666666666666,21.08,0.0
5d42abf3c9acd700010c41df,365.708,0.14134147947774833,1.8834393240666714,208.41082018535644,0.004500489890561249,0.3106060606060606,0.0,0.1893939393939394,8.22,0.5,0.0,0.16666666666666666,11.62,0.0
5d5af711bb10640001afd133,465.404,0.01764508573727103,0.2,197.9503801045658,7.272102972244257e-08,0.09848484848484848,0.0,0.4318181818181818,7.29,0.0,0.0,0.16666666666666666,11.6,0.0
6150e9017c1b2aa8bf683c32,666.802,0.0029374569691207786,0.2,212.16348890032904,0.4524003040737079,0.007575757575757576,0.0,0.03787878787878788,21.4,0.0,0.16666666666666666,0.0,38.97,0.0
60beba435afc451476fa7781,363.729,0.008373553563489214,0.2,209.34230023384754,0.012724549135953334,0.14393939393939395,0.0,0.2878787878787879,7.75,0.0,0.0,0.0,11.17,0.0
63d1b93d9abc8c4b40e2d92f,458.719,0.005355833103021228,0.2,211.41612192662097,0.15127319488157043,0.11363636363636363,0.007575757575757576,0.1590909090909091,4.16,0.0,0.0,0.16666666666666666,13.54,9.0
63652b3ed1f35f8e04325845,515.411,4.5397868702434395e-05,5.0,212.44630400257114,1.0,0.2878787878787879,0.007575757575757576,0.09848484848484848,19.81,0.0,0.0,0.0,57.27,0.0
63dab0380b8791f9560fd329,419.069,0.038603836016587616,0.2,168.94839579460657,1.0880592958931329e-20,0.06818181818181818,0.0,0.2727272727272727,3.8,0.0,0.0,0.3333333333333333,8.37,3.0
63d80b500adef5b476e289a4,349.97,4.5397868702434395e-05,5.0,212.45066943654663,1.0,0.3333333333333333,0.0,0.9924242424242424,2.15,0.0,0.0,0.6666666666666666,15.12,0.0
5f48dab70aa4ce3aa1914003,455.614,0.04112981718098924,0.2,160.91924648631752,3.2628197466338494e-24,0.007575757575757576,0.0,0.2878787878787879,28.78,0.0,0.0,0.16666666666666666,20.28,0.0
6400d9993ddcc2436a9f2e1a,338.756,0.9999546021312976,4.168082048437494,205.45495513691046,0.000184598764924007,0.5075757575757576,0.0,0.2803030303030303,7.85,0.0,0.0,0.0,5.78,1.0
63cff34d33a9948e3b0b28d6,394.457,0.03750426139235598,0.4252104799759075,199.76748584959137,4.765100081180691e-07,0.0,0.0,0.49242424242424243,6.77,0.0,0.0,0.0,12.01,0.0
63e55887d67a5c7e32a678fa,361.036,4.5397868702434395e-05,5.0,212.44601324278784,1.0,0.2727272727272727,0.0,0.16666666666666666,4.72,0.0,0.0,0.5,16.88,1.0
63d81e2fb6c8f0da25fea602,503.534,4.5397868702434395e-05,5.0,212.44745676099294,1.0,0.2727272727272727,0.0,0.24242424242424243,12.85,0.0,0.0,0.0,42.29,0.0
6400da061dc90debed65731b,487.098,0.11535940720851513,1.5640046869043795,207.9655608431727,0.0027588131316723338,0.45454545454545453,0.0,0.25,21.99,0.0,0.0,0.0,39.5,0.0
610189e61b2d3520eea21de6,401.78,0.07525556497619096,0.4153140210502996,188.41232036508367,4.119075344664636e-12,0.030303030303030304,0.0,0.49242424242424243,12.03,0.0,0.0,0.16666666666666666,13.25,0.0
5fa5a899f2b7600f72104ad1,318.016,0.9999546021312976,5.0,208.64291792793793,0.005818171495787104,0.3787878787878788,0.0,0.4318181818181818,2.54,0.0,0.0,0.16666666666666666,6.46,0.0
5e223f4219295951f846dd16,465.802,0.004445531483403858,0.2,211.80549180531244,0.25778280892424654,0.18181818181818182,0.007575757575757576,0.36363636363636365,2.29,0.0,0.0,0.3333333333333333,13.86,0.0
5df1133b99b28201e0a1181c,335.147,0.06906711891393025,1.4240934808135761,209.61430598014675,0.01732649237191119,0.3409090909090909,0.0,0.09848484848484848,3.82,0.0,0.0,0.0,9.52,0.0
60fd738c235e974993ad455c,500.611,0.02446316314771529,0.2,190.28303164109323,2.7806390447275365e-11,0.05303030303030303,0.0,0.30303030303030304,10.52,0.0,0.16666666666666666,0.16666666666666666,27.41,0.0
63b6ef9027eb90f292852ee4,510.67,0.2538628918273727,0.47281014903008706,137.84266575834943,2.5849466420078828e-34,0.0,0.0,0.30303030303030304,5.51,0.0,0.0,0.0,66.93,1.0
5e2cd786dc63ca2ff798a0ca,499.076,4.5397868702434395e-05,5.0,212.44644923303588,1.0,0.14393939393939395,0.022727272727272728,0.48484848484848486,1.8,0.0,0.0,0.16666666666666666,3.63,0.0
5bbc4bd1f83ac60001fe665e,455.817,0.051819943917288225,0.2937925321998381,179.40139032935411,4.310520821434582e-16,0.0,0.0,0.25,5.68,0.0,0.0,0.0,16.1,0.0
64013f9fa92a5dd2d30c5575,597.098,4.5397868702434395e-05,5.0,212.4465402216926,1.0,0.03787878787878788,0.0,0.3181818181818182,16.65,0.0,0.0,0.8333333333333334,36.78,0.0
63ea6fc5092518554c9b8111,401.278,0.009216397453713726,0.2,209.6089817869215,0.017221633037189904,0.030303030303030304,0.0,0.4318181818181818,5.6,0.0,0.0,0.16666666666666666,30.6,0.0
63bb98852cdc67dece8adb8e,461.593,0.07665981857121633,0.4004604403047701,184.93213374979194,1.1886475799256252e-13,0.022727272727272728,0.0,0.15151515151515152,4.28,0.0,0.0,0.0,26.28,0.0
5c59d8105bbd810001fb26de,812.213,0.009602600793996639,0.2,208.7141991203443,0.006297259309719362,0.5984848484848485,0.022727272727272728,0.22727272727272727,15.99,0.0,0.16666666666666666,0.16666666666666666,32.28,0.0
55d86f3569dbc30012b6869f,402.148,0.09515988654731591,1.2693724222160176,207.2312331753322,0.0012404231905966724,0.09090909090909091,0.0,0.3409090909090909,2.0,0.0,0.0,0.16666666666666666,16.39,0.0
63d1401242635aaffe867c4c,582.214,0.13212198537882552,0.2384189043567279,136.39805149960932,6.038825498286165e-35,0.0,0.0,0.3560606060606061,16.17,0.0,0.0,0.0,27.76,0.0
63bd81516745e78ee7f50f7f,480.843,4.5397868702434395e-05,5.0,212.44789223361525,1.0,0.09090909090909091,0.0,0.5,3.91,0.0,0.0,0.3333333333333333,30.53,1.0
6362406ab7caf5fc96bb61c8,662.277,4.5397868702434395e-05,5.0,212.44674866373379,1.0,0.09090909090909091,0.0,0.25,8.49,0.0,0.0,0.16666666666666666,33.42,1.0
5c9432caec114b0001419276,598.505,4.5397868702434395e-05,5.0,212.447293082483,1.0,0.08333333333333333,0.0,0.08333333333333333,9.29,0.0,0.0,0.16666666666666666,85.89,0.0
60bafed1d4e636dce6350863,394.952,0.039487211345044786,0.2,182.64604637616637,1.1626374933631655e-14,0.25757575757575757,0.0,0.3787878787878788,4.47,0.0,0.0,0.16666666666666666,20.72,1.0
63b82398bbe6a599972413ad,540.142,0.25464033716406564,0.7558281277784314,178.91409362637154,2.6291155580474174e-16,0.0,0.0,0.4090909090909091,3.34,0.0,0.0,0.5,18.09,0.0
608590825d295c858cbe7fa9,399.734,0.0013202255817487169,0.2,212.26300887736855,0.5454173444175059,0.13636363636363635,0.0,0.3560606060606061,4.83,0.0,0.0,0.0,31.57,1.0
6400d916e410c86255a45836,404.563,0.3302315928284171,3.2056701402916765,209.38103369861486,0.013294134407791208,0.18181818181818182,0.0,0.48484848484848486,4.86,0.0,0.0,0.0,17.55,1.0
63f794e7d8d24753edbbb136,707.574,0.19676227906240798,0.21803450282055162,116.86742400783042,1.7776205554936949e-43,0.0,0.0,0.5151515151515151,28.07,0.0,0.0,0.3333333333333333,50.44,0.0
5b9b422307c6960001614c35,590.323,0.07335208723824273,0.41814457170584274,187.65048329653206,1.8941501280238193e-12,0.045454545454545456,0.0,0.4318181818181818,31.98,0.0,0.0,0.16666666666666666,41.86,0.0
5adfcb03f6b58c0001fa9083,641.596,0.10457334832227959,2.257919555905843,210.44281081634944,0.04533893719473116,0.05303030303030303,0.0,0.4015151515151515,204.61,0.0,0.0,0.3333333333333333,15.95,0.0
5ba863a346de410001ecfb2a,588.623,0.4825131227621835,1.9550874024547098,200.5850638788388,1.113329252237098e-06,0.045454545454545456,0.015151515151515152,0.25,5.57,0.0,0.0,0.0,20.4,0.0
63d80cb1ba40ad04c1edd4db,463.444,0.09948446550924182,0.732010423251747,199.359422182822,3.1219483395067627e-07,0.0,0.0,0.4318181818181818,8.06,0.0,0.0,0.0,16.66,0.0
560ce65601c38a0012769e20,724.853,0.0054712803286578885,0.2,210.08801221098156,0.029890403171895064,0.0,0.0,0.17424242424242425,18.12,0.0,0.0,0.0,32.7,0.0
63ed0065eb23ac3ee1726453,311.008,0.0029011355674947595,0.2,211.98428176798458,0.33667663213447263,0.5454545454545454,0.0,0.09090909090909091,2.63,0.16666666666666666,0.0,0.0,13.92,0.0
5f514708067fba172909261a,585.209,0.36678134284891595,5.0,211.954188013172,0.3214019672324033,0.12121212121212122,0.022727272727272728,0.18181818181818182,4.21,0.0,0.0,0.0,17.56,0.0
60599946259dc97d30e2001f,422.716,0.5838397190105755,4.124613562096385,208.83682956046258,0.007217810176274376,0.03787878787878788,0.0,0.13636363636363635,9.39,0.0,0.0,0.16666666666666666,12.8,0.0
610063614e6ba35532307dda,462.776,0.4420514100112572,1.0567780812283023,180.53732031014871,1.3653251514559104e-15,0.0,0.0,0.22727272727272727,7.78,0.0,0.0,0.0,11.06,0.0
63f7becf2322a5ba95aad1dc,448.721,4.5397868702434395e-05,5.0,212.44641274486415,1.0,0.5303030303030303,0.0,0.4015151515151515,14.41,0.0,0.0,0.16666666666666666,46.91,0.0
5e6fdd81478ec45b2420b83d,280.962,4.5397868702434395e-05,5.0,212.44625830796937,1.0,0.5909090909090909,0.0,0.18181818181818182,3.96,0.3333333333333333,0.0,0.16666666666666666,5.13,0.0
5d7850851841fc0001e9c64d,348.343,0.03878014250560803,0.2,173.49290370279772,1.0807349591325892e-18,0.030303030303030304,0.0,0.11363636363636363,2.93,0.0,0.0,0.0,9.32,0.0
5a2846ceb4a5de00011af418,450.729,0.07366465456717122,0.5233224335786447,193.33763823275726,6.332020749322949e-10,0.007575757575757576,0.0,0.18181818181818182,14.19,0.0,0.0,0.0,27.66,0.0
611f9bb3dcada21890ed9af0,703.775,0.15419880184687812,0.44162769695470516,170.30381921275958,4.285759070990008e-20,0.0,0.007575757575757576,0.29545454545454547,26.36,0.0,0.0,0.0,54.56,0.0
64057cd2806cfdca58f0de34,409.082,0.03437798814228182,0.2,176.47354484228237,2.213336722993631e-17,0.0,0.0,0.06818181818181818,4.1,0.0,0.0,0.0,17.42,0.0
63d80145d2f0da3ee6a8d523,312.621,4.5397868702434395e-05,5.0,212.44742916221713,1.0,0.8257575757575758,0.0,0.8333333333333334,7.19,0.0,0.0,0.0,5.8,0.0
636570d91a49a6d6cbcbc854,755.416,0.20004199365366537,4.355622880024392,211.2435124723724,0.12098028575896441,0.022727272727272728,0.0,0.08333333333333333,44.74,0.0,0.0,0.0,84.76,1.0
6143e0914f93b50419ba30ab,276.559,0.005592048877175397,0.2,210.89105627633458,0.07783702735657022,0.7575757575757576,0.0,0.1893939393939394,2.78,0.0,0.0,0.16666666666666666,2.14,1.0
5d2a49241d8d930001c263a7,506.116,4.5397868702434395e-05,5.0,212.44677574949517,1.0,0.030303030303030304,0.0,0.15151515151515152,4.0,0.0,0.0,0.0,14.93,0.0
5c2a9b55867f660001af0515,323.088,0.009515996554052058,0.2,207.56148891325378,0.0017751457807099853,0.22727272727272727,0.0,0.17424242424242425,4.11,0.0,0.0,0.16666666666666666,9.49,0.0
5de8887aa2db898017debf1a,412.356,4.5397868702434395e-05,5.0,212.44653056609644,1.0,0.15151515151515152,0.0,0.05303030303030303,4.69,0.0,0.0,0.0,14.78,0.0
62b500cfbf7d382239502ad0,431.513,4.5397868702434395e-05,5.0,212.44736529738367,1.0,0.4393939393939394,0.0,0.9924242424242424,7.66,0.0,0.16666666666666666,0.8333333333333334,9.43,0.0
610075c1ef04d1f734032f69,530.987,0.03231211435059411,0.2,181.47562857964104,3.5402014879190744e-15,0.045454545454545456,0.0,0.3333333333333333,18.34,0.0,0.0,0.0,34.69,0.0
6362c4beb39ee39d15890c5c,391.352,0.09624947119143014,3.519757852599332,211.54962184115305,0.18063825224850677,0.6363636363636364,0.0,0.45454545454545453,16.75,0.0,0.0,0.16666666666666666,16.76,2.0
571144323d47e800096358d9,339.781,0.7588003645274252,1.7303034381325102,188.9233112543867,6.937589886786717e-12,0.4090909090909091,0.0,0.44696969696969696,5.42,0.0,0.0,0.16666666666666666,20.51,2.0
63614cab87b22b72231c66e0,673.436,4.5397868702434395e-05,0.20027000623973096,212.44571847243907,0.98953803642441,0.8181818181818182,0.03787878787878788,0.24242424242424243,0.96,0.6666666666666666,0.0,0.3333333333333333,3.9,0.0
63ea79021f0c43def6174042,491.865,0.00879023916960987,0.2,209.29183489476898,0.01201984808044781,0.8106060606060606,0.0,0.9924242424242424,87.27,0.0,0.0,0.16666666666666666,1.41,8.0
63e554b7631c8ec3ce069e32,430.31,0.0073461106718100974,0.2,208.98700320504753,0.008535133223243126,0.4166666666666667,0.0,0.3712121212121212,14.54,0.0,0.0,0.8333333333333334,24.87,1.0
55c694e3fdf99b6c4f28595f,369.558,0.2680378706661157,2.7566093196748636,208.46791995819368,0.004793433864076386,0.3409090909090909,0.0,0.9924242424242424,2.09,0.0,0.0,0.0,11.84,0.0
61103c2b7810420e5f23f437,619.351,0.054309219682716424,0.8789268218036874,208.95611886296356,0.008245457662069949,0.05303030303030303,0.015151515151515152,0.38636363636363635,4.04,0.0,0.0,0.0,28.48,0.0
640415971520c41606ca4389,383.871,0.15561535547982439,2.074247564633118,209.33533297054822,0.01262478577639612,0.2878787878787879,0.0,0.2727272727272727,8.34,0.3333333333333333,0.0,0.8333333333333334,16.62,0.0
628dec55823f672331c68577,421.873,0.09957155609902314,0.38159280809886864,172.873428576697,5.772189598964629e-19,0.2196969696969697,0.0,0.3787878787878788,2.83,0.0,0.0,0.0,15.53,0.0
5fc70f3bd255c10f0b2346ba,645.567,0.04139731760642622,0.2,173.88892156091225,1.613885191109694e-18,0.0,0.007575757575757576,0.20454545454545456,20.68,0.0,0.16666666666666666,0.0,34.88,1.0
6404fb7b9a7b3cfb4179d185,554.982,0.39654168018339747,1.0494031880448333,188.21480655886816,3.367520884872343e-12,0.0,0.0,0.5151515151515151,7.94,0.0,0.0,0.8333333333333334,24.42,0.0
64023a98627b1116180dff0b,475.009,0.1408848889898029,4.796286171731285,211.6891529213884,0.21863576281675437,0.007575757575757576,0.0,0.03787878787878788,1.16,0.0,0.0,0.0,17.16,0.0
609e15bbf246a639a4123518,582.176,0.0321278739628865,0.3776191025094006,198.9223430893926,1.9857609683961675e-07,0.19696969696969696,0.0,0.42424242424242425,5.95,0.0,0.0,0.0,12.9,0.0
63e5513398583a335b2a8bdd,666.464,0.012570879825044397,0.2,205.99417308045423,0.00032800984563681983,0.0,0.007575757575757576,0.14393939393939395,17.34,0.0,0.0,0.16666666666666666,36.21,1.0
63d55208f472dc9178329bcb,316.599,0.011168531562897493,0.2,208.00800561395008,0.0028900761299339417,0.6287878787878788,0.0,0.4166666666666667,2.12,0.0,0.0,0.0,8.85,0.0
5c09a1171907db0001602601,382.356,0.5311299957162114,1.8528950779810371,196.1086227052487,1.0896497314730176e-08,0.16666666666666666,0.0,0.48484848484848486,4.64,0.0,0.0,0.16666666666666666,21.64,0.0
5f2e0b28c642b31678638a21,410.927,0.4109994490318431,1.1486197975450188,186.5819611266072,6.375730477412877e-13,0.022727272727272728,0.0,0.3106060606060606,2.74,0.0,0.0,0.0,7.6,0.0
5e654e2055e480000dcd002a,490.008,0.004101853453451827,0.2,211.2479266179392,0.12166494789618461,0.2727272727272727,0.0,0.9015151515151515,7.16,0.0,0.0,0.5,13.14,2.0
63e7ac6bcbc2e035cbeadf8a,499.904,0.017422349409114624,0.2,199.22668244909806,2.7209944508761985e-07,0.08333333333333333,0.007575757575757576,0.4393939393939394,9.71,0.0,0.0,0.16666666666666666,29.22,0.0
613107a0c7fc3a96a54c7693,385.516,0.024319855705125775,0.2,192.75894341853348,3.499751943238867e-10,0.007575757575757576,0.0,0.3712121212121212,3.65,0.0,0.0,0.0,13.69,0.0
612fbc37af2136fe81fc71a9,463.703,0.006508510371951984,0.2,209.67685661611733,0.018608946581556794,0.29545454545454547,0.0,0.5833333333333334,23.25,0.0,0.0,0.0,36.0,0.0
640feb5e49b723bcfaad6437,530.569,0.27525956913913746,1.0119821618588583,193.32764124805064,6.26747201429118e-10,0.0,0.0,0.3712121212121212,15.58,0.0,0.0,0.16666666666666666,20.65,0.0
63d7a91b72bdcca4f3a683e8,392.199,0.19065750413947757,1.068546122889578,192.23094090957323,2.0381632011415245e-10,0.25757575757575757,0.0,0.3181818181818182,3.99,0.0,0.0,0.16666666666666666,5.52,0.0
6108114eaacc3458294b244c,416.859,0.5624750993066169,5.0,212.23753264109186,0.5186667785299894,0.1590909090909091,0.0,0.38636363636363635,7.59,0.0,0.0,0.0,13.25,2.0
63d418d4229ed6c0712ce5bb,414.594,0.03315389496014119,0.2,193.03271839267637,4.632745703592601e-10,0.06060606060606061,0.007575757575757576,0.19696969696969696,1.43,0.0,0.0,0.0,6.94,0.0
640132934d00561d78518c4c,469.493,0.1486916772890627,1.3385488571418884,204.8654168281836,9.873324173315329e-05,0.3181818181818182,0.0,0.15151515151515152,11.67,0.0,0.0,0.16666666666666666,45.79,0.0
63f791692fa22034babcdda1,409.446,0.8766886882827654,5.0,208.56699229318264,0.005348626775488458,0.5075757575757576,0.0,0.20454545454545456,20.87,0.0,0.0,0.0,21.44,0.0
5ee8f9a309471c0d46a6d247,737.15,4.5397868702434395e-05,5.0,212.44630368166153,1.0,0.2196969696969697,0.007575757575757576,0.26515151515151514,8.06,0.0,0.0,0.3333333333333333,8.88,0.0
5f9873550513db147c9d2958,405.394,0.6382560255145454,1.0860377806448234,167.71683793761804,3.1322851847597395e-21,0.07575757575757576,0.0,0.42424242424242425,2.65,0.0,0.0,0.0,13.66,1.0
63614ad63aec6bcf8a045124,515.891,4.5397868702434395e-05,5.0,212.4460227977287,1.0,0.3409090909090909,0.0,0.4166666666666667,13.23,0.0,0.0,0.16666666666666666,38.89,0.0
63e51ddb19fccd05514c629c,392.513,0.6180220105439115,5.0,210.0226141802138,0.027704208041638725,0.25757575757575757,0.0,0.30303030303030304,4.12,0.3333333333333333,0.0,0.0,0.5,1.0
63fe38bfab28b75385783fba,339.49,0.002448922669129666,0.2,211.906705602878,0.2991010981040594,0.2727272727272727,0.0,0.5075757575757576,5.03,0.0,0.0,0.16666666666666666,13.19,0.0
5c75dbce7d36140017c53257,446.775,0.47774198962680453,0.7001178915466665,148.75607141374886,1.53442528658286e-29,0.030303030303030304,0.0,0.3181818181818182,3.47,0.0,0.0,0.5,32.67,0.0
62c5e680e4a4b4648606d756,401.176,0.7718545618721984,2.589623449985041,200.73098920925744,1.2956738508099991e-06,0.045454545454545456,0.0,0.38636363636363635,8.0,0.0,0.16666666666666666,0.16666666666666666,11.26,0.0
5dd03c5486c8861300974102,517.771,0.32516947252636264,1.5793658999881206,198.84691596833076,1.8366974182848286e-07,0.03787878787878788,0.0,0.1893939393939394,13.27,0.0,0.0,0.0,26.1,0.0
63eafad399e87039254d1078,343.054,0.017061677923222923,0.2,201.5841302367475,3.1493478250043845e-06,0.4393939393939394,0.0,0.42424242424242425,2.04,0.0,0.0,0.0,10.98,2.0
60a3128cb035414bb4588090,417.718,0.004567678460889777,0.2,211.06136669909617,0.09611366132080203,0.25,0.007575757575757576,0.11363636363636363,3.06,0.0,0.16666666666666666,0.0,30.83,0.0
63b6c76ff03d438cd09b8c56,561.068,0.023642892533270995,0.2,188.29447222232724,3.6525558186755115e-12,0.0,0.0,0.17424242424242425,9.7,0.0,0.0,0.0,30.11,0.0
6400ed09421b2727c2f7c553,615.465,4.5397868702434395e-05,5.0,212.44685744936655,1.0,0.015151515151515152,0.0,0.5378787878787878,28.22,0.0,0.0,0.0,42.89,0.0
62a74b5136555a52d4911cac,459.407,0.04598894504640786,0.6512709681111988,206.26216923395884,0.0004369259153176731,0.32575757575757575,0.0,0.6212121212121212,8.0,0.0,0.0,0.3333333333333333,18.34,0.0
6400f80179f04251a962fd22,447.48,0.15918073755998494,0.8408305926781954,184.2280532769546,5.807232090841099e-14,0.007575757575757576,0.0,0.36363636363636365,2.62,0.0,0.0,0.5,13.6,0.0
5fa9fffcf843322ce7456283,467.02,0.27166581466773065,1.201121202294881,197.41165966837696,4.1709608675040216e-08,0.007575757575757576,0.0,0.25757575757575757,4.14,0.0,0.0,0.0,15.24,0.0
60cd717e463162435e3b7d46,266.003,0.26145497097114817,1.3971128441226974,199.65778461208546,4.252877094957349e-07,0.6893939393939394,0.0,0.5378787878787878,4.2,0.0,0.0,0.0,4.67,0.0
60c837327440575481e333ce,1021.801,4.5397868702434395e-05,5.0,212.44588632902673,1.0,0.3712121212121212,0.022727272727272728,0.25,1.58,0.0,0.0,0.0,143.22,0.0
63d69e4d6648b39324fdf0ad,356.718,0.04354216873550559,0.7600143579498233,203.98491600196897,3.895214229253254e-05,0.4318181818181818,0.0,0.7651515151515151,6.91,0.0,0.0,0.3333333333333333,13.8,0.0
63153455849b153d56dd81db,793.491,0.08733270312292539,2.2026948001906526,210.9112325814198,0.07979149002307587,0.3560606060606061,0.0,0.18181818181818182,10.2,0.0,0.0,0.0,36.45,0.0
63fe39cd075bd5283fad495d,352.073,0.4778216831820333,0.8940726517493687,160.57513667878038,2.3053105202357646e-24,0.2196969696969697,0.0,0.4621212121212121,2.34,0.0,0.0,0.3333333333333333,7.68,0.0
5971640e7ec240000170cb69,302.689,4.5397868702434395e-05,5.0,212.44597739877295,1.0,0.7272727272727273,0.0,0.8636363636363636,1.76,0.0,0.0,0.16666666666666666,12.93,0.0
610745dee13497549c9d6fba,516.205,0.14309522793673055,1.0498037033456245,199.70064093824595,4.446064227447309e-07,0.0,0.0,0.25757575757575757,5.37,0.0,0.0,0.0,40.72,0.0
63615888b5606b24a845f73e,438.849,0.014795923623603189,0.2,206.95246973856183,0.000917695811849751,0.5378787878787878,0.0,0.6590909090909091,41.59,0.0,0.0,0.8333333333333334,21.43,0.0
6063a00c6fd08d0a972382a4,515.727,0.014858354024845102,0.2,202.62411986134282,9.332661521128252e-06,0.0,0.007575757575757576,0.14393939393939395,6.07,0.0,0.0,0.5,25.81,0.0
62f94c417a55be0afc4c5a4b,502.501,4.5397868702434395e-05,5.0,212.4467487599381,1.0,0.1893939393939394,0.0,0.2196969696969697,20.72,0.0,0.0,0.0,33.22,3.0
605fb0818ad4067b3d99ece0,496.031,0.11515962638903988,0.41408022626537017,163.43599996287762,4.142599442312314e-23,0.0,0.0,0.30303030303030304,9.67,0.0,0.0,0.0,31.17,0.0
63d40528f7676637efbd18eb,364.305,0.27048680922850865,2.411144882737691,208.73194393243588,0.0064226631115593315,0.3106060606060606,0.0,0.21212121212121213,2.92,0.0,0.0,0.16666666666666666,14.85,0.0
5f934f7fdc89a111b5712011,438.316,4.5397868702434395e-05,5.0,212.44648535847062,1.0,0.12878787878787878,0.0,0.2727272727272727,5.94,0.0,0.0,0.0,15.32,0.0
5ecbd383243b3438410dae19,494.369,0.0007512321736882991,0.2,212.40843498828104,0.7845579176893835,0.09090909090909091,0.0,0.07575757575757576,12.05,0.0,0.16666666666666666,0.0,39.7,2.0
63d7a9346e833b93500723d4,494.206,0.19467467315026188,1.5357389014174063,203.4605270402726,2.243486041130357e-05,0.10606060606060606,0.0,0.6893939393939394,22.52,0.0,0.0,0.3333333333333333,29.76,0.0
63d40583fbdb78bfb9b0d3a4,390.252,0.1860810364681073,0.7560015653684647,183.98034476036054,4.5139273203343125e-14,0.06818181818181818,0.0,0.30303030303030304,5.94,0.0,0.0,0.0,13.02,1.0
63d7d7b654e057b287d2bd9b,403.239,0.21894399112243768,3.0832344330854675,209.63056634974876,0.017650836005480088,0.15151515151515152,0.0,0.12878787878787878,5.11,0.0,0.0,0.0,8.96,0.0
614fe09fec9ce4a2a415476d,305.289,0.0019681989214039067,0.2,212.34823386163117,0.6586716826918309,0.5681818181818182,0.0,0.9772727272727273,2.88,0.0,0.0,0.8333333333333334,6.92,0.0
63ced2da9cad1ae3f98ce914,591.697,0.055640291126946725,0.2,160.73270950155364,2.702781349079884e-24,0.38636363636363635,0.0,0.8257575757575758,7.15,0.0,0.0,0.16666666666666666,194.31,0.0
60429021c960ed190edaedca,424.247,4.5397868702434395e-05,5.0,212.44612202502765,1.0,0.5909090909090909,0.0,0.4318181818181818,9.59,0.0,0.0,0.16666666666666666,26.96,0.0
63f58712a2c1bd62fa7bb352,403.846,0.021555184836963177,0.2,195.13352667199058,3.998306971537591e-09,0.015151515151515152,0.0,0.2878787878787879,7.03,0.0,0.0,0.0,21.21,0.0
5e7fb4743c00ce69510024fb,602.785,0.02119279030406628,0.2,199.38640054081134,3.210415814323231e-07,0.0,0.0,0.8636363636363636,14.36,0.0,0.0,0.3333333333333333,26.94,1.0
63d13b5ec81c77c3030c51c5,303.035,0.008781843437307977,0.2,209.37142111700632,0.013150377799550238,0.8636363636363636,0.007575757575757576,0.15151515151515152,1.6,0.5,0.0,0.16666666666666666,4.58,0.0
63d17cf704d2d7053d56b962,265.33,4.5397868702434395e-05,5.0,212.44619511989845,1.0,0.7651515151515151,0.0,0.06060606060606061,8.27,0.6666666666666666,0.0,0.6666666666666666,8.46,1.0
63d007388da4ef5b301762f9,469.448,0.005047111027877014,0.28199638362796414,211.3398261657385,0.13694489046085398,0.21212121212121213,0.0,0.1590909090909091,10.48,0.0,0.0,0.16666666666666666,20.11,0.0
63d53c6bc368b9fa8d33f4cf,384.387,4.5397868702434395e-05,5.0,212.44626775557833,1.0,0.7196969696969697,0.0,0.5454545454545454,7.49,0.0,0.0,0.16666666666666666,29.39,0.0
63ea6e6d78fced1e97a149c8,865.582,0.6096760362747881,5.0,211.88122958839932,0.28795678084501514,0.8939393939393939,0.0,0.3181818181818182,1.6,1.0,0.0,0.8333333333333334,2.44,0.0
62dc4a5fef307ee53c61afcc,555.965,4.5397868702434395e-05,5.0,212.4466669114952,1.0,0.3939393939393939,0.0,0.3484848484848485,70.67,0.0,0.0,0.16666666666666666,14.71,0.0
63356ce6be65e7962bfc424d,519.621,0.059738162433496354,0.4987545941765256,199.1096219102097,2.410444480032319e-07,0.030303030303030304,0.0,0.3939393939393939,6.96,0.0,0.16666666666666666,0.0,14.69,1.0
63ee59dc6e5fbabca14d3d16,476.035,0.009031176717615098,0.2,206.9850018890125,0.0009504922129377548,0.07575757575757576,0.0,0.2878787878787879,7.43,0.0,0.0,0.0,13.23,1.0
63d428eb946e85527cfdf058,334.689,4.5397868702434395e-05,5.0,212.44600474031512,1.0,0.38636363636363635,0.0,0.16666666666666666,4.25,0.0,0.0,0.0,6.99,0.0
63f79204eb27c9dc523185d9,591.457,0.14180532076122598,0.9055371796473068,194.99753472349565,3.476983044277279e-09,0.0,0.0,0.32575757575757575,17.92,0.0,0.16666666666666666,0.3333333333333333,31.96,0.0
5aea7d94a110a00001f7e50e,372.263,0.022274427565870943,0.2,197.18256170590348,3.293395071881601e-08,0.5681818181818182,0.0,0.7803030303030303,7.7,0.0,0.0,0.3333333333333333,12.02,0.0
63daf5a89c63648ec34664fb,478.793,0.27094249502629,5.0,211.49337633084815,0.16753575916938257,0.0,0.0,0.6287878787878788,7.57,0.0,0.0,0.3333333333333333,18.61,0.0
636598a7a571403968d03bf2,457.806,0.10895190609983033,0.715508764198582,190.9616175418205,5.563195727994706e-11,0.14393939393939395,0.0,0.6742424242424242,6.28,0.0,0.0,0.0,15.18,0.0
59aae1188cef7d00011f8884,479.683,0.5732937054506748,1.4138066105067872,188.74302744682169,5.771891731453612e-12,0.03787878787878788,0.0,0.13636363636363635,11.9,0.0,0.0,0.0,35.75,0.0
63f969ceb2a0b028aa612b33,457.381,0.7100254627647188,3.3606820019218473,205.48142764811507,0.00018987158089060936,0.007575757575757576,0.0,0.5151515151515151,1.0,0.0,0.0,0.3333333333333333,20.95,0.0
63ed9dbc1c7838ffcbb42142,395.168,0.7911588456082778,4.015740194436307,207.02300605562564,0.000990309590654887,0.08333333333333333,0.0,0.45454545454545453,1.75,0.0,0.0,0.0,6.74,0.0
615e68b3f55d1cf5f6defc2a,533.578,4.5397868702434395e-05,5.0,212.44707536813632,1.0,0.13636363636363635,0.0,0.18181818181818182,15.9,0.0,0.0,0.3333333333333333,33.12,0.0
63ead665638c8546d8c3a962,370.244,0.03780333809482938,0.2,165.84741560992381,4.734513448739546e-22,0.15151515151515152,0.0,0.45454545454545453,13.35,0.0,0.0,0.0,17.14,0.0
63feb6ae378e8efd6fd318b6,472.462,0.041371513168031934,0.2,175.23383421080771,6.302010545328278e-18,0.5833333333333334,0.0,0.8636363636363636,16.86,0.0,0.0,0.16666666666666666,16.7,0.0
5c4275e526217400018bf1b4,373.593,0.051334649972131975,0.2,156.46838856712375,3.6554399523286924e-26,0.08333333333333333,0.0,0.3409090909090909,2.4,0.0,0.0,0.0,9.68,1.0
5b65f7935c431c000127ae5f,502.21,0.7798547555392749,4.521820652865983,208.53567661521242,0.005166388727052738,0.030303030303030304,0.0,0.19696969696969696,4.42,0.0,0.0,0.3333333333333333,21.99,1.0
60ff5fb6cbf1bb7de9bf2801,531.78,4.5397868702434395e-05,5.0,212.44644024447334,1.0,0.4696969696969697,0.0,0.25,24.5,0.0,0.0,0.0,37.7,0.0
5783d80d275be60001358349,560.421,0.04657436996095054,0.2,149.8971735994981,4.84602967223955e-29,0.045454545454545456,0.007575757575757576,0.4090909090909091,4.54,0.0,0.0,0.0,37.52,0.0
63dafeda84d9a5e684adb6be,378.621,0.03249924548902778,3.5748048014109104,212.33418377834852,0.63658121178121,0.0,0.0,0.03787878787878788,1.59,0.0,0.0,0.16666666666666666,12.46,0.0
63f796a016e377d12cff50f1,634.057,0.28608763308545976,0.6216551311687005,156.9798239218151,6.123673397360934e-26,0.015151515151515152,0.0,0.5227272727272727,26.26,0.0,0.16666666666666666,0.16666666666666666,39.58,0.0
61038afee6aa0fcfbf968e56,553.496,0.004562765177914894,0.2,211.2967400655357,0.12952996504326492,0.07575757575757576,0.0,0.36363636363636365,22.74,0.0,0.0,0.0,37.81,1.0
63eaa9f8f0637c961dcfc277,496.73,0.0924435647476385,1.6887936032865638,209.37867768831617,0.01325875135331484,0.0,0.0,0.38636363636363635,8.82,0.0,0.0,0.3333333333333333,10.96,0.0
63ead6f452e11793b2f8dab8,828.857,0.0018576540843924425,0.2,212.24398418148365,0.5252151047384148,0.4696969696969697,0.0,0.6666666666666666,9.35,0.0,0.0,0.16666666666666666,46.49,0.0
63f7eb4fd0c75f760998818c,424.568,0.12316960346672806,4.158574452676605,211.74875874455407,0.23771537459433828,0.13636363636363635,0.0,0.22727272727272727,2.16,0.0,0.0,0.16666666666666666,16.31,0.0
63d18e630e39bc97ef16152b,549.542,0.004881410532860272,0.2,210.64527565118001,0.05774282636766905,0.0,0.0,0.22727272727272727,15.47,0.0,0.0,0.0,30.48,0.0
6400df3b4bd1fb13b52727fe,391.232,0.05069421673145881,1.6898689144339782,211.39204830051364,0.14657743305663898,0.25,0.007575757575757576,0.5833333333333334,39.65,0.0,0.0,0.16666666666666666,12.79,0.0
62e19208352cd518d7b2f085,567.797,0.07104467016625307,0.3713932884127039,188.40967874740832,4.107991467055568e-12,0.0,0.0,0.4166666666666667,62.19,0.0,0.0,0.0,22.89,0.0
63f77927711e9d061dbec33c,416.182,0.027769945140256554,0.20726733412915652,192.29166551337133,2.1688805983974126e-10,0.11363636363636363,0.0,0.3560606060606061,12.54,0.0,0.0,0.3333333333333333,13.05,0.0
5e535a49ac9ed13700f62def,1356.559,0.3194776414271227,1.1979512709384454,191.7986562576952,1.3095043230818523e-10,0.07575757575757576,0.007575757575757576,0.22727272727272727,18.17,0.0,0.0,0.5,516.31,0.0
63fd6f98e4a77457f1b36b9a,759.811,4.5397868702434395e-05,5.0,212.4462130589177,1.0,0.0,0.007575757575757576,0.13636363636363635,15.53,0.0,0.16666666666666666,0.16666666666666666,34.36,0.0
5d1b0776e1c05200018b582d,861.694,4.5397868702434395e-05,5.0,212.44719340322376,1.0,0.045454545454545456,0.0,0.05303030303030303,13.66,0.0,0.0,0.8333333333333334,31.06,1.0
5c5f525806006e0001db95d2,943.97,0.3947662921311647,1.964521777409088,201.376233810075,2.5358625847275784e-06,0.030303030303030304,0.0,0.4015151515151515,1.27,0.0,0.0,0.0,6.08,0.0
60ae62a5004d7bdf5428bb95,995.674,0.2000686743216866,0.48938950962211747,155.80323248137663,1.8687217082427435e-26,0.06818181818181818,0.0,0.4621212121212121,22.65,0.0,0.16666666666666666,0.0,109.56,0.0
63dc7c4191d5e30193f1db36,407.845,0.012055409797466419,0.2,204.9883409980785,0.00011246954817548117,0.3560606060606061,0.0,0.8484848484848485,9.36,0.0,0.0,0.3333333333333333,10.14,0.0
5b1a3fa488ee7400012aef74,963.018,0.6189903056569298,0.392987984155613,89.67726957053044,2.4402436177185317e-55,0.0,0.030303030303030304,0.3560606060606061,87.54,0.0,0.0,0.3333333333333333,44.55,0.0
582009dd87f6b90001f13e40,380.932,0.007463391993936727,0.2,209.23713570775618,0.011301147261726383,0.4621212121212121,0.0,0.4772727272727273,6.27,0.0,0.0,0.0,16.55,0.0
5722c95274e7ff0011a6f011,413.637,0.3056743293401485,0.6789468460512457,175.23942155378575,6.337784412489855e-18,0.18181818181818182,0.0,0.5227272727272727,2.99,0.0,0.0,0.0,21.43,0.0
6340d2fa46f2d707e146b63b,451.886,0.45475362404847014,1.196494692445785,186.77028246506788,7.724091752357306e-13,0.03787878787878788,0.0,0.32575757575757575,4.44,0.0,0.0,0.0,7.81,0.0
610940bbdb7795c3be364375,311.084,0.7704919848706685,5.0,210.11052870926508,0.030684073354694995,0.3181818181818182,0.0,0.48484848484848486,1.67,0.0,0.0,0.3333333333333333,11.59,1.0
633471b7c7b5fa52a0a407a7,337.246,0.09567689579348396,2.8728667484846167,211.4684634619695,0.16208321720624208,0.45454545454545453,0.0,0.24242424242424243,2.78,0.0,0.0,0.0,8.75,0.0
5f4000a47ed89c0e7f2e3760,357.542,0.02334952924445455,0.2,191.16732612695216,6.865366184642584e-11,0.10606060606060606,0.0,0.44696969696969696,2.15,0.0,0.0,0.3333333333333333,15.26,1.0
62fd76d3f0824c29d4b1e6bd,407.726,0.02261653672071289,0.9714790370534304,211.05016633857798,0.09477871830892443,0.5,0.0,0.5151515151515151,12.9,0.0,0.0,0.0,29.93,0.0
5d3bcf190e510a001b3df200,372.097,0.0006664232026217611,0.2,212.425912729209,0.8419046307841231,0.3333333333333333,0.0,0.12878787878787878,3.19,0.0,0.0,0.0,8.77,1.0
63f68fcc9f84b736270f0e8e,315.623,0.0016116784730657583,0.2,212.24284042992946,0.5240435496065199,0.42424242424242425,0.0,0.4090909090909091,2.27,0.6666666666666666,0.0,0.8333333333333334,8.02,0.0
60fdbd3afcd943b7119d6f4a,477.442,0.17265004795362054,0.7312903274397864,185.67727077780683,2.53759421243752e-13,0.007575757575757576,0.0,0.21212121212121213,2.76,0.0,0.0,0.0,19.62,0.0
63d40e3588ba6ef2a3ce7c37,373.972,0.04172804833339439,0.2,175.45711126446653,7.901706514766064e-18,0.6136363636363636,0.0,0.5757575757575758,12.24,0.0,0.0,0.5,19.03,1.0
5d13e3e6e51708001a43fa66,489.085,0.022056801753609998,0.2503919995444294,201.35171189493423,2.4719027552596016e-06,0.08333333333333333,0.0,0.48484848484848486,36.4,0.0,0.0,0.16666666666666666,21.03,0.0
5f932e6a3ceaf50d5768745b,267.685,0.5281393766152889,3.5907195760319417,208.08312014736026,0.0031381262261288637,0.5378787878787878,0.0,0.24242424242424243,5.27,0.0,0.0,0.0,5.42,0.0
62951043176ada9a9de2faa4,359.587,0.5274860729890806,3.3046690176656353,206.88504977856218,0.000853323188315835,0.06818181818181818,0.0,0.18181818181818182,4.14,0.0,0.0,0.16666666666666666,8.5,0.0
63d82d20ed2b67b4f77f1fc7,408.135,4.5397868702434395e-05,5.0,212.44592255640515,1.0,0.5454545454545454,0.0,0.6212121212121212,38.72,0.5,0.0,0.8333333333333334,16.32,1.0
6108cd48a97ffccb0e7e518c,570.882,0.0556812156819241,0.3464062758027836,190.3351818073527,2.932809446876511e-11,0.045454545454545456,0.007575757575757576,0.22727272727272727,6.79,0.0,0.0,0.16666666666666666,23.17,0.0
63d85999228b7d6b636dd96c,603.39,4.5397868702434395e-05,5.0,212.4463942293853,1.0,0.3181818181818182,0.09090909090909091,0.36363636363636365,7.04,0.16666666666666666,0.0,0.8333333333333334,7.96,0.0
5fb3d39a2ceaab00087faddb,386.115,0.22348265195049485,3.248495401147039,210.5990104348556,0.0546219958573231,0.3787878787878788,0.0,0.44696969696969696,7.79,0.0,0.0,0.16666666666666666,19.03,0.0
63d13bce0971871b9ff88f56,287.899,4.5397868702434395e-05,5.0,212.44624917763554,1.0,0.6818181818181818,0.0,0.5151515151515151,3.15,0.0,0.0,0.0,6.52,1.0
63d7a8a2591096e22405d64a,290.262,0.054959854581486875,2.157241767346471,211.70433285065354,0.22331460145689788,0.7272727272727273,0.0,0.4166666666666667,1.6,0.0,0.0,0.8333333333333334,2.36,0.0
63d7edbef6596097994e730e,357.48,4.5397868702434395e-05,5.0,212.45017941827547,1.0,0.26515151515151514,0.0,0.6363636363636364,8.32,0.0,0.0,0.8333333333333334,15.62,0.0
60761cf3cc35a2a9b127b414,347.764,0.7884492721041264,4.192803664282658,207.45542143478218,0.001581838641546897,0.07575757575757576,0.0,0.38636363636363635,2.41,0.0,0.0,0.16666666666666666,6.63,0.0
63cedc8a97a0bb604736baea,311.637,4.5397868702434395e-05,5.0,212.4459497718429,1.0,0.6136363636363636,0.0,0.22727272727272727,3.89,0.0,0.0,0.16666666666666666,11.18,0.0
63f93d2de413ad49cf0dbff1,439.845,0.0024887501206118947,0.2,212.0672907345707,0.3842603899030671,0.0,0.0,0.3409090909090909,3.59,0.0,0.0,0.16666666666666666,9.78,0.0
61006f43a84b82fb439d7cba,443.581,0.17781700809548698,1.9660375323221055,208.28994549976636,0.0039390117693577625,0.06818181818181818,0.0,0.2727272727272727,5.14,0.0,0.0,0.3333333333333333,13.98,0.0
63ed4bdcb1977e991fe4f095,378.558,4.5397868702434395e-05,5.0,212.44827333004676,1.0,0.42424242424242425,0.0,0.5757575757575758,6.35,0.0,0.0,0.0,23.52,2.0
63ea4164c5b33a0d13129c84,305.572,0.017473825778145817,0.49020555404890587,210.3866098189111,0.042419448627994356,0.15151515151515152,0.0,0.9924242424242424,1.1,0.0,0.0,0.8333333333333334,2.02,0.0
613e002e81f4b2409b531dbd,687.321,4.5397868702434395e-05,5.0,212.44643058912067,1.0,0.015151515151515152,0.0,0.17424242424242425,13.29,0.0,0.16666666666666666,0.3333333333333333,27.7,0.0
63f3a6b6d4c4d564638f38ca,340.398,0.16292730082330892,0.35808659200803883,145.28077607984076,4.626763470647377e-31,0.05303030303030303,0.0,0.4166666666666667,5.03,0.0,0.0,0.3333333333333333,16.15,1.0
55e7221441988f000b75cc7a,576.794,0.07559906909731484,0.8107940947557578,205.7575494399346,0.00025479540829559237,0.03787878787878788,0.0,0.5909090909090909,8.32,0.0,0.0,0.16666666666666666,24.49,0.0
6400f1783058946c2b4780cd,468.982,0.002314257704574064,0.2,212.0413938780957,0.3684690146934657,0.22727272727272727,0.0,0.08333333333333333,9.01,0.0,0.0,0.16666666666666666,31.47,1.0
5fd6ebe9b77a3d65df0c0674,579.694,0.025304959169565388,0.2,188.52608416540062,4.6259184689798365e-12,0.09848484848484848,0.0,0.38636363636363635,20.89,0.0,0.0,0.16666666666666666,32.7,0.0
60cfdcfdf8a3c6c42dad17d3,284.209,0.009597575775242917,0.2,208.70981092560547,0.006266634920145158,0.5984848484848485,0.0,0.4621212121212121,1.9,0.0,0.0,0.16666666666666666,12.42,0.0
5c95a379a314c70012bbd4bf,460.817,0.023386382256339176,0.27310877312798193,201.3636028587129,2.502712943482671e-06,0.08333333333333333,0.0,0.32575757575757575,11.53,0.0,0.0,0.16666666666666666,24.44,0.0
63e55908254a436361a6787b,311.503,0.38248410400963867,0.8863031953716928,169.78173113370778,2.5273986413252865e-20,0.22727272727272727,0.0,0.6060606060606061,2.02,0.0,0.0,0.8333333333333334,4.66,0.0
62aa4aba6960dfb1b61f7583,435.648,0.26925629419966,1.751467651686501,202.7063987185949,1.0172181383852484e-05,0.2196969696969697,0.0,0.7121212121212122,5.05,0.0,0.0,0.16666666666666666,8.61,0.0
63dcc00d97b599698e60a1a6,583.619,4.5397868702434395e-05,5.0,212.44720260041572,1.0,0.5606060606060606,0.0,0.3106060606060606,14.32,0.0,0.0,0.0,20.53,3.0
63bef4ddef5b4d7295effbbd,320.975,4.5397868702434395e-05,5.0,212.44611323050592,1.0,0.696969696969697,0.0,0.45454545454545453,1.5,0.0,0.0,0.16666666666666666,7.78,0.0
5f5834134283933a1c3b42d0,492.639,0.09203410744033089,0.2,138.77520414156587,6.609120073897898e-34,0.1590909090909091,0.0,0.5075757575757576,17.75,0.0,0.0,0.0,36.61,0.0
6092dea4efd6d61350f0fdbf,382.153,0.07057884306559951,0.8698291106334632,208.1367142242642,0.003328241493630494,0.08333333333333333,0.0,0.38636363636363635,2.79,0.0,0.0,0.0,8.94,0.0
60fcdd3be2ae9576df065728,436.738,4.5397868702434395e-05,5.0,212.44601359252096,1.0,0.05303030303030303,0.0,0.17424242424242425,6.7,0.0,0.0,0.16666666666666666,15.58,1.0
63ea4301f63c1d26f0ff83e9,391.848,4.5397868702434395e-05,5.0,212.44624026171965,1.0,0.045454545454545456,0.0,0.30303030303030304,3.02,0.0,0.0,0.0,16.75,0.0
63bd8be8f8c532da7bb5431e,511.136,4.5397868702434395e-05,5.0,212.44596833407397,1.0,0.26515151515151514,0.0,0.5833333333333334,14.02,0.0,0.0,0.0,38.69,0.0
63b6be60f23fd8e0399f668c,477.424,0.004988033846156552,0.2,211.62713601902198,0.20069125559657947,0.48484848484848486,0.0,0.15151515151515152,23.15,0.0,0.0,0.0,46.51,0.0
63f3a7e45f338798fd025d99,382.881,0.016390448632153026,1.1461909036969637,212.24946713918516,0.5308968561556805,0.44696969696969696,0.0,0.49242424242424243,3.16,0.0,0.0,0.0,17.56,0.0
6105338a15c74e8435e95c71,370.891,0.022185249045753228,0.4351727631060123,208.83331745640388,0.007189621501862087,0.5984848484848485,0.0,0.12121212121212122,5.61,0.0,0.0,0.3333333333333333,22.77,0.0
63d7a6a997f03198526a1941,633.993,0.003299814856878894,0.2,211.97215490336518,0.33040774846845483,0.2196969696969697,0.0,0.12121212121212122,14.04,0.0,0.0,0.5,29.5,0.0
631b428359f449b8159625f8,554.047,0.02451764436822397,0.2,194.60747884119064,2.329392026009886e-09,0.19696969696969696,0.007575757575757576,0.9924242424242424,15.08,0.0,0.0,0.0,28.44,0.0
631381096e95278a3f97fed4,676.432,0.7280114145757107,5.0,209.5853521748343,0.016764091928958866,0.26515151515151514,0.0,0.16666666666666666,52.3,0.0,0.0,0.0,47.81,0.0
6144bf2539bc8f85335af4be,525.09,0.0308085297121818,0.2,174.7882002667355,4.0125698064400175e-18,0.0,0.0,0.1893939393939394,11.85,0.0,0.0,0.0,29.82,0.0
63f049c2d78b2bc822a16dac,534.309,0.039912473628195756,0.2,170.3292921170124,4.3976315918335256e-20,0.007575757575757576,0.0,0.4393939393939394,21.24,0.0,0.0,0.16666666666666666,28.72,1.0
63d1819e544fa53e891614ec,537.832,0.9999546021312976,5.0,210.44282581276542,0.045339743849581816,0.36363636363636365,0.0,0.4090909090909091,17.47,0.0,0.0,0.0,13.49,0.0
63ea63669423c84daf2c5dbd,768.074,0.09630252618018659,5.0,212.17554117703483,0.46221459785694563,0.48484848484848486,0.015151515151515152,0.4318181818181818,52.93,0.0,0.0,0.3333333333333333,14.94,1.0
63f791c69ca73d3460eeb2d9,710.366,0.1343227375987567,0.31127015023505056,140.08650034498874,2.474460853971007e-33,0.022727272727272728,0.0,0.4696969696969697,11.42,0.0,0.0,0.0,16.77,0.0
60fd80b85dd6b22f66d16822,360.863,4.5397868702434395e-05,5.0,212.44614949952424,1.0,0.25,0.0,0.06060606060606061,3.84,0.0,0.0,0.0,15.2,0.0
5ad2c8334d061300011b1985,389.372,4.5397868702434395e-05,5.0,212.44602283898138,1.0,0.5303030303030303,0.0,0.7803030303030303,4.39,0.0,0.0,0.0,11.73,1.0
63d9f41910c61f3eb102079f,600.368,0.010837287664884706,0.2,205.7055138250666,0.00024104512199994165,0.015151515151515152,0.0,0.3181818181818182,11.21,0.0,0.0,0.0,42.81,0.0
570fa921f895a7000f38ca6f,463.548,0.9386390564352218,5.0,211.2021157323651,0.11476281637894833,0.3484848484848485,0.0,0.553030303030303,5.12,0.0,0.0,0.0,16.57,0.0
63d404f4eaf69448ef9e09e6,495.974,0.031550618840726484,0.2,175.5850667519744,8.995485710957305e-18,0.0,0.007575757575757576,0.22727272727272727,4.38,0.0,0.3333333333333333,0.0,18.72,3.0
63d000d62878aa92b833c5fc,483.007,0.14806798550420486,5.0,212.29049602630135,0.5773019202812877,0.48484848484848486,0.0,0.26515151515151514,8.65,0.0,0.0,0.3333333333333333,77.0,0.0
63212cf14928ea89262e9f24,584.922,0.0017331491558733837,0.2,212.2024581570271,0.48540639512580275,0.3333333333333333,0.007575757575757576,0.4166666666666667,45.04,0.0,0.0,0.3333333333333333,27.12,3.0
5c047357d30e3200016dd9fa,337.164,0.045923386250266374,0.561294254146915,195.07072526631947,3.748482127639927e-09,0.38636363636363635,0.0,0.7272727272727273,1.67,0.0,0.16666666666666666,0.3333333333333333,14.53,0.0
61509f0576598bbf74387211,325.773,0.09834611841678863,0.31961164641311085,161.66668628127513,6.939302956629453e-24,0.25,0.0,0.26515151515151514,1.93,0.0,0.0,0.0,4.47,0.0
5df5b9f661721940c46c3cd3,363.497,0.0016457531585364177,0.2,212.3477997762736,0.6579614675326375,0.21212121212121213,0.0,0.23484848484848486,3.15,0.0,0.0,0.0,16.42,2.0
62ded68be9e12bf448a7ffdb,299.796,4.5397868702434395e-05,5.0,212.44704817383314,1.0,0.7196969696969697,0.0,0.3106060606060606,11.26,0.0,0.0,0.16666666666666666,24.08,1.0
61650ba8e42101c561bf7335,520.499,0.001964633207993083,0.2,212.29979780758686,0.5889332604317876,0.3787878787878788,0.0,0.17424242424242425,14.54,0.0,0.0,0.0,41.1,0.0
63e5c56c4ddeee504b9fa17f,745.734,0.18169140482302787,0.7631100970639052,185.7399077884671,2.704682773896921e-13,0.06818181818181818,0.007575757575757576,0.25757575757575757,2.8,0.0,0.0,0.0,22.18,2.0
63e5ffdf639ebdcf35aacb09,479.701,0.15751042558765627,1.2575341892733753,203.35768394384695,2.0137542382085734e-05,0.12121212121212122,0.0,0.23484848484848486,12.01,0.0,0.0,0.16666666666666666,16.57,0.0
61086469e5457fed4f164b8e,615.297,4.5397868702434395e-05,5.0,212.44657634965668,1.0,0.23484848484848486,0.0,0.07575757575757576,24.24,0.0,0.0,0.0,40.61,0.0
5fee456f8929f014481adff9,601.134,0.0330125523611019,0.2,167.28360406386028,2.0214419498757605e-21,0.6439393939393939,0.007575757575757576,0.9696969696969697,181.59,0.0,0.16666666666666666,0.3333333333333333,27.93,0.0
611401411bf1ede5a4d85bdc,377.541,0.19758227409867266,5.0,212.00816900527656,0.34950022938558534,0.06818181818181818,0.0,0.3333333333333333,9.01,0.0,0.0,0.3333333333333333,14.76,0.0
636182d3f52ff78fc3f7de50,467.554,0.005876032011350432,0.31481246379867683,211.46785944227383,0.1619535586797416,0.5454545454545454,0.007575757575757576,0.26515151515151514,8.37,0.0,0.0,0.16666666666666666,42.12,1.0
63d7a0c6fe36d852418ac97a,377.914,0.1344210451480278,5.0,212.40360693143202,0.7714274712543323,0.6060606060606061,0.0,0.45454545454545453,7.61,0.0,0.0,0.16666666666666666,32.14,0.0
63d12f8c48b235842187c959,267.097,4.5397868702434395e-05,5.0,212.44634935548774,1.0,0.8409090909090909,0.0,0.3181818181818182,23.12,0.3333333333333333,0.0,0.3333333333333333,4.68,0.0
5d1ce77cbac9bf001a4954f7,377.692,0.03805027178379881,0.23758872785713425,185.93802953764816,3.3091825371244194e-13,0.05303030303030303,0.0,0.16666666666666666,2.08,0.0,0.0,0.16666666666666666,10.96,0.0
5ec0aeb3d216ee36d856ead2,386.011,0.20917966466933244,5.0,211.96609693783316,0.3273343103856188,0.03787878787878788,0.0,0.3106060606060606,10.18,0.0,0.0,0.16666666666666666,15.56,0.0
640377e3d569a80850182891,367.567,4.5397868702434395e-05,5.0,212.44621283378422,1.0,0.29545454545454547,0.0,0.4393939393939394,1.34,0.0,0.0,0.5,14.03,0.0
611d4519393cabb9a4a46ebd,533.999,0.01133468862499372,0.2,205.71182892348403,0.00024267317579141983,0.0,0.0,0.25,10.82,0.0,0.0,0.16666666666666666,26.7,0.0
5a983a931ade740001b8ea50,450.144,0.06289799509042669,0.8654463758601817,204.42811312392317,6.216972341943406e-05,0.022727272727272728,0.0,0.4015151515151515,4.93,0.0,0.0,0.16666666666666666,25.42,1.0
64015b86a1764cf737326eb7,433.802,4.5397868702434395e-05,5.0,212.4460769190989,1.0,0.3712121212121212,0.0,0.22727272727272727,8.48,0.0,0.0,0.0,29.29,0.0
60ce8efd3dc93c8607362691,393.362,4.5397868702434395e-05,5.0,212.445914020312,1.0,0.4090909090909091,0.0,0.7272727272727273,2.62,0.0,0.0,0.5,3.56,2.0
62715bfe8dcc19e21152dce0,499.376,0.008739110513659595,0.2,208.6464733285219,0.005841162512129235,0.5757575757575758,0.0,0.3560606060606061,12.86,0.0,0.0,0.0,33.54,1.0
63f807017a338dfff169fea8,626.48,0.05422429165355957,0.2,133.25088406160364,2.5436627997742085e-36,0.0,0.0,0.19696969696969696,6.55,0.0,0.0,0.16666666666666666,31.38,0.0
63d89eb9781fd5479e5c175a,472.751,4.5397868702434395e-05,5.0,212.44614038669457,1.0,0.030303030303030304,0.0,0.3939393939393939,9.77,0.0,0.0,0.0,22.24,0.0
5bf0cb0411439b000168edda,355.45,0.008169368117336168,0.2,210.67685171823513,0.05998116023509156,0.06818181818181818,0.0,0.4393939393939394,1.54,0.0,0.0,0.5,4.51,1.0
64077ddd11208afe2bec171a,515.264,0.8571701314835567,5.0,210.29436028273375,0.03804770330323565,0.12878787878787878,0.0,0.32575757575757575,7.73,0.0,0.0,0.0,13.17,0.0
5c9bfbfa325c3d001ad360a8,1126.03,4.5397868702434395e-05,5.0,212.4499799908827,1.0,0.17424242424242425,0.015151515151515152,0.9242424242424242,17.97,0.0,0.0,0.5,252.42,1.0
6400f8f41e203f131c68b79f,403.017,4.5397868702434395e-05,5.0,212.4464580766714,1.0,0.3560606060606061,0.0,0.2727272727272727,5.14,0.0,0.0,0.0,44.95,0.0
6401094035971e9972e06328,588.639,0.2781997941268628,0.7557155524751282,160.4643343927213,2.061359663197764e-24,0.0,0.0,0.4015151515151515,10.72,0.0,0.16666666666666666,0.16666666666666666,42.35,0.0
63ecff07b619306f41db42fa,336.266,0.5759767903781996,1.492160089094712,187.4210226085008,1.4991112310493204e-12,0.5833333333333334,0.0,0.4772727272727273,19.63,0.0,0.0,0.6666666666666666,15.41,1.0
604945573fc8844cdd15b9bf,468.997,0.05867681476423627,0.23380836279456002,171.95716067256828,2.283268614025316e-19,0.0,0.0,0.38636363636363635,8.12,0.0,0.0,0.0,22.54,0.0
580777dd827ca10001db494b,425.671,0.09051979568864892,0.4537957149680219,189.29021491326884,1.0088670376502144e-11,0.0,0.0,0.22727272727272727,4.0,0.0,0.0,0.16666666666666666,19.42,0.0
5ede9b80b8a141131edabbe1,561.119,0.10211925086353395,5.0,212.1157852535522,0.4165463956112634,0.022727272727272728,0.015151515151515152,0.25,26.45,0.0,0.0,0.0,42.65,0.0
6110ac49fa97e0c2c87223a2,519.85,0.0055472937375030135,0.2,210.90306809204648,0.07899430895357358,0.015151515151515152,0.022727272727272728,0.17424242424242425,8.79,0.0,0.0,0.16666666666666666,10.11,0.0
63bc9e8cd8106f8d94c636d4,372.137,4.5397868702434395e-05,5.0,212.44589544559545,1.0,0.1893939393939394,0.0,0.5151515151515151,5.64,0.0,0.0,0.0,20.85,1.0
63fac97f0d4e8f6bfd753d90,304.111,0.014877221953547801,0.2,204.99040286379073,0.00011271566000505069,0.5833333333333334,0.0,0.5303030303030303,3.02,0.0,0.0,0.0,16.3,0.0
6400e07f37c248e81cbc9d41,476.197,0.11205460492726398,0.5834290613381486,193.06642405097978,4.795530477368739e-10,0.0,0.0,0.42424242424242425,4.65,0.0,0.0,0.0,15.64,0.0
63df609cf58947e964792bb6,300.446,0.00099383349146087,0.2,212.38903141134335,0.7361425590247035,0.7045454545454546,0.0,0.3484848484848485,1.9,0.0,0.0,0.16666666666666666,10.91,0.0
6156a0460b95fa57be8312c4,430.376,0.004560720495689361,0.2,211.70176300375954,0.22251415098286725,0.4015151515151515,0.0,0.14393939393939395,13.42,0.0,0.0,0.0,18.6,0.0
63b6e5e23b31a38790ff1ce2,373.681,0.058398841888580404,0.6758737965533391,202.9605864337547,1.3275963664439415e-05,0.19696969696969696,0.0,0.4772727272727273,2.78,0.0,0.0,0.0,13.79,0.0
60fc9ce95a59b3400b38e2a7,548.702,0.16950158822995587,1.8502859766596484,207.92542649445838,0.002640264485434067,0.007575757575757576,0.0,0.42424242424242425,9.53,0.0,0.0,0.0,32.83,0.0
6276b88b3b4036b3f0ca289b,461.487,0.015605129400968745,0.2,204.63459776257912,7.733250394976439e-05,0.30303030303030304,0.007575757575757576,0.49242424242424243,4.19,0.0,0.0,0.16666666666666666,28.49,0.0
63034df51d918e1e3b97e5ce,731.497,0.029865413870792935,0.2,191.7711188880649,1.27312413451556e-10,0.015151515151515152,0.007575757575757576,0.18181818181818182,18.88,0.0,0.0,0.0,57.7,1.0
63fffd232a889b722046523c,487.525,0.13699186548300055,1.8935709923893151,209.2751140941125,0.011795303211645288,0.015151515151515152,0.0,0.007575757575757576,15.0,0.0,0.0,0.0,44.22,0.0
63d1834e69a637cd32f16634,263.983,0.0989710093317951,5.0,212.18786215236378,0.4726025031903379,0.9696969696969697,0.0,0.3787878787878788,4.37,0.0,0.0,0.16666666666666666,3.81,0.0
63d420b1d5b7dc6a3a4c50aa,526.257,0.003156497576353748,0.2,211.60110709242508,0.19368078054365934,0.10606060606060606,0.0,0.26515151515151514,16.12,0.0,0.0,0.0,40.02,0.0
63e316f79fdeba5ba50385e1,510.96,0.020902217218188954,0.2,191.44960789867517,9.16291768326687e-11,0.14393939393939395,0.0,0.30303030303030304,14.96,0.0,0.0,0.0,24.44,0.0
5f19fbbb7767270c32464eb5,477.169,0.34285459667465984,3.4472312721106277,209.69630398247685,0.019027341641203267,0.42424242424242425,0.0,0.4166666666666667,12.15,0.0,0.16666666666666666,0.0,33.8,0.0
63d3fb1c82d319ac2f752d80,448.026,0.011418235293485473,0.2,204.24222407001116,5.109185173799069e-05,0.16666666666666666,0.0,0.5303030303030303,4.4,0.0,0.0,0.0,12.51,0.0
611343092396f1d9ed7018ad,535.206,0.2318886572390172,1.1328900545612652,199.1642405254259,2.5506558294729606e-07,0.015151515151515152,0.015151515151515152,0.2196969696969697,7.6,0.0,0.0,0.0,25.62,0.0
60fcd9368e8d2b8740cf9251,785.425,0.021272371355761568,5.0,212.4100364854035,0.7891134822154868,0.030303030303030304,0.0,0.10606060606060606,136.78,0.0,0.0,0.16666666666666666,84.44,0.0
641ec1a9d9fe8a0941e39862,376.654,4.5397868702434395e-05,5.0,212.44606805024435,1.0,0.22727272727272727,0.0,0.3181818181818182,2.97,0.0,0.0,0.16666666666666666,5.13,0.0
5b608617208f1c000100bdeb,455.84,4.5397868702434476e-05,5.0,212.44580465544178,1.0,0.03787878787878788,0.0,0.4621212121212121,5.88,0.0,0.0,0.8333333333333334,16.71,0.0
63f78c9346da47f7f8f3aef9,297.398,0.20310363063594467,0.5276525783318787,161.26677814788917,4.634110715646404e-24,0.2878787878787879,0.0,0.5606060606060606,1.84,0.0,0.0,0.0,7.68,1.0
6320e37620d067c7d322246a,504.959,0.005938455421318727,0.2,210.74575291176598,0.06519234582191082,0.08333333333333333,0.0,0.3939393939393939,19.45,0.0,0.0,0.16666666666666666,33.46,0.0
63dd3dd2593c92be97d8dbde,348.807,4.5397868702434395e-05,5.0,212.44671265057036,1.0,0.5681818181818182,0.0,0.9318181818181818,8.48,0.0,0.0,0.3333333333333333,16.26,0.0
5bfb5784a66aa500019dabef,441.12,0.05425825688665727,0.2,149.209779534469,2.4239159833231765e-29,0.0,0.0,0.30303030303030304,22.48,0.0,0.0,0.16666666666666666,16.58,0.0
6400caf68d8b75041e36f702,713.165,4.5397868702434395e-05,5.0,212.4464397576179,1.0,0.07575757575757576,0.045454545454545456,0.32575757575757575,26.0,0.0,0.0,0.16666666666666666,13.08,0.0
610c736500a4b33398fef94f,417.421,0.08315608592292881,0.306611449190033,178.01913468736365,1.0606484014921581e-16,0.0,0.0,0.19696969696969696,7.6,0.0,0.0,0.3333333333333333,28.3,0.0
63174f52c207f299e8f8dc08,457.17,0.07534111176072304,0.4469898531811513,191.51431847448907,9.789912334395651e-11,0.0,0.0,0.23484848484848486,5.19,0.0,0.0,0.0,17.39,0.0
631ce86c7a3ce20f628bae05,463.268,0.8284514255275793,5.0,210.25695994812,0.036412335123385896,0.1590909090909091,0.0,0.4166666666666667,3.36,0.0,0.0,0.16666666666666666,14.5,2.0
63f7b890b9c9e7b19a2e9281,349.272,0.01661202434670955,0.2,200.3164644698083,8.422665788000013e-07,0.3939393939393939,0.0,0.21212121212121213,7.74,0.0,0.0,0.0,15.47,0.0
5f507fb3e29c991f68f5879a,408.587,4.5397868702434395e-05,5.0,212.448129157182,1.0,0.022727272727272728,0.0,0.10606060606060606,5.74,0.0,0.0,0.0,8.19,0.0
5d69d7e23aed95001b1aa05c,420.282,0.16331542113277153,0.46862448792399647,156.42984805105294,3.516048225312623e-26,0.022727272727272728,0.0,0.4166666666666667,3.7,0.0,0.0,0.16666666666666666,7.7,1.0
5766d2f7fdff7a0001c1285b,438.005,4.5397868702434395e-05,5.0,212.4460410625141,1.0,0.14393939393939395,0.0,0.7196969696969697,84.82,0.0,0.0,0.3333333333333333,7.82,0.0
6127e94c6abf253c484b38b7,356.908,0.5947443031733131,0.8884208137611561,162.88804113668425,2.381934196688853e-23,0.26515151515151514,0.0,0.36363636363636365,4.25,0.0,0.0,0.0,17.44,0.0
6400dc45648545e7ca8f35a6,504.731,0.0007178900332813868,0.2,212.41007535480594,0.7892253946950984,0.11363636363636363,0.0,0.4621212121212121,7.62,0.0,0.0,0.0,19.93,0.0
631e8c52a408a788b7e62e11,379.022,0.20827729365227482,1.2528833919823703,196.86701977531024,2.379098518277661e-08,0.19696969696969696,0.015151515151515152,0.6439393939393939,2.94,0.0,0.0,0.0,11.94,0.0
5f721a81ee2a860fe028a8a4,926.632,4.5397868702434395e-05,5.0,212.44596777569828,1.0,0.030303030303030304,0.007575757575757576,0.4696969696969697,18.28,0.0,0.0,0.16666666666666666,40.82,1.0
63ea5b93d1c6d38e1f57dcfa,405.089,0.0576673744366763,0.2703931176953221,184.415173230566,7.024764785060412e-14,0.29545454545454547,0.0,0.45454545454545453,4.88,0.0,0.0,0.5,18.4,1.0
6400d9235287137e7b62fd29,389.938,0.19840283984366966,3.6138967595571283,210.07330307699328,0.029383507002205433,0.2727272727272727,0.015151515151515152,0.32575757575757575,2.58,0.0,0.0,0.16666666666666666,8.35,0.0
63ee5e103b44d07673cc8bd6,295.246,0.12539258402405995,1.4541860039182504,206.58828973323583,0.0006199733113140214,0.3712121212121212,0.0,0.3181818181818182,1.33,0.0,0.0,0.5,7.76,1.0
64141beda1cef49212be9b6c,298.977,0.0014949158188736161,0.2,212.30910420665276,0.6010597764932002,0.8787878787878788,0.0,0.20454545454545456,2.63,0.16666666666666666,0.0,0.16666666666666666,11.64,1.0
63210b26bd58960c97b47ddc,507.383,0.030983677426325903,0.2,172.47289448323255,3.8481840648789774e-19,0.045454545454545456,0.0,0.2878787878787879,9.05,0.0,0.0,0.16666666666666666,8.74,4.0
6414cd5e294152ef610c1272,480.118,4.5397868702434395e-05,5.0,212.44588647422682,1.0,0.49242424242424243,0.0,0.10606060606060606,18.21,0.0,0.0,0.0,15.54,4.0
62acc04d0a7788636b0e9915,470.599,4.5397868702434395e-05,5.0,212.44721142802476,1.0,0.3484848484848485,0.0,0.5757575757575758,16.72,0.0,0.0,0.3333333333333333,30.19,0.0
61010ed79b9d528dcd376bc7,385.539,0.16413270238806282,1.2176434622846304,200.64036806599762,1.1791934359907351e-06,0.696969696969697,0.007575757575757576,0.3787878787878788,8.71,0.0,0.0,0.0,24.15,1.0
63e885e4e1fc973179d56f63,566.653,0.0046070975949976875,0.2,211.34072241965083,0.13710409125371584,0.007575757575757576,0.007575757575757576,0.26515151515151514,5.48,0.0,0.0,0.16666666666666666,25.03,1.0
63f477547d2302b4346299f4,854.233,4.5397868702434395e-05,5.0,212.44765581974627,1.0,0.18181818181818182,0.0,0.5227272727272727,72.64,0.0,0.0,0.0,124.41,0.0
6111803025c0b80658532a61,420.391,4.5397868702434395e-05,5.0,212.4470573175584,1.0,0.0,0.0,0.38636363636363635,4.01,0.0,0.0,0.3333333333333333,6.83,0.0
5efc1d4ee23e2a011ded073e,351.429,4.5397868702434395e-05,5.0,212.44580455409562,1.0,0.29545454545454547,0.0,0.4015151515151515,2.76,0.0,0.0,0.0,8.68,1.0
641bb28bd1adb042a01a9d5f,306.311,4.5397868702434395e-05,5.0,212.4458590817028,1.0,0.553030303030303,0.007575757575757576,0.24242424242424243,2.41,0.0,0.0,0.5,5.46,0.0
60fcf7102d7c9907d95a0920,371.53,0.552360415818616,1.2793220466297361,183.38681693375895,2.4686034449479888e-14,0.15151515151515152,0.007575757575757576,0.3939393939393939,1.78,0.0,0.0,0.3333333333333333,7.77,0.0
63eeaedb26e599e86e8f7929,664.178,0.038998026716004344,0.3334201418528464,193.0725964960962,4.825955438398159e-10,0.0,0.0,0.25,28.76,0.0,0.16666666666666666,0.0,25.14,0.0
62b33e2a447824fbd0770025,553.928,0.016680197193935466,0.5145477887004234,209.3750601778553,0.01320461119086535,0.007575757575757576,0.0,0.13636363636363635,7.47,0.0,0.0,0.0,26.41,0.0
63b6cc23f13731158517f900,551.233,0.05579742527308829,0.2,167.2412111273636,1.9366484710308316e-21,0.0,0.0,0.23484848484848486,5.87,0.0,0.0,0.0,26.08,1.0
63ced96b01986b01ef133497,521.014,4.5397868702434395e-05,5.0,212.4469027120836,1.0,0.42424242424242425,0.0,0.6060606060606061,15.98,0.0,0.0,0.0,37.02,1.0
63f0fb9941434d10e8e4909b,1222.505,0.027443585255339714,0.2,195.11381997138307,3.918168729331951e-09,0.0,0.007575757575757576,0.3484848484848485,24.77,0.0,1.0,0.3333333333333333,78.76,0.0
5cd10012174fc60016c10ffd,506.296,4.5397868702434395e-05,5.0,212.44814589403242,1.0,0.0,0.0,0.030303030303030304,7.37,0.0,0.0,0.0,33.69,0.0
641359eb0e2dc93999637e35,860.386,0.0019830460151714978,0.2,212.08049418003378,0.3926821269162112,0.007575757575757576,0.007575757575757576,0.2878787878787879,14.53,0.0,0.16666666666666666,0.16666666666666666,75.07,1.0
63d2bc12a843f8466a8f83e0,546.348,0.9310323825893242,1.0295759346777322,143.01326115118513,4.7141137263825527e-32,0.007575757575757576,0.0,0.4318181818181818,13.8,0.0,0.0,0.0,71.33,1.0
610b416fd4f5d1dcfaa28d7a,465.434,0.5608095542005584,1.1061213255606486,173.48152554576527,1.0683556275293441e-18,0.0,0.0,0.24242424242424243,10.85,0.0,0.0,0.16666666666666666,12.14,0.0
63d9f31dba727de153019798,336.128,4.5397868702434395e-05,5.0,212.44831873926208,1.0,0.6666666666666666,0.0,0.553030303030303,5.47,0.0,0.0,0.8333333333333334,21.47,0.0
620bdd8ca922fc3f247f6c82,335.259,4.5397868702434395e-05,5.0,212.44625820714327,1.0,0.25757575757575757,0.0,0.26515151515151514,3.28,0.16666666666666666,0.0,0.16666666666666666,5.62,0.0
